optimizer_gain,dither_amplitude,dither_frequency,converged,convergence_time
0.00179462466609691,0.409214606332658,0.762316774830248,0,NaN
0.00156704262557877,0.45755416950812,0.652943698490164,0,NaN
0.0822268533186696,0.146464127244854,0.618752607681994,0,NaN
0.0873344447624176,0.482795382247646,0.463045232671019,0,NaN
0.0398621700761591,0.479011804639043,0.594150259489137,1,11.82
0.0678376899087228,0.0795243059273355,0.56870451305051,0,NaN
0.0204871429761546,0.398181591484182,0.783796970557161,1,7.58
0.0737881285187322,0.0274987225013529,0.739651722347511,0,NaN
0.0306383191839992,0.342580225880309,0.703096052231333,1,14.98
0.00219975024946117,0.202191239571742,0.662191156071023,0,NaN
0.00357969454503577,0.355962583129608,0.412733138550968,1,24.51
0.0443522500068928,0.0326239814092654,0.438852712494339,0,NaN
0.0795140908522387,0.35046602525815,0.526839792024344,0,NaN
0.0057958470244692,0.0268785794464253,0.575497743862559,1,27.38
0.00236453207222452,0.385103226193011,0.718079960454825,0,NaN
0.0196167031525715,0.249984553936233,0.57823448028436,1,15.77
0.00356492300151117,0.357588767120456,0.701874672792944,1,69.14
0.0021145768357281,0.343054311658301,0.662039201589536,0,NaN
0.0830783604267737,0.0683088639636046,0.599345620792857,0,NaN
0.00280300504212531,0.176789006066405,0.634107100391911,1,68.23
0.0102781299265477,0.37812085905977,0.502038046183708,1,6.82
0.0829054059931463,0.352547594101776,0.756361301014319,1,23.76
0.00198878580314706,0.278135609682264,0.455449777131472,1,64.42
0.00322525723361389,0.136179044520631,0.736286902393465,1,71.03
0.0721983456661531,0.40899956477372,0.497409987489996,0,NaN
0.00317810115359836,0.181492045332556,0.478638100172483,1,34.16
0.00505032136323023,0.311861891311853,0.589315539561092,1,30.44
0.0125732403204198,0.417106027669183,0.63410563646109,1,10.16
0.0326889114145788,0.459424895276607,0.514335607528149,1,23.37
0.0136660586883263,0.379327256196463,0.552178338790143,1,9.09
0.0115237839119304,0.0471686018859012,0.421580047466643,0,NaN
0.00181891505232252,0.391791942749985,0.773604273691673,0,NaN
0.00105634100612076,0.288723593827374,0.587756256423282,0,NaN
0.0387765423794366,0.175190095755452,0.464872923277297,1,29.01
0.00214435882248563,0.162495370601954,0.611413254202485,1,87.64
0.0203309745610791,0.304971151286802,0.505188513816058,1,14.78
0.0079631188382765,0.347715106538604,0.699260637129484,1,22.5
0.0670926155789021,0.051072475218497,0.491590787486728,0,NaN
0.0119312204608855,0.0846652292949193,0.730326790995819,1,11.33
0.00767991723151236,0.498106011147174,0.431270211501273,1,11.67
0.00102157074698579,0.0622598573884863,0.784759232342021,0,NaN
0.0546247435061829,0.389706127708636,0.726921288261373,1,9.52
0.00330933555784925,0.0513735643003461,0.559913059639559,1,36.4
0.066266676358449,0.402033555309911,0.572565530985418,0,NaN
0.00195469031329307,0.0991050438683977,0.505521166608796,1,68.31
0.014434746946586,0.0766735937672452,0.747716883056036,1,10.22
0.0508232268248788,0.279431498899803,0.457981919289491,0,NaN
0.0106291633096367,0.314807014427682,0.540380952356908,1,6.45
0.00301878586013594,0.206885936538451,0.430386676676337,1,29.48
0.00301929154840011,0.0704262780692311,0.473563115312967,1,29.32
0.0638899016847859,0.214460863851341,0.419861772130297,0,NaN
0.00951711411603876,0.472945722963607,0.596345636987232,1,16.08
0.0054763798299599,0.175482510812475,0.760021538567065,1,39.3
0.00601835323138649,0.0644893500939558,0.712100827328455,1,27.15
0.0015592259365689,0.128428730097778,0.561564858235246,0,NaN
0.0817088466766455,0.0746669133771042,0.776820236310194,0,NaN
0.00294821958407446,0.291852211588448,0.423911817178862,1,32.87
0.00107351193040636,0.183047699898815,0.728477616079184,0,NaN
0.0198715136741606,0.0310816628123258,0.467596011785082,0,NaN
0.00797714365176388,0.368543968972748,0.659098385254523,1,20.34
0.0308592675750654,0.278034357220309,0.518528322243109,1,21.86
0.00232821086425748,0.102587957365947,0.674710173346126,1,89.43
0.0363458533801686,0.190557452280265,0.650247424291876,1,7.95
0.0355979802045207,0.0497516267442348,0.771754388387492,1,6.78
0.00782649836513806,0.248527899877554,0.574343435432368,1,11.55
0.0105085580668798,0.160111241288113,0.603403462152451,1,6.13
0.0194373144411832,0.410637577077908,0.717932566753381,1,7.16
0.0116319138662852,0.195518597503532,0.724632183312991,1,10.42
0.0564788211014845,0.181856280752673,0.775600624799955,1,15.45
0.0149310176574968,0.279576608020227,0.648990034400491,1,5.68
0.00874674966480243,0.111793723439184,0.520498532111796,1,4.81
0.00245204580755258,0.122939198503664,0.737723517078156,0,NaN
0.00285317621952439,0.120701672676475,0.468283218859143,1,35.54
0.0702682736951713,0.223492355210911,0.524440914660165,0,NaN
0.0645300404528965,0.220801621751496,0.473926528049654,0,NaN
0.00166816285636144,0.490076705394482,0.575547989250441,0,NaN
0.0154807553746928,0.136451700996913,0.563487938445021,1,3.37
0.0264503583881086,0.138483756412614,0.641137235752833,1,8.08
0.00392059287601295,0.118655899668448,0.446967060342322,1,16.48
0.0103685152155016,0.166201367943682,0.569666703885523,1,5.71
0.0399971683084662,0.0519027405741216,0.504992893879333,0,NaN
0.0288842919303289,0.0243179360054517,0.771541655791218,0,NaN
0.00298240871362878,0.249418397163754,0.631410024409376,1,65.93
0.0124054190023347,0.234835925808166,0.785235415714765,1,11.95
0.00950157252920477,0.265356557093961,0.49263775468341,1,5.06
0.00618059706524223,0.315789443205108,0.671654216346299,1,29.71
0.00118981032261598,0.190043957786794,0.795192801264653,0,NaN
0.0391171987966074,0.443732324019213,0.765314731055696,1,15.13
0.00468504406438191,0.0583690165412314,0.504748473548286,1,17.08
0.027698420053406,0.343066696174896,0.454621254942148,1,22.87
0.00973526714062595,0.0623133121875483,0.661502939467424,1,13.4
0.0641861196144904,0.391735344383325,0.686014831360278,1,26.51
0.0249742045618397,0.446552027122087,0.533665221094999,1,14.76
0.0307714896324166,0.106926815076105,0.412216378521855,0,NaN
0.0644828874242311,0.255010993439198,0.591968856458424,1,33.84
0.0523461338451538,0.308834657727054,0.647066555835382,1,17.92
0.00232190763086885,0.404689818019546,0.630688606245874,0,NaN
0.00114116463667597,0.127566685178672,0.754604773230441,0,NaN
0.0906486413597716,0.25005168037099,0.467170858272903,0,NaN
0.00875339948427036,0.359220291122668,0.600188649661937,1,13.57
0.00121580038059834,0.0392132451140232,0.672788761659625,0,NaN
0.00156120542438569,0.0450082776543148,0.608659936985714,0,NaN
0.0278534621253531,0.410892791391216,0.727018836831715,1,16.98
0.0108940630643748,0.0834340668142037,0.663842101163323,1,10.17
0.039871369285075,0.486757531834293,0.659596597084942,1,13.74
0.0447329552846157,0.232360877276191,0.572956601513385,1,18.09
0.00222216972397056,0.0509002092808679,0.453268403042865,1,40.62
0.0404323313030325,0.20155952313863,0.732551897135628,1,7.65
0.011317530173022,0.0396308777932479,0.55970310824543,1,7.9
0.0180279655036111,0.214231739286086,0.662743956389483,1,3.91
0.00107392573886023,0.15307219918124,0.572660468099488,0,NaN
0.00163092011768228,0.492191224945785,0.466867363965862,0,NaN
0.00953619835768436,0.192480772627213,0.47924736101719,1,9.43
0.0692889658839607,0.176351772561471,0.780652185911091,1,13.47
0.00345333613315078,0.0358117288635884,0.695143238206799,1,52.21
0.0768199408718764,0.217189451354316,0.619148360485938,1,41.13
0.00400783558897902,0.214694611115164,0.793220986587942,1,64.66
0.0119743770766489,0.353538390391454,0.66653554063377,1,10.19
0.00227124983518238,0.352071704888351,0.666611165361035,0,NaN
0.00219908558983854,0.0727270558628846,0.799632157904544,0,NaN
0.0580407480177434,0.0259744020599587,0.624479917083864,0,NaN
0.00546805774342079,0.337895899221853,0.476173306871982,1,15.84
0.0020549909066173,0.235755709257602,0.7926551803883,0,NaN
0.0056564560955913,0.429206174864497,0.657905814748035,1,38.47
0.00920543089399382,0.103552610665788,0.571301197191754,1,6.55
0.00283384021782112,0.0690996905156095,0.635802993878024,1,61.14
0.00318868959730812,0.198463370941011,0.63319455309907,1,58.93
0.00339282781289972,0.15231592549572,0.646836353757289,1,54.63
0.0288733772031103,0.413944370677529,0.79306535988878,1,9.79
0.00164262349534324,0.178499732016342,0.633627733311381,0,NaN
0.0432037176081038,0.454090993818369,0.751861489792762,1,14.23
0.00110923914007384,0.137756719537178,0.637742500265732,0,NaN
0.00210363064391834,0.218377066904926,0.525087554728246,1,73.04
0.0015433295717116,0.0975954315086604,0.569154275640034,0,NaN
0.0246546377935744,0.303276597690803,0.588369702543334,1,14.39
0.00116736769872283,0.352945046464863,0.655412303308735,0,NaN
0.0115273256266694,0.0437149885678451,0.527839894072198,1,8.18
0.0436478087350775,0.330678396800963,0.563047678816461,1,19.19
0.0115522828330463,0.361995882170883,0.787459732092437,1,16.39
0.0166692982638912,0.169321384092074,0.442251681331609,1,12.11
0.00151931061300726,0.391613098493805,0.569381167585095,0,NaN
0.00364762853986847,0.140571030481745,0.461462687036523,1,23.03
0.00821956305401516,0.225641718110843,0.610857096704261,1,12.38
0.0771338926525021,0.438932083316051,0.607220843344442,0,NaN
0.00302980076535401,0.322477458055365,0.783077575936633,0,NaN
0.0220605497474225,0.341299928893238,0.515625828669791,1,14.5
0.00323281098527233,0.350618844780351,0.427197107388004,1,31.24
0.04884097364872,0.119779615103867,0.667133090805487,1,12.58
0.0224214725306371,0.178786581537511,0.712207861092543,1,3.78
0.00593666289791501,0.013290504016054,0.640868195032718,1,6.63
0.00841198168572964,0.458835709624398,0.400460422851643,1,12.03
0.034699199608074,0.217931029509534,0.584366546411586,1,19.72
0.00876424092117628,0.168011185521522,0.713895717904297,1,16.21
0.0277661756554211,0.0275237393018678,0.470349766273412,0,NaN
0.00481115350881641,0.242008136553007,0.461088480175293,1,15.58
0.0299815222827632,0.30762071474649,0.476698102184719,1,21.72
0.00345241641909324,0.128996303175903,0.766969736819753,1,69.42
0.00375834242253359,0.385095008144505,0.475464790716596,1,32.9
0.0232662551555749,0.0546455972064021,0.630483752265203,1,15.14
0.0194484754434635,0.277830626149258,0.570291536748475,1,16.19
0.018688455941577,0.327332638784615,0.671606701637281,1,5.17
0.0262158175213608,0.473135315423607,0.483573968970409,1,13.68
0.0163910917533269,0.12575298272696,0.447758499118922,1,10.26
0.0210809172650167,0.230567471513289,0.583490197459547,1,14.59
0.0210872135773779,0.387439902253793,0.540087205376442,1,15.76
0.0463269424684403,0.2139177090852,0.736771661076524,1,7.2
0.0146048913020721,0.135656086192282,0.64538429472515,1,5.35
0.00338499516702327,0.274962275190961,0.747976412943203,1,75.44
0.0757982084197317,0.165856296985719,0.447685816421676,0,NaN
0.0189947648763843,0.326320418736537,0.591785289979555,1,16.96
0.0122397308545299,0.276910894158114,0.658924592117251,1,8.3
0.097142493786995,0.363312844084108,0.608998122310841,0,NaN
0.00165727633550492,0.117151549875821,0.442319309300091,1,67.88
0.00788398563191829,0.0411597717778018,0.56183199834305,1,18.37
0.0180215756495438,0.189249926650704,0.705401856339525,1,4.97
0.0882026651386108,0.38827038892158,0.773141428111528,1,23.52
0.0246906585820575,0.10409389121961,0.455549681131662,1,11.53
0.0114997509987706,0.0559718131196841,0.610161761543734,1,13.61
0.0061222734368656,0.431958507582733,0.593941333420841,1,27.92
0.0109674316059787,0.339001258440273,0.696503177381683,1,12.71
0.0148656579068804,0.180379208925987,0.459998901532673,1,14.97
0.0323494226778867,0.138451205686626,0.417781636911295,1,6.68
0.023746093321746,0.128964825332271,0.576960925200777,1,8
0.00615764929857361,0.186021823096912,0.694536029720481,1,28.02
0.00766674161294083,0.344873774814309,0.681618972133706,1,22.59
0.00705698173953423,0.0195930355411262,0.532343152085628,1,11.3
0.0439989558158464,0.142432507481712,0.478821519238182,0,NaN
0.00605851225801687,0.220661490597801,0.755108381702542,1,34.97
0.0414026550050402,0.386866049820265,0.558716606805447,1,20.35
0.00270419391948431,0.379987778513471,0.550958217934041,1,67.57
0.00451992124926501,0.397299536803788,0.779721564739919,1,64.21
0.0464516549291694,0.338919541521353,0.575457993034782,1,28.59
0.0529615829871357,0.386738583690511,0.466901418197889,0,NaN
0.0586897211743943,0.495037355279437,0.605769382602282,1,28.72
0.00251030011345725,0.298132767101164,0.461900939462418,1,49.88
0.0447886148581275,0.209407870198064,0.699482287286277,1,7.22
0.01169844815607,0.39708188467282,0.527409698159597,1,6.62
0.00187320409222665,0.0540758325975847,0.444682297677281,1,50.82
0.00239563589679143,0.342539629352092,0.598070807635864,1,85.25
0.00128809618454087,0.252552854245208,0.459043288790675,0,NaN
0.0723132255051222,0.426849210401614,0.624223810941954,1,50.52
0.0427360543459545,0.351366928272062,0.633116386070336,1,10.16
0.00100240852326298,0.440716813252617,0.795564646431836,0,NaN
0.0954773620646314,0.434064909596382,0.6450265877936,0,NaN
0.0400585487055676,0.268563233975837,0.591809354084088,1,19.51
0.0633439260013919,0.121643038495961,0.599237716478556,0,NaN
0.0300110080952803,0.291583997373792,0.738071274021615,1,7.35
0.0215195127962657,0.297133647554973,0.49869381039439,1,14.16
0.0209840405051523,0.0509065786652851,0.650383914068633,1,7.35
0.0921735778892956,0.367578409105438,0.756300846530129,1,30.93
0.0718829885390568,0.386824251814589,0.632578595150159,1,41.75
0.00174469349648701,0.294244279221636,0.406793175334905,1,62.82
0.048945339939284,0.432728252162838,0.593718604484841,1,19.35
0.0181872388405825,0.112608491170258,0.62091653661551,1,9.12
0.00530668030148537,0.0256755977236578,0.645885367646856,1,34.69
0.00242672627336293,0.03427096373061,0.595827995670929,1,60.17
0.00196349509740281,0.0703110362975131,0.482197668363072,1,59.14
0.0186378509256977,0.102645365491581,0.417060964364457,1,12.51
0.0245655266308344,0.148114759381411,0.615438671218136,1,8.82
0.00776902163014475,0.254566846606469,0.614320422300445,1,14.62
0.0508155125779942,0.0707268160230544,0.596142917387207,0,NaN
0.00261169656287925,0.438224428872249,0.508117732917079,1,66.96
0.00682429674543264,0.286839989661719,0.656124730065103,1,23.2
0.00145929271426292,0.110928002610799,0.779173248517268,0,NaN
0.00215238958421162,0.0617976190250435,0.456816448761599,1,45.02
0.00127102993937574,0.314269735528301,0.629483905936479,0,NaN
0.0299008343906419,0.466288678458042,0.691464672671309,1,16.53
0.0739282180057945,0.0410682053394809,0.744176225215293,0,NaN
0.037249288229058,0.492355172998076,0.743575526673547,1,16.44
0.00626872175362649,0.261554935107912,0.471040984202346,1,9.67
0.0755585146996536,0.0756263129841059,0.412355819497981,0,NaN
0.00463310949071803,0.157639971647332,0.518213533790143,1,21.34
0.0011231981073748,0.238863411644138,0.659279362586463,0,NaN
0.0510740031046049,0.422681240085474,0.623613017995478,1,19.23
0.00128374560238201,0.180460805220358,0.578410659222041,0,NaN
0.00458836533910807,0.0967826915566635,0.66512322478439,1,36.34
0.0948060074459949,0.450258207538807,0.447262079378684,0,NaN
0.0997661562445799,0.274591228528585,0.682766967729105,0,NaN
0.0085051089887072,0.151046178959417,0.565809015557243,1,7.71
0.00158651097363788,0.384338968461059,0.727281615563068,0,NaN
0.00129840260496276,0.0972773074045155,0.543853965392832,0,NaN
0.00224562926484601,0.265723980094027,0.53433958987077,1,71.89
0.0224275769106899,0.112383870256636,0.762061423601786,1,7.29
0.00161444461061227,0.239549417952959,0.764852989695849,0,NaN
0.0132960564582689,0.375317576113841,0.694506982238655,1,10.3
0.00397991668012997,0.100255107782608,0.638884540135142,1,41.22
0.0616429410061782,0.0757202370860544,0.485040613343537,0,NaN
0.00128088100248601,0.0450118782656518,0.496994623574688,0,NaN
0.0622848900229628,0.226443807961568,0.405313280186901,0,NaN
0.00411845001300924,0.10636251377014,0.437348206702037,1,12.2
0.0978992704225064,0.233468256753433,0.440667757449902,0,NaN
0.00133073151645464,0.172725488391725,0.518938726355169,0,NaN
0.0102531257755282,0.156139546225004,0.418540505959272,1,17.44
0.00151280622028513,0.383098684478156,0.652427999685437,0,NaN
0.064605499477797,0.0496225873338537,0.710896214619577,0,NaN
0.0448350559145465,0.27154825636583,0.443661684816983,0,NaN
0.0310904390745137,0.175667882213064,0.517589221210594,1,20.01
0.0216686693785418,0.0150649429882642,0.419378935701289,0,NaN
0.0288017513308336,0.305699312077077,0.610440986318225,1,13.46
0.00376663858739837,0.356554207804557,0.712550820719711,1,66.43
0.00620928487383041,0.349340673329394,0.622667933985605,1,26.19
0.00473334029164152,0.0401794268564427,0.71207021259647,1,37.39
0.00162041585518393,0.307854294558843,0.696501619800887,0,NaN
0.00934240772834433,0.0726653060936676,0.619816042806079,1,11.84
0.0294226758650805,0.446333082800375,0.719584111525152,1,17.07
0.00150333206014405,0.0351526241950618,0.42915411963959,1,60.2
0.0233040361234097,0.401191923415837,0.777203255828281,1,6.33
0.00166229064695387,0.0747206482996458,0.689089815862706,0,NaN
0.00454598951282998,0.0675714975543981,0.65628716918637,1,33.99
0.0146680189683849,0.330367891071929,0.699652585241408,1,7.92
0.0295063223987866,0.372615840714011,0.493930765899162,1,23.11
0.00148754139397093,0.485593277292441,0.746772116700766,0,NaN
0.023445362141597,0.189553941996407,0.547679521732007,1,11.56
0.00543633031494573,0.302991401338106,0.715745577456762,1,39.74
0.0349838686866547,0.110953651157545,0.434666618958213,0,NaN
0.0126927890978046,0.110780515517732,0.555308652419121,1,4.59
0.0093102371787673,0.122187093491319,0.656776248159675,1,10.84
0.00158932474328069,0.0844043073069706,0.712772786635201,0,NaN
0.0115277490604895,0.154092503541728,0.494949207882232,1,7.69
0.00162066216787144,0.054834378356312,0.562126167952237,0,NaN
0.00382948731969082,0.0650191414564531,0.713771156297565,1,50.56
0.00732773892814593,0.305731384987935,0.785769066886361,1,31.16
0.00733305010258201,0.350428575362791,0.703239710115782,1,26.24
0.0737088604120887,0.331194039503733,0.443902020289221,0,NaN
0.0394149082929777,0.101855795146626,0.506471535563056,0,NaN
0.00619460316997098,0.248925849962623,0.707583305623548,1,30.47
0.0222121106482701,0.143740009120608,0.414893853628131,1,21.61
0.0165849565693715,0.220486585033408,0.580695693961894,1,7.8
0.035111085931274,0.0391076154605558,0.526324575335546,0,NaN
0.00182097046043468,0.351252164612986,0.450132872443672,1,75.53
0.0070180873662836,0.0552526459724088,0.403128117427734,1,13.62
0.0115456552957006,0.331230855719578,0.68916900987681,1,11.09
0.00179060474353505,0.0633207897537923,0.652706549411395,0,NaN
0.00192333306065227,0.0758086191136516,0.439437637084399,1,51.2
0.00431478887496377,0.0924431362608486,0.478499568902782,1,15.51
0.00317748633876724,0.165050209581683,0.487025323769128,1,34.95
0.0129263492418803,0.447531978590129,0.681289289822516,1,12.48
0.00142788626544969,0.10037249720125,0.484812337012928,1,93.89
0.0130490211040675,0.457762201281988,0.682686087078772,1,12.69
0.0175790142649656,0.16358020506893,0.46648142516086,1,11.68
0.00327781547408919,0.494088020126723,0.468172809222753,1,51.28
0.0233449062350485,0.20443166613024,0.429597907830775,1,21.82
0.00637335295732415,0.207170283021119,0.79313408055758,1,35.32
0.00579015792146409,0.314129254127793,0.461747922191709,1,12.19
0.0552360029111739,0.0889556462061868,0.703244972530968,0,NaN
0.00387522807243875,0.181880604994087,0.674214283499015,1,50.5
0.0156668030454363,0.270008358889874,0.732969354514074,1,7.43
0.00803868633631592,0.174302552045571,0.519690009333243,1,6.55
0.0130809233167437,0.217096370078027,0.543842527188894,1,8.51
0.00722289958412389,0.37384722919395,0.569733913450276,1,16.83
0.00380513903754242,0.0711876517727083,0.40977360642015,1,11.76
0.0820109510248806,0.165585085620621,0.66147605358659,1,32.59
0.00302661230676942,0.468508127664591,0.583154533541747,1,74.32
0.0302897807651095,0.384309992700374,0.703730953252439,1,15.94
0.0230738922872662,0.37440728732879,0.442368166693106,1,25.5
0.0015741186896896,0.236997683510922,0.484865282101974,1,91.76
0.00212392814308174,0.413551492224641,0.470003894952832,1,72.8
0.0107923598276958,0.336333736041444,0.757755750141697,1,16.05
0.0807075455270484,0.354324130405733,0.46143615064776,0,NaN
0.00118338493466365,0.275033199808323,0.671893559284187,0,NaN
0.00173929815381221,0.406509887133959,0.699447548710479,0,NaN
0.0123850818137247,0.267272130733678,0.5303334515053,1,9.2
0.00229866413885733,0.205451568667768,0.566037354645219,1,73.37
0.0703641142731375,0.135139502839145,0.408214309863274,0,NaN
0.00212336540369575,0.330312945614044,0.773045428819426,0,NaN
0.0142819791070072,0.461337655387177,0.717863154155501,1,12.72
0.031907500721905,0.225617441922524,0.503045494684975,1,20.41
0.0342498774245683,0.122048046231696,0.425674834956759,1,14.67
0.0192363051099821,0.338889070824702,0.686085005914336,1,5.19
0.042882510808486,0.215333663876193,0.55630483288167,1,18.32
0.0378570727692056,0.165539653191366,0.725815909160261,1,6.75
0.0186776734307385,0.427609306268484,0.602254647028702,1,9.83
0.00131837099456134,0.475938263535286,0.577585662007524,0,NaN
0.00513035365530462,0.434707449529666,0.652475493707604,1,43.49
0.0201791164203978,0.498531603087257,0.489668599593251,1,17.08
0.00192474995692207,0.306445414535047,0.554898172593254,1,94.58
0.00233453601851848,0.0223161429979995,0.568444901506097,1,59.21
0.0482081177307405,0.365629881060032,0.548145074606079,1,37.5
0.00225792813552875,0.369772548684723,0.628410349129752,0,NaN
0.0706580732242097,0.479118171071904,0.506128814477168,0,NaN
0.00149623806482581,0.11964749830155,0.549425523057058,0,NaN
0.00123055835924185,0.32365710864089,0.472246755101243,0,NaN
0.0209523938459357,0.364355004799717,0.538975058232716,1,15.67
0.00110484061071378,0.198095614525266,0.650938600977387,0,NaN
0.0310237983350077,0.456179294376284,0.720223462511524,1,16.74
0.0171616272404038,0.408425278669273,0.553322527450212,1,18.23
0.00354927386884562,0.291992481254379,0.612020681906006,1,52.4
0.00285381392049996,0.131828190234366,0.580655508180789,1,55.68
0.00114811105979541,0.404180295970404,0.794441696758388,0,NaN
0.0401960040315431,0.272475453426946,0.434830887960357,0,NaN
0.0756478734087103,0.494681005753167,0.4267785033591,0,NaN
0.036937964550499,0.0189069914819809,0.673535445498542,0,NaN
0.0628072528155944,0.271727408262537,0.754143780372457,1,16.34
0.0027264854689928,0.316709436779443,0.455147596965023,1,44.27
0.00163637681323117,0.0992491271863125,0.416727945589182,1,60.66
0.00511577531423912,0.312057307691986,0.775864404064427,1,49.79
0.0778320336361072,0.211208254129162,0.793739766793781,1,13.7
0.0341714001773269,0.341555892432434,0.795320904925314,1,15.65
0.00307843915038762,0.174982639551823,0.664952744159792,1,65.44
0.0113682511834886,0.154798552907482,0.672071348492201,1,8.24
0.0316986022079972,0.211680821569692,0.641055287214559,1,10.21
0.0146940406689863,0.29593125538836,0.620717005974387,1,5.58
0.0274878181944334,0.260791760779653,0.43303709079948,1,32.24
0.0876027279606461,0.498116494535466,0.541813721982769,0,NaN
0.00811689129951627,0.179759893037176,0.754617544704123,1,21.68
0.00178364809664213,0.212579371620199,0.48709282734292,1,78.57
0.0367912163272866,0.16136815084774,0.690441772665933,1,6.62
0.0485765509939085,0.34995593134358,0.403920900905225,0,NaN
0.0012170816423663,0.461942678920175,0.70838168826957,0,NaN
0.0287757128472841,0.195311207154607,0.681735849793347,1,2.81
0.0221851479852461,0.119895764625612,0.507621892709346,1,8.82
0.00297091252894349,0.243971176886162,0.649486565066977,1,69.28
0.0341856101666044,0.0967906397041751,0.731857354279034,1,5.93
0.00231448841450246,0.467894353827952,0.443155562033745,1,65.88
0.00243495343818551,0.0585566883870046,0.595905520769379,1,64.53
0.00122555030822731,0.448986871158358,0.439635859872726,0,NaN
0.00420610504749392,0.283074626344333,0.70899802687505,1,53.76
0.00263203266059949,0.0977014148640242,0.535582271299087,1,51.29
0.0181070573575868,0.259974734684973,0.762545729306086,1,6.74
0.00128597708660611,0.059751605518033,0.556341901090542,0,NaN
0.0988827871291023,0.255628627469575,0.572688468753699,0,NaN
0.0615028882339209,0.407685264687708,0.594260667959207,1,44.28
0.071566940261919,0.0773978314358617,0.556001965778114,0,NaN
0.0172454593706479,0.459571977883897,0.685429604637726,1,8.79
0.00177642992832725,0.178211066218259,0.774410930675908,0,NaN
0.0463771408990454,0.367986827137796,0.658590972970326,1,9.87
0.0468210362090865,0.2051582918272,0.699928883744254,1,17.1
0.0908360550570355,0.168005594707507,0.620904646743342,0,NaN
0.0173357689601313,0.279161181178968,0.532169443842641,1,16.41
0.00672669129686495,0.186711919791079,0.702603817400778,1,24.99
0.0881998344890664,0.251249101148619,0.677897293253044,1,39.27
0.030070763466888,0.170599930641769,0.73512127323143,1,5.44
0.00517294632755964,0.477545483625976,0.412769051801591,1,18.26
0.00288912368502128,0.334700378800735,0.512600623659396,1,51.78
0.0151780963658889,0.358452990078359,0.649829166797323,1,6.86
0.00498390341097078,0.333614603493175,0.419021869245546,1,13.04
0.0269209280047785,0.231156884374314,0.496361998848044,1,22.18
0.0289802187590535,0.429529323083081,0.512603078047421,1,24.15
0.00189323023467109,0.077503817334563,0.734689112699887,0,NaN
0.04106946914765,0.298222598840852,0.546462720181975,1,19.15
0.0567671965059991,0.256852585030316,0.595837735489342,1,25.94
0.0845396749552525,0.183039488340088,0.579777422628699,0,NaN
0.00239008687088166,0.030725920978126,0.789183333656254,0,NaN
0.0223988041711451,0.336888947019637,0.634575845871567,1,16.35
0.0419084665606299,0.186900804105384,0.648111370828434,1,17.58
0.0890437280051225,0.0194361639329293,0.43354940331316,0,NaN
0.00641183423835119,0.329161270883523,0.492495126465741,1,12.92
0.00327862948511864,0.0697900539435435,0.507375528558913,1,30.47
0.00496609838703965,0.172515966983888,0.460893605145179,1,12.05
0.00154367823228649,0.0696126426107858,0.753661223099864,0,NaN
0.00124394999891242,0.46571990679267,0.559607987613822,0,NaN
0.0388476108558342,0.177763016548763,0.694386463552066,1,6.95
0.0612724705664958,0.277003890139889,0.674489385193616,1,16.53
0.0012370382049046,0.0368479770606689,0.521464551886806,0,NaN
0.0277655670244163,0.105783614180561,0.68806632100661,1,6.6
0.00138474138135377,0.440121544864248,0.632973185794964,0,NaN
0.00373158821510116,0.462144839392655,0.720148836940443,1,78.61
0.0269995256544716,0.276394984092267,0.793910494788244,1,4.47
0.00873472891797427,0.4210951026917,0.573304224403179,1,14.4
0.0314801603088446,0.284749571411832,0.507636617412399,1,21.53
0.00412563843213909,0.256905008995639,0.658723866509112,1,47.53
0.00530784902771801,0.0779750716782908,0.590229173519025,1,20.83
0.0217282339395308,0.396175579915288,0.712118328337644,1,9.57
0.0131729005091713,0.075416891234043,0.408622354881399,1,13.93
0.0915813986956611,0.15740131885405,0.775763885549383,1,24.94
0.0619758801145672,0.150443990558187,0.720328114780614,1,12.57
0.0771725911514159,0.302788022640737,0.753606694289528,1,15.19
0.0142402166181512,0.279087462835752,0.691354729837743,1,7.67
0.0196157046908594,0.0226701608307384,0.578612391313926,0,NaN
0.0748633630274715,0.265389446809485,0.548925064311805,0,NaN
0.00555991919478646,0.416471084017992,0.739634191981782,1,46.87
0.0736212550931437,0.30066044185706,0.749021025859024,1,15.43
0.0203095913073022,0.337547494437074,0.482710583174042,1,14.89
0.0215706417692774,0.0453052600981184,0.562690766035746,0,NaN
0.00931314883770934,0.467525573177506,0.724380012895306,1,25.18
0.0878156632868886,0.380807112932101,0.566818981497107,0,NaN
0.00599470134952976,0.494107603603108,0.745659011612481,1,52.62
0.0370549461143685,0.232823495739165,0.498674879055232,1,29.2
0.013078858682756,0.442590426735696,0.765484672517207,1,15.5
0.0630125375243766,0.303445370345641,0.45955068813502,0,NaN
0.0629944054008429,0.230692854519537,0.482268935785585,0,NaN
0.00371450062748678,0.383666914292881,0.752994522960119,1,75.24
0.00176047550930106,0.339880733361606,0.66571196176722,0,NaN
0.0271231097498574,0.209586027297838,0.510114780526276,1,21.73
0.0449943295238617,0.148858346998179,0.758479542739798,1,16.41
0.0245250773253292,0.201112991278859,0.599161177185675,1,12.2
0.0141082881670477,0.418840810538969,0.643851875870293,1,8.74
0.0267664741216264,0.169760663752168,0.582569840340699,1,9.22
0.00108949577258034,0.443358472185238,0.688342268326773,0,NaN
0.00751000728578819,0.34064046889286,0.575403529694605,1,14.96
0.00446386320575462,0.0673480415577723,0.725872675807433,1,42.75
0.0056413660424007,0.130651775974974,0.537085288449312,1,14.87
0.00618934166360343,0.27781135861065,0.624768061706391,1,23.98
0.0206567067516028,0.205084130970355,0.606146887684629,1,5.89
0.00631189100416854,0.47594844714983,0.688939405730999,1,40.07
0.00132109346384494,0.417616956271607,0.453735336691483,0,NaN
0.00445081804954468,0.0512810556341832,0.465559327331883,1,17.62
0.0120173908896881,0.157846120830277,0.404672396452136,1,14.97
0.0182928938402603,0.0567326193876326,0.458605942576893,0,NaN
0.0138572437065136,0.431067001600105,0.789688652495485,1,14.6
0.0107378395362399,0.498456605141725,0.621416629398213,1,16.49
0.00962969445042145,0.172034212335231,0.572000719357359,1,6.22
0.00134668859490922,0.0448081711173468,0.755095686213086,0,NaN
0.00615275140788465,0.22373062830841,0.730651802647557,1,32.13
0.0592202284117236,0.310602692035578,0.727456294032884,1,17.35
0.00328976217476648,0.466244697468738,0.476313859203649,1,47.2
0.0101784152226285,0.449954185571747,0.637344744154444,1,15.69
0.011581860748079,0.310276698529424,0.72776889689275,1,12.21
0.00717499891348199,0.109016797308731,0.581557386272209,1,11.18
0.0245912102999216,0.48336584730988,0.64802202165339,1,17.62
0.0108138624477118,0.36288065988881,0.538758076115045,1,6.97
0.0133079785171687,0.28278036968593,0.462598087645618,1,18.02
0.0470479647876257,0.350453611663144,0.570582214284095,1,28.62
0.00809887588944003,0.368379662419347,0.544012416834309,1,12.1
0.0294131956222015,0.199331050310164,0.710221856900214,1,3.34
0.0777010655173847,0.220836144086336,0.677501029653565,1,6.74
0.00165450650515218,0.394273973133553,0.682228743252428,0,NaN
0.00829392484930315,0.201066022006678,0.636361892162135,1,13.4
0.0465991636458519,0.0346665935020875,0.491475033608088,0,NaN
0.00143264340883172,0.0176658994212982,0.745484346022346,0,NaN
0.00272889985028934,0.337830869139962,0.600084529712441,1,73.2
0.0219954304727696,0.290091705448004,0.448875660369368,1,25.2
0.00129624184482801,0.303796918580179,0.422390462955116,0,NaN
0.0074190977200563,0.0847253121312104,0.407848426706234,1,13.29
0.0109713186947249,0.417788522888581,0.646956068581634,1,13.06
0.0654793570506871,0.433295429237469,0.439079167264577,0,NaN
0.00193335695099962,0.0629281801270119,0.606798703238778,1,90
0.0341478997087476,0.284091580477472,0.401831849578929,0,NaN
0.0941751996485465,0.425867520964558,0.766728508101495,1,31.25
0.00159038043311513,0.257515219881423,0.508568649767006,0,NaN
0.0335563095346938,0.258845927106473,0.634243650280751,1,11.13
0.0108132944565227,0.0506516980641665,0.664638477233086,1,15.6
0.0151693284290149,0.0938135285874691,0.775423145732737,1,9.54
0.020503482907204,0.225910993572812,0.776767572124513,1,5.73
0.011621093755244,0.231453397537589,0.735878968287868,1,11.38
0.00542475102608054,0.281404662237725,0.672026212033344,1,34.71
0.0541719051451135,0.127252397034837,0.631569396983637,1,11.04
0.00772132216655216,0.209320612505461,0.445046056410019,1,9.95
0.046422350566703,0.157090356594811,0.560554741525797,1,18.96
0.00525893480328694,0.207778044759067,0.556070375252243,1,21.94
0.00149152384812455,0.0787251260420277,0.504052077644976,1,92.99
0.00393650464558677,0.220404695172045,0.502913113907944,1,28.42
0.00977538447476507,0.218180621735267,0.447682903768515,1,10.11
0.0371655157443817,0.356139541493405,0.49742934907238,1,30.83
0.00101575330931595,0.0463038926618542,0.557553370792679,0,NaN
0.0023897878125923,0.118131677047182,0.400520227480238,1,32.62
0.00223760864195148,0.079817186862276,0.50723039964935,1,55.92
0.0634038764994829,0.0779379960803717,0.639554244147146,0,NaN
0.00923299819785652,0.470296085283277,0.488473782375631,1,10.69
0.0033864540496467,0.19424544680313,0.609512014786348,1,50.9
0.00222692748146797,0.0434950380307063,0.574530830992041,1,64.64
0.00726428776286951,0.0227924829959034,0.78187130963218,1,33.85
0.00103442098461216,0.481163700820795,0.704965793601197,0,NaN
0.0195100136486539,0.343218933825468,0.682380301699553,1,5.15
0.0350535839095373,0.280631823808788,0.487243491913312,1,30.13
0.0605142481805,0.121733878564221,0.548345887589362,0,NaN
0.00432551910937416,0.429624684786848,0.560973419925378,1,41.28
0.065795527875029,0.308231361011145,0.764078090677793,1,16.5
0.0508308366956011,0.299881260364645,0.533028562934221,1,45.55
0.0011650882218723,0.226774967590171,0.761742191287178,0,NaN
0.00228351404771934,0.270888976425065,0.686598938601753,0,NaN
0.00440407155321789,0.174901133642521,0.475085179430107,1,18.28
0.00125163352026853,0.207889788502801,0.619426519942786,0,NaN
0.00304090941665817,0.280838745257682,0.509924561935,1,45.67
0.0818149599290287,0.12914113790921,0.46166377966803,0,NaN
0.0286103845817608,0.468474074003134,0.727485774883298,1,17.22
0.00238550288037038,0.0961477468550096,0.544148390816982,1,60.11
0.0250745976377061,0.0105872144516213,0.526567805493017,0,NaN
0.00755221607137894,0.31637503828773,0.617224870137541,1,17.09
0.0333497337725875,0.150839361066446,0.600663642698676,1,18.52
0.0312842447775952,0.38357994390647,0.630422360598623,1,13.72
0.0102045937563594,0.326311907930848,0.449287807329803,1,10.75
0.00197559962960116,0.1801580432336,0.436859073922042,1,55.69
0.00729495077675594,0.107103153522537,0.668908094982972,1,17.64
0.00104596535481941,0.350257915745432,0.502713825308059,0,NaN
0.0780657087615522,0.270818704819835,0.511756786101186,0,NaN
0.00112127068442471,0.454157200589901,0.557073830389645,0,NaN
0.0876999360378794,0.339004030320505,0.734868254150822,1,31.31
0.014619772126529,0.0378971138632715,0.580129525093381,1,8.39
0.0199563680009194,0.346452529103189,0.687773101038399,1,5.11
0.0145600935854025,0.366188129947199,0.549539066335993,1,9.87
0.0911025321101531,0.0668980712619062,0.423061744485949,0,NaN
0.0840082740117704,0.149563626161703,0.637989719523839,0,NaN
0.00482267737062898,0.101031349070203,0.477215926390811,1,11.54
0.00351911464967637,0.467119968950859,0.556267014647039,1,57.32
0.00561623063195461,0.0844540691249537,0.558843537097381,1,15.61
0.00152414517097461,0.0742462064510726,0.574016287158251,0,NaN
0.0140126658727498,0.311167209426343,0.404391636916325,1,16.49
0.00787117243990851,0.396967630432623,0.494146709260348,1,10.95
0.00983054897784203,0.288985509809617,0.424560576916339,1,19.78
0.0472185765884943,0.324734464946796,0.488506292050842,1,64.4
0.0102801372221217,0.485826863406832,0.738549155077269,1,23.96
0.00297756169093747,0.146649049461163,0.698646888731281,1,72.35
0.0158680767000182,0.47909918799337,0.648104014431108,1,9.4
0.00323984628320626,0.0945762058073576,0.43613869525729,1,21.62
0.0250765354416808,0.430699560317013,0.764426821359118,1,9.97
0.0141940690182615,0.36533935396146,0.491954431542999,1,18.61
0.0948153242086718,0.40720777145389,0.561537347353626,0,NaN
0.0105394482958701,0.0540994193435753,0.528376413059105,1,12.23
0.0129751234066684,0.0396971196184387,0.690275169418338,1,13.6
0.0521816813160918,0.269386352215816,0.731992972813278,1,8.15
0.00802444320416859,0.396624172423835,0.527133221490491,1,12.34
0.0016576190805865,0.378591705324472,0.443944682300274,1,84.55
0.0881662062999524,0.142242995215156,0.609854938158524,0,NaN
0.00382749167974108,0.358100255786303,0.524743978059013,1,38.33
0.018991195063582,0.426675095313564,0.764658969603141,1,8.58
0.0474800508142103,0.135131445992777,0.435466336012913,0,NaN
0.00132451798083224,0.296512123439027,0.779243494158409,0,NaN
0.0452339326325766,0.296474238644004,0.514043234263457,1,37.49
0.00612100892491231,0.103583355941725,0.577011984881153,1,15.1
0.00260139360784737,0.415021249730955,0.670748437375368,0,NaN
0.0220255001449604,0.165871315813629,0.45352439414245,1,22.33
0.0019738382209786,0.289785626976579,0.467906826410595,1,68.96
0.0127159863612121,0.243279061951054,0.76324096660278,1,10.87
0.0407498915361913,0.0261405474474396,0.421545170574222,0,NaN
0.0379566091103815,0.23117367880469,0.553058491823983,1,19.1
0.0265041213898126,0.188500566054899,0.612939973999564,1,10.72
0.0199634708877025,0.437023493817965,0.531475844668892,1,16.85
0.0149292618089095,0.487669712521351,0.430386944517654,1,18.68
0.0033702962957534,0.212804383908946,0.523654570586507,1,38.97
0.00236125498763349,0.3817954698893,0.798086392451901,0,NaN
0.096542367851485,0.392761181582035,0.478319192410693,0,NaN
0.0286898142271385,0.403108169184501,0.569690683961322,1,13.47
0.00516437615182108,0.25419325543654,0.723596106879618,1,41.56
0.066126519010526,0.0458892829000056,0.63639658210994,0,NaN
0.0315006458516037,0.104945308721639,0.572947116613759,1,4.51
0.033678027507618,0.0292003984573157,0.778529995922193,0,NaN
0.00990598417921243,0.283822069749685,0.47353717778631,1,10.24
0.0512511206648629,0.263744344114685,0.79769720425762,1,7.46
0.0064121367756982,0.481577930458866,0.671576403590813,1,38.28
0.00290792514823448,0.468139752227245,0.591793818252993,1,79.78
0.0130953789107848,0.20418222176979,0.682030990045116,1,7.58
0.08411293914691,0.38074904343824,0.798192423422103,1,15.52
0.00170314552731831,0.272182881575517,0.785548051988686,0,NaN
0.0144671727152402,0.0352096636828006,0.521739578254629,0,NaN
0.0120531580208195,0.270172581645758,0.760483237061257,1,12.01
0.0265968137207433,0.221670499319775,0.617066794974537,1,12.19
0.0019276076884027,0.0181706093407139,0.720368352823139,0,NaN
0.00547246985129995,0.244452491722403,0.502734141671853,1,15.71
0.00361050574917185,0.334264807549053,0.467843525381726,1,31.25
0.00450483923347352,0.107128679311781,0.478028613313704,1,14.53
0.00642597074943045,0.441365551585808,0.588440746006299,1,26.19
0.00652997435380231,0.0978234234474889,0.787569998458917,1,30.94
0.00566529013354532,0.42379882427689,0.64613003885234,1,36.45
0.00850958864319953,0.439819057175178,0.71394097091321,1,25.71
0.00721900073830408,0.408848694142258,0.759377654872048,1,34.57
0.0636768567534721,0.173821415614888,0.638658841778099,1,9.14
0.0295061027787302,0.354012560186241,0.550982040828346,1,12.58
0.0120285053229321,0.477510365370895,0.617125245241421,1,12.32
0.00231185682465206,0.162443723405961,0.428493828769833,1,42.54
0.00104391472610736,0.0555645741666322,0.585395699104897,0,NaN
0.00100655640425835,0.458362696750537,0.657096695653242,0,NaN
0.00812703799240397,0.0248887835225097,0.483388089322128,1,9.37
0.0284550401214139,0.0723603563293154,0.403459075151236,0,NaN
0.00746987411981634,0.183517068367727,0.71217837843841,1,21.72
0.00125679314441565,0.223911843362411,0.419685272142595,1,93.96
0.00303506579547671,0.0546390859523964,0.637614812577649,1,54.19
0.0845715717380264,0.42227085996635,0.742885105636242,1,23.94
0.00283411377986448,0.249560895218696,0.488124040227453,1,44.8
0.00495603427139656,0.273026024211285,0.704843883684459,1,42.63
0.0683395448055331,0.236003562101835,0.655729504879743,1,15.71
0.0143046670038673,0.0891705612062621,0.686254161666989,1,9.29
0.00611087655598683,0.222316498832468,0.753697113052438,1,34.5
0.0177011347688507,0.0976978247875887,0.653333432128049,1,9.01
0.0997598338771376,0.170691382516892,0.721186126383295,0,NaN
0.00291393789865863,0.490679298856752,0.450814776877943,1,54.34
0.00166578383216024,0.0215799086625303,0.642973044160742,0,NaN
0.0124814647619241,0.209655158860415,0.753630722664785,1,10.36
0.00761879964785488,0.190811507588692,0.483338393125339,1,5.31
0.00874030306351364,0.47853611456618,0.449610366659217,1,9.71
0.0241685330184625,0.429879200613275,0.417356188626781,1,25
0.0018516589556343,0.489702878670769,0.513307159396855,0,NaN
0.016662415683154,0.345787045362217,0.763781822299758,1,8.43
0.0322737301171319,0.450991570252102,0.477373500775637,1,23.11
0.00204851741665187,0.17966775116574,0.567450165721085,1,83.37
0.0299999715747133,0.411310286124152,0.649969411138511,1,14.93
0.079722449303328,0.404505086146407,0.426889063025271,0,NaN
0.030535858984006,0.253812735400859,0.702058361880209,1,2.2
0.00821518676346484,0.417253492097955,0.462600738700081,1,9.29
0.0467925239295227,0.312869243086247,0.77287334201882,1,2.36
0.0146384000833505,0.448757523007752,0.633007409867212,1,8.81
0.0589983941536961,0.428913710095278,0.413946280019172,0,NaN
0.03106675449874,0.209788097564431,0.414552812179133,0,NaN
0.0162898883109649,0.0858660976680418,0.457563331469947,1,10.75
0.00636182671765742,0.134695613585171,0.529661682002329,1,10.41
0.0165807300134514,0.209122927486552,0.554476455424365,1,15.66
0.00154617177023096,0.0917764541064604,0.475236829278099,1,81.84
0.00293924646749847,0.16836127365302,0.707838771708934,1,76.2
0.0444791446211227,0.372779080115889,0.677127365532692,1,10.83
0.00415660240776998,0.415708999078349,0.517347173603357,1,35.85
0.0460983117901498,0.266284601236577,0.53011959699777,1,27.35
0.00335682010360457,0.407044447464482,0.622799304511444,1,65.19
0.0081818352303981,0.343477439129181,0.493461258176954,1,8.77
0.0962514857206488,0.198437778310647,0.615440575479209,0,NaN
0.00294825661287367,0.380057996822137,0.79218193977215,0,NaN
0.0326400595154442,0.268993953390806,0.420574421426763,1,57.61
0.0947445589709618,0.304970085475,0.742867483648884,1,38.25
0.00100157372863989,0.465447391488553,0.563805973375526,0,NaN
0.00274515692958253,0.275030378153891,0.483092248798424,1,46.7
0.0312656400336316,0.169645068739769,0.438379766643034,1,19.05
0.0047453104798432,0.376769389122713,0.617319773234044,1,39.66
0.0822405931437265,0.417843494194059,0.621028871210383,0,NaN
0.0123823702530488,0.447488326465821,0.542601446850802,1,8.03
0.0391966878735255,0.179874058114925,0.649121116263652,1,17.74
0.0441354961944871,0.375478701754918,0.450214492541928,0,NaN
0.0290278543930759,0.0223237456999661,0.565771552369613,0,NaN
0.0308841542232971,0.392873260135222,0.546914366052548,1,12.21
0.00181632663541383,0.447210922233243,0.497041354511868,0,NaN
0.0037511914192278,0.120283262242678,0.540005567600306,1,32.26
0.015322636906,0.46446912351792,0.420525502726718,1,17.56
0.00216332545469858,0.0898204611066888,0.735362307869212,0,NaN
0.00513823901616393,0.256078301550642,0.799731791610288,1,49.53
0.00624709698309119,0.0330680776789286,0.48546423404832,1,17.6
0.0745144250842427,0.173497408386344,0.491841012787279,0,NaN
0.00751530058115215,0.344762504502992,0.784845518289145,1,31.35
0.0166193509975074,0.470764960666244,0.402333729828948,1,16.53
0.0732718828834767,0.402527120913399,0.493192613365459,0,NaN
0.0140257849953849,0.383998759913533,0.730579815881073,1,10.64
0.00279849124296844,0.398365015418911,0.531616478335699,1,62.52
0.0456907494860396,0.163069307589434,0.633809391411422,1,16.47
0.0529803224115042,0.152326620858161,0.561021756825249,1,27
0.00255504027546837,0.311222379606036,0.796475115331917,0,NaN
0.00314701592122494,0.415332451623861,0.67034464758111,1,79.8
0.0158079843825125,0.243134957019071,0.559630090690717,1,8.42
0.0439424622445581,0.402256155243887,0.442027508516468,0,NaN
0.00724667734911198,0.422132301722257,0.541802497760176,1,17.06
0.0305449567108599,0.290397217022215,0.680329892308495,1,13.86
0.00722112678181885,0.381363233804185,0.555651505427691,1,16.27
0.0500546130559705,0.478608882175323,0.629188546908194,1,19.78
0.0150218482079061,0.145409204986129,0.64892944606098,1,5.21
0.0100230012197177,0.482099548245426,0.4343610779869,1,10.97
0.0644663318393174,0.265578941484047,0.436066400867585,0,NaN
0.0365969780741632,0.443350579869832,0.575595866722236,1,11.57
0.00332083546750569,0.0827478612422701,0.647926370904348,1,52.66
0.00246836760152612,0.228371543605392,0.737599804589975,0,NaN
0.00473831673245847,0.15888729516105,0.593317827093714,1,29.22
0.00208015218554034,0.401258056465559,0.794995030075741,0,NaN
0.00563564106981648,0.126071093780767,0.680894653067156,1,29.27
0.0193818888573754,0.487115402310742,0.788922222275383,1,10.8
0.01835953155537,0.431448449658539,0.560753359203234,1,18.22
0.073651879115887,0.492765953313267,0.62379096239491,1,44
0.0189697752445452,0.362968170940367,0.593615406724937,1,17.37
0.00617635923527171,0.444942064285906,0.479494700039569,1,17.56
0.020783226092112,0.4961658982227,0.560940646774379,1,18.34
0.0202454093417472,0.451660580286911,0.798152710607155,1,9.35
0.0172259220682464,0.0631338496492022,0.414445612318142,0,NaN
0.0310606785332995,0.287900737330018,0.784785863122131,1,7.63
0.00330969948951327,0.33463288823319,0.609325327364804,1,59.2
0.00114958298411808,0.481376945788925,0.616081615005408,0,NaN
0.00131238455695352,0.351194087071452,0.607886463168351,0,NaN
0.00288006570499454,0.446117754281824,0.532080897005608,1,64.74
0.0028632854361444,0.0658348345776427,0.524369085381442,1,40.54
0.00355518954188932,0.329478611936332,0.426464049839331,1,25.72
0.00773857003560251,0.148091916404825,0.752026503890423,1,22.68
0.0368580092595872,0.380397919244901,0.641318550326139,1,12.38
0.0497958730366696,0.0658260129524287,0.791425554063991,0,NaN
0.00448029437404363,0.0348167838585663,0.586480733516254,1,29.58
0.0144467429859701,0.318800511249877,0.49211966551107,1,17.64
0.00788598162449325,0.305546597015549,0.639951638333143,1,17.22
0.00653823195026529,0.0273574957345663,0.605525934015311,1,26.11
0.00797563934894424,0.0629425579416239,0.583950251576926,1,13.09
0.0252173906091204,0.280058764544165,0.722161726803199,1,7.53
0.00275018952009673,0.437395396921583,0.42087686097156,1,44.2
0.038026881728691,0.23522458495457,0.783413438451604,1,3.22
0.00131277599080396,0.231418558430825,0.533371274584347,0,NaN
0.00251102378389098,0.373043598417858,0.602717809622201,1,83.87
0.0318705223645211,0.219324840039631,0.467476111484908,1,30.61
0.00108229357884217,0.190491912398112,0.776727118095954,0,NaN
0.0119534434228226,0.416237395301612,0.65063638998211,1,11.52
0.00154517306071413,0.32874874133623,0.690651812922606,0,NaN
0.00387797722065539,0.440011227810753,0.405744857578394,1,25.04
0.00136886580164225,0.0981582904670777,0.77051770727918,0,NaN
0.0200695913455971,0.294735681513461,0.65486048901009,1,8.27
0.0430239566751527,0.433664786141441,0.422381011762808,0,NaN
0.00265956000036582,0.26917200850093,0.677740224248977,1,86
0.0818218160513312,0.276207173662427,0.681008108861386,1,31.52
0.00130220780814031,0.227825659808001,0.434159132325058,0,NaN
0.0241202978122675,0.318430738188745,0.718471626599383,1,8.38
0.0109743962325356,0.179200852485431,0.778726666864638,1,13.71
0.00259456106224361,0.477368382346984,0.42943825432328,1,54.88
0.0367367975899805,0.389763628851164,0.765675128497509,1,15.13
0.0496387737785091,0.154811756120789,0.460738288925794,0,NaN
0.00285510056275146,0.394578749635643,0.508332600860527,1,55.88
0.0440924660516228,0.167301376373586,0.731824721759667,1,16.84
0.00373281567360073,0.28963459673612,0.628731854491539,1,51.38
0.00764149111187452,0.352575444057592,0.718503177312631,1,25.79
0.00361475090019325,0.228645649728699,0.586264963346044,1,44.81
0.0656223528500111,0.340933906024131,0.761465810545416,1,17.3
0.0239483546048619,0.376126502624049,0.504204602833419,1,13.94
0.0024088275327322,0.074597026083001,0.44940033292792,1,38.14
0.00140192047988973,0.0814087287531828,0.634017446107486,0,NaN
0.071074870330781,0.4129398488708,0.689161189307386,1,25.32
0.0602902321203155,0.251392913246273,0.661953159379867,1,16.33
0.0895189615854885,0.27387753148982,0.512882065823289,0,NaN
0.08831353068943,0.0278485026074853,0.530497829224125,0,NaN
0.00174511788384982,0.188865986399816,0.523659847558367,1,88.94
0.00461568097376292,0.458725194979987,0.454191282272601,1,25.62
0.0170049940546898,0.449765147275943,0.599859511138909,1,6.11
0.00114462884353337,0.295735154363438,0.679301570650966,0,NaN
0.045111227607513,0.268662516991937,0.412829138567994,0,NaN
0.00310555435013785,0.176593241176263,0.738684383552212,1,76.49
0.00124616223202982,0.294930713660385,0.77507075162991,0,NaN
0.0230651895710471,0.0364490529934169,0.408247213647996,0,NaN
0.0391282749400104,0.303327978050285,0.445612013806262,1,67.17
0.00137580836334339,0.312746787698247,0.428085409594783,1,93.69
0.00153037166416896,0.0766436204238439,0.715556527862804,0,NaN
0.00162048279842964,0.12655570808358,0.497459165046714,1,85.83
0.0293416320415944,0.430592852512091,0.679279906471826,1,16.19
0.00449548207346023,0.328760005982907,0.606508226309652,1,38.83
0.00197530802606943,0.334270336421466,0.447026193848703,1,65.98
0.0872460560889922,0.0196846852271203,0.785716692119824,0,NaN
0.0205772818687555,0.0706916485019417,0.586964010709784,1,5.96
0.0130688117654801,0.152190927650105,0.701814655886518,1,7.73
0.0321715620667608,0.219618371818743,0.50687762290968,1,20.29
0.00651118851322245,0.450204399252759,0.691377613583114,1,36.43
0.0116500149109009,0.469774761724312,0.502170981975121,1,7.63
0.00316351021530129,0.477829886484421,0.507099014576039,1,57.78
0.00397009384859154,0.46455963291728,0.427432939422182,1,29.02
0.0186967619158155,0.29987593173662,0.481319658142535,1,15.27
0.0200273861649164,0.401201426336827,0.600680420945687,1,17.33
0.015910281983558,0.400017942922502,0.493349507228627,1,17.48
0.0473894187284294,0.0651065654078103,0.606306261278366,0,NaN
0.0035910565526147,0.461187152919365,0.599291171782142,1,62.29
0.0104635464608467,0.329734780766664,0.766919521520267,1,17.23
0.00166866811529172,0.487353827063273,0.478911576838926,0,NaN
0.00694242771744552,0.155703603750625,0.558567414224691,1,11.51
0.00152666470956674,0.162622925248722,0.67753726837289,0,NaN
0.00410198018420255,0.207023423328153,0.518072321611985,1,27.93
0.00367667322574115,0.0617249540602847,0.637531041825707,1,42.56
0.00369139767338945,0.0860585942603551,0.400263467034445,1,10.68
0.00121480578295693,0.279897328740004,0.748360876601474,0,NaN
0.0465005292891806,0.4533137709185,0.452389634546067,0,NaN
0.00188194668960239,0.402229503700541,0.767152036799456,0,NaN
0.00222404885520877,0.25731883560315,0.561983392046919,1,78.67
0.00268467353006511,0.291839970109248,0.642487173029113,1,79.81
0.0095461955138761,0.264766804977655,0.795674323855755,1,20.03
0.00117369020498535,0.35048787348167,0.564568730955106,0,NaN
0.00493178324841594,0.153487462424582,0.720576695111014,1,40.59
0.00541585234807324,0.0508248129636974,0.604442548377144,1,22.41
0.0406482408233053,0.372344957394869,0.609896065576798,1,10.54
0.00176761188799687,0.41028647773427,0.475788592674176,1,91.27
0.00107705927201875,0.412288274705601,0.655159048004574,0,NaN
0.0122756324538508,0.449017767543469,0.606150022847992,1,10.57
0.0513681285513511,0.307156682041778,0.704174487136072,1,18.87
0.0293593609012337,0.197605539682564,0.43385967544689,1,29.96
0.00553919451350801,0.172674772985971,0.735899813949858,1,36.28
0.00181568172368371,0.415825482316478,0.470607451584624,1,87.83
0.0236287113501721,0.441142955384761,0.417631651387079,1,25.35
0.0057501322561886,0.36954872341746,0.574868974897863,1,25.26
0.00759230818487756,0.490032145524821,0.559597369044652,1,21.62
0.00424740679353017,0.0868358648967538,0.530413713626568,1,23.08
0.00418174967500725,0.448305325313085,0.498809671705616,1,35.34
0.00193764936396945,0.210345764940664,0.683204357625621,0,NaN
0.00838447118915077,0.436947812620781,0.433262358701384,1,7.94
0.0251238006681099,0.0248906215939642,0.701280213083542,0,NaN
0.0130192318583128,0.115111000620356,0.671961874209367,1,7.05
0.063613212480919,0.42683266226915,0.623426196721154,1,35.36
0.0095055015009832,0.215563674966461,0.543251341115615,1,6.31
0.00858052040486908,0.135421449091074,0.771667707596959,1,20.05
0.0254132390984114,0.134463846772903,0.57248737891123,1,7.93
0.0515824816428479,0.207141635313435,0.472736031466275,0,NaN
0.00277580589368021,0.296258600022933,0.549431513071959,1,59.32
0.00735945115099068,0.117307117678799,0.6088929772102,1,12.86
0.0495070299601165,0.373238954266291,0.428179852931365,0,NaN
0.0520959997941906,0.343141314933375,0.454660608759432,0,NaN
0.0121924214777913,0.107918721086867,0.642935968705685,1,7.14
0.0349116435156714,0.0895390990959266,0.402261227250738,0,NaN
0.00129905147974374,0.384745902565117,0.568427740944753,0,NaN
0.0286563795774457,0.297016027664772,0.469662097773613,1,21.99
0.0682517036776879,0.271802614471104,0.501225715100565,0,NaN
0.00137276545620941,0.381515319560554,0.754812292891205,0,NaN
0.0247417096077436,0.0999288158086416,0.694829061834636,1,7.78
0.00709567402819595,0.390726523795954,0.600761367661498,1,20.71
0.0219580726659533,0.309506194079408,0.742308756544695,1,4.96
0.025582215751434,0.266560101908469,0.519526164042809,1,12.26
0.05966531126599,0.196989329234552,0.627073999120595,1,16.46
0.0755102977716285,0.423045151607691,0.759519422332876,1,16.44
0.00101433496235278,0.409563226409986,0.400543131514412,0,NaN
0.00111070145626733,0.0528597199961882,0.504290940481728,0,NaN
0.0120978408403796,0.217801561214881,0.536425987563692,1,8.47
0.00474427208229539,0.463822850465706,0.519399778823696,1,33.59
0.00188903848628027,0.431145252531327,0.536191324306173,0,NaN
0.00586985314208118,0.258821488122775,0.742662590756676,1,36.77
0.00795749379609334,0.350888554146097,0.65116167111622,1,19.12
0.00146890978408125,0.242072791628453,0.779882541401413,0,NaN
0.0149672677552531,0.147116170800104,0.578802923733882,1,2.64
0.00749612726941123,0.440040727823116,0.587640208091608,1,20.5
0.052681083928478,0.375630620587674,0.587164186323099,1,27.69
0.00943759440260997,0.238590886066929,0.599241794849084,1,9.23
0.00136385006023479,0.122439699626528,0.434220892963623,1,84.03
0.052867834278017,0.445311558054243,0.493267074267864,0,NaN
0.0751629840704264,0.35875019557388,0.749125197217142,1,16.04
0.0914377770662438,0.0784477464882752,0.557560057940401,0,NaN
0.00921426738845411,0.325949072732834,0.758563911781574,1,20.54
0.00289861627427368,0.0169056068426214,0.649152137773918,1,61.53
0.0163995368221423,0.268442641760551,0.689996784542896,1,6.24
0.00307854699069306,0.298299558439673,0.573373936013223,1,56.41
0.0165060401848742,0.220190573351224,0.404070982208711,1,16.73
0.00117809720803689,0.479407842216705,0.43817860941984,0,NaN
0.00104190977497273,0.444255204549618,0.498776546022999,0,NaN
0.0575086113067915,0.409310933009539,0.456199774619507,0,NaN
0.0153759208799072,0.0567346251843571,0.541024040499456,1,6.47
0.0197721651862929,0.29673900285451,0.667072705673801,1,4.25
0.0319050196142824,0.22235084299591,0.455903503639703,1,30.15
0.0518499237037606,0.128475528857737,0.660183728991225,1,12.35
0.00115589895503435,0.051341530812123,0.788835664685137,0,NaN
0.00125809953748433,0.419348229717981,0.734285339268344,0,NaN
0.00439487107819706,0.277484242356507,0.777267935862192,1,58.56
0.0379525473042506,0.405168733858733,0.640559502101124,1,12.35
0.00368465870976257,0.401600667171715,0.419825906231284,1,26.75
0.0882479192166608,0.330193843750183,0.595862138131388,0,NaN
0.00396212640548848,0.37676005588877,0.627136459895523,1,51.77
0.00782711519502081,0.135493792720301,0.754625517764619,1,22.08
0.0523825826561793,0.409833754115142,0.439334920697855,0,NaN
0.0630769958386339,0.0235382139989758,0.759662573702546,0,NaN
0.00226771349040756,0.266811944712508,0.448079805058854,1,52.19
0.00117399876793068,0.355992721309221,0.73254390255482,0,NaN
0.00484999208659355,0.381340968089107,0.782844871200466,1,58.09
0.00270983465419772,0.322739417618106,0.53720232478813,1,60.42
0.00361141842620839,0.395238307244967,0.689235983818189,1,69.01
0.0015280494662303,0.295391400065195,0.568402312547312,0,NaN
0.00360191981386523,0.0217733892533068,0.596458321604546,1,41.69
0.00219688068473538,0.176481010434022,0.51493984380603,1,64.91
0.00255477627406456,0.2056390239979,0.679059827383159,1,86.25
0.00735513301421236,0.33649997935986,0.577226435763309,1,15.74
0.0170939592097119,0.0958673267733516,0.477280924704156,1,9.48
0.0775475325070745,0.14181519785796,0.623871172646363,0,NaN
0.0829394522024409,0.360091101516984,0.671687862157603,1,48.14
0.078705434109764,0.389913812859903,0.643090786528842,1,57.15
0.0940502789433443,0.0392243955568293,0.507484938097117,0,NaN
0.0230037749998528,0.388381298726073,0.590141719983118,1,16
0.00267018147247938,0.214298029916397,0.552059681157273,1,58.82
0.00880323165100469,0.19763961467573,0.411867100604042,1,19.83
0.0129088358182743,0.173352616553456,0.790337921643996,1,10.8
0.00839530207992415,0.42468878251395,0.563225397760764,1,14.82
0.0111659402231928,0.414890293214752,0.796481279947498,1,19.99
0.013641436707311,0.46346407591941,0.69560874460877,1,12.71
0.0830268493672504,0.484701054842025,0.729799767927569,1,25.24
0.00897737489643566,0.326709572067571,0.551829394176116,1,9.7
0.0020577267079225,0.456826008125352,0.405941542307149,1,63.01
0.00131638239277664,0.241068259499626,0.617196677938103,0,NaN
0.00165678140748596,0.33243484975776,0.755854121351617,0,NaN
0.0934313501807118,0.224508825966876,0.51209203584293,0,NaN
0.00184174480576446,0.308291766593858,0.501499682767379,1,84.91
0.0472076674229127,0.277052396697027,0.731121572588369,1,8.96
0.0122697410883312,0.418340837046867,0.481486173717567,1,10.55
0.0516061591128145,0.438721933555751,0.448400034467867,0,NaN
0.00142547028934899,0.450890249291541,0.487146049574588,0,NaN
0.00868534359761227,0.242365428636117,0.734010986293865,1,18.93
0.00178188601778976,0.212747270232253,0.60109850554,0,NaN
0.0160657262508012,0.07481980945969,0.748190146056434,1,10.06
0.00130682946055972,0.139997845766362,0.745921032022774,0,NaN
0.00476429125372015,0.234299403700022,0.688883857639807,1,41.48
0.0614428608763319,0.206597729893893,0.610791900877931,1,16.79
0.00361051419872095,0.391396722573522,0.427747041067601,1,28.26
0.00691704719407902,0.195891218996172,0.745869018553215,1,27.44
0.00909512782684145,0.127539962011023,0.639061806565471,1,10.18
0.0432288485367157,0.450288275899249,0.773883695165524,1,14.71
0.0630114632687997,0.357365399661892,0.697288228161803,1,17.27
0.00102016435547278,0.0419675043714491,0.534364468538344,0,NaN
0.00539914352323459,0.415766845543199,0.60297415092127,1,33.78
0.00379288550351894,0.121053461645741,0.613932683838759,1,41.65
0.00136986867992581,0.0435017397481499,0.433988298226771,1,72.37
0.00769189213352986,0.210810084583746,0.449352552923752,1,8.97
0.0017392268809118,0.450480471112507,0.541455600714264,0,NaN
0.00497908974469611,0.288864402467417,0.750013090546197,1,47.87
0.00142293699170274,0.0305412924052971,0.456935887755357,1,71.27
0.0217019436074266,0.372858028757434,0.5826100509276,1,16.21
0.018087839008873,0.352630577045532,0.628542884956303,1,9.22
0.0563413467317226,0.440104323294125,0.664940695851216,1,18.62
0.0013685759834017,0.239083339230731,0.456534411334666,0,NaN
0.0219952014230988,0.359978779390737,0.523194411273195,1,14.93
0.0269286178704189,0.32968620935691,0.612419535338041,1,14.39
0.00990094431740099,0.25735720528131,0.595199743402091,1,8.85
0.00171510349312264,0.46862802112897,0.55571267311861,0,NaN
0.0476987754928415,0.127807541445907,0.673963397851658,1,13.99
0.033165510979153,0.485370870120037,0.486067845121613,1,23.5
0.0104732308306207,0.296210396430436,0.561180631028497,1,7.06
0.0307193688970838,0.252865667351674,0.660547337012686,1,12.52
0.0448674063468376,0.157957199872344,0.43584477408085,0,NaN
0.00228422137165778,0.20089763437163,0.710121941307536,0,NaN
0.0565850895914821,0.0635869927617161,0.762063335236655,0,NaN
0.00118510012673761,0.499898356577928,0.745701874422833,0,NaN
0.0105200137751193,0.276894396583551,0.799046472873429,1,17.23
0.0944229302030894,0.438020966208504,0.428088588934616,0,NaN
0.00729330049211523,0.462129580477886,0.625704367839911,1,26.21
0.00106490565509359,0.175543836975681,0.688289371138901,0,NaN
0.0123868048664208,0.193289494460154,0.769074088156867,1,11.01
0.00414898784433287,0.242204566178541,0.598614927376078,1,38.98
0.0106445230583978,0.475910403832045,0.792797312349208,1,25.44
0.00711347421778707,0.496369011051315,0.5823374808261,1,26.62
0.0462922715409536,0.114475241610976,0.47729979217171,0,NaN
0.0455157260679749,0.366052178806431,0.61189827756231,1,19.91
0.00267035984047202,0.260818471355744,0.620784738501819,1,74.25
0.00127188268685249,0.298032106898138,0.457105290139256,0,NaN
0.00274986814162674,0.344820878499908,0.643423791364771,1,81.35
0.0129007586206072,0.209077171727659,0.651963177904992,1,6.77
0.00100461309824182,0.0725137403987487,0.467679332662245,0,NaN
0.00208803457784562,0.214899610886591,0.595394271550578,1,89.82
0.00173520469078878,0.336750902839642,0.407168147620502,1,66.67
0.00115299938948942,0.476541401350216,0.790341588372877,0,NaN
0.0030602177693922,0.252002103439184,0.745088851255532,1,83.05
0.0181111575336962,0.418792380222212,0.725436476961147,1,8.02
0.0643889574039296,0.0110967172948083,0.551889575890774,0,NaN
0.0183615534581084,0.343372315881695,0.551529252290468,1,16.96
0.0919300608435382,0.129202066010589,0.628565228641559,0,NaN
0.0231694288915836,0.426344189263703,0.513377674275624,1,14.64
0.00147221958717053,0.18548102018118,0.79477070798474,0,NaN
0.00147518404899609,0.132649884317233,0.724538646126002,0,NaN
0.0300363034904528,0.27031444223351,0.72024919165918,1,3.3
0.00502065922495401,0.0794148603482049,0.575157703162009,1,21.32
0.00195709267036778,0.244463773626868,0.634961360049638,0,NaN
0.00211777171167974,0.453611997549738,0.656077699332889,0,NaN
0.0368301737230487,0.287296189590812,0.772646454790878,1,3.2
0.00331616545848007,0.345986697119704,0.586487713993097,1,55.69
0.00435114126130232,0.288941403827739,0.499508265155231,1,25.28
0.0388310244470158,0.456293093786301,0.754088016397764,1,15.22
0.0108413233181482,0.46364680551177,0.471535980310351,1,7.21
0.0212782794229748,0.317232605040562,0.765272938360362,1,5.82
0.043178715581147,0.20070448326638,0.696003032566461,1,7.16
0.0699384498524896,0.304168948656482,0.433998825801081,0,NaN
0.00172864794106922,0.0362629295051135,0.610809981070946,0,NaN
0.00307745584999619,0.196270065218092,0.725133013206044,1,76.29
0.00570554159918752,0.443367102955852,0.68505871790366,1,41.72
0.0342363288344705,0.131970609388007,0.501141498095709,1,20.91
0.0174002802976394,0.0344323236731478,0.674115427043564,1,7.31
0.00585904758663957,0.375875468684675,0.790902259338268,1,46.32
0.0409441601278156,0.137500745133724,0.75098781440565,1,16.79
0.0134442831493216,0.235949329092053,0.436384675169688,1,16.97
0.00512940089859398,0.101817615682817,0.612675834357893,1,25.42
0.0107533979071808,0.164243917330192,0.690696587537078,1,10.19
0.0227097396358444,0.397415999977114,0.481797032543583,1,14.19
0.0227581668782533,0.0357179158926316,0.720468944945,1,6.79
0.0655959069529946,0.47354438309119,0.436623257149932,0,NaN
0.00428689061153265,0.25987698815607,0.645961426056022,1,43.77
0.00194560114822079,0.0479688659425567,0.740245626401483,0,NaN
0.0988789406392971,0.191538038400466,0.6489565732325,0,NaN
0.00283836945877555,0.263498625290389,0.796204486060126,0,NaN
0.00134673305214201,0.205022541345905,0.678627475804656,0,NaN
0.0419406194407237,0.376354175365398,0.568160172493125,1,20.14
0.0937782520217724,0.1960065900276,0.527627128086714,0,NaN
0.00157492716692795,0.361908643552766,0.565273343427959,0,NaN
0.00140502403474904,0.369933971331541,0.654922516141393,0,NaN
0.0098536888300952,0.0690490015369694,0.792638483566553,1,17.19
0.00191314371425231,0.020982690675675,0.421532619587804,1,47.8
0.0132346809527836,0.447802412752691,0.586328029246419,1,8.78
0.0624155906603818,0.252283610217865,0.427114195394326,0,NaN
0.0154307967486911,0.151397001351818,0.507618725901407,1,13.32
0.0204749184649959,0.243180721787591,0.547324415229361,1,14.84
0.00367857981296491,0.469718198844089,0.648170074313598,1,69.88
0.00113370598493397,0.110538813447163,0.575653632637514,0,NaN
0.00255378752161597,0.43933032462057,0.644036898509782,0,NaN
0.0530120821418755,0.264759244147297,0.421529720860048,0,NaN
0.0136057242124045,0.227037986366396,0.619203662934263,1,5.49
0.00143369713828054,0.34339354569501,0.548551431237237,0,NaN
0.0299580805431647,0.233611854588514,0.41913752006412,0,NaN
0.0305312558721114,0.0286207523440208,0.781697729743766,0,NaN
0.00303256136792283,0.469350287849957,0.605345594463062,1,78.43
0.0969807476054785,0.137382986571265,0.70358966453683,0,NaN
0.0016599575967506,0.184785817463037,0.701143136441204,0,NaN
0.0289358360225809,0.302552162511058,0.572238080128241,1,12.61
0.00797860525294272,0.137976323579915,0.437923072633426,1,8.86
0.00804720119528624,0.323636510031193,0.452815526947526,1,5.99
0.00413193819562081,0.32957780348459,0.730799332623226,1,60.18
0.0251859896242877,0.207158153712476,0.753692526418579,1,4.43
0.00381813670958839,0.128517424622318,0.703932726287835,1,53.32
0.00561593771237732,0.145944972288191,0.40244312121064,1,3.91
0.0038169868277248,0.224097062558674,0.521719387536671,1,32.56
0.0525267441007559,0.12883299135365,0.774673444008934,1,14.38
0.0134893861231962,0.204641847614539,0.591767641743446,1,4.22
0.0953850439451246,0.249913500877807,0.507924653069526,0,NaN
0.00116215791459206,0.100001091170401,0.744662689969609,0,NaN
0.0194416408642766,0.17265942959746,0.699498798313183,1,4.79
0.0122050755140112,0.0929266016993156,0.780882040288974,1,11.99
0.0677568485214338,0.133192603316352,0.631428923941444,0,NaN
0.00768209998817128,0.448842297810754,0.593002646952016,1,20.74
0.0321798152802716,0.162759926601671,0.422125508792667,0,NaN
0.00619073092295858,0.0746542650828502,0.542368847633353,1,12.29
0.0487709750654767,0.443905401469921,0.40849581944878,0,NaN
0.00947892899487618,0.151154615472895,0.500137153014589,1,3.09
0.00270739991456881,0.367227696519056,0.481046438465518,1,52.57
0.00406262892421681,0.488403912241916,0.637294316974621,1,63.77
0.00239911437851673,0.484174412765711,0.75838793226066,0,NaN
0.0543817999352776,0.0108816687007867,0.684705505326107,0,NaN
0.0157177020129099,0.0679708758206178,0.415609190691057,0,NaN
0.00103517746263704,0.306113617759351,0.606572964179555,0,NaN
0.0558563963176009,0.347577348158178,0.778408150157903,1,8.4
0.00304700846851133,0.0655054617367512,0.541827736477008,1,39.6
0.00399593284857805,0.284563321821903,0.645090843019954,1,48.79
0.036490896388883,0.401089439955627,0.718256650690682,1,14.55
0.0261462394368869,0.182038231883154,0.421718941559991,1,19.56
0.00168706834752488,0.496534936238958,0.464990594075955,0,NaN
0.0505372846838825,0.457308958684406,0.592662792149022,1,29.26
0.00312176145138836,0.406857763521061,0.474703817707936,1,44.88
0.0358479940209135,0.036552532269962,0.643584582581551,0,NaN
0.0956688521221703,0.260421403665234,0.411100035379309,0,NaN
0.00222723621626017,0.255460562639267,0.532798994784463,1,71.87
0.0317666025278407,0.316561833475931,0.630053933122531,1,12.92
0.00194044617460612,0.085224211890527,0.542714878640943,1,76.73
0.00355134599142002,0.426797751070172,0.535147896123336,1,48.94
0.00988135653196978,0.0129453768273869,0.720764787446999,0,NaN
0.0279053283688729,0.273542992248819,0.74836500984853,1,6.62
0.0126180054237831,0.337362106520674,0.471531116921483,1,18.95
0.0414134505761962,0.480338788557106,0.63840866879452,1,12.45
0.00267715801956608,0.492420853883088,0.754369779067975,0,NaN
0.00106558749078128,0.0269687300431087,0.58044951656127,0,NaN
0.00314705662619805,0.242118267075126,0.780478836291518,1,85.31
0.045895802657132,0.199347172271664,0.572573350570422,1,17.88
0.00576926303399118,0.41407694162009,0.581199444920445,1,28.21
0.0298721269899116,0.463675585991911,0.696337450980467,1,16.5
0.0383493820092181,0.473988839515894,0.604039882172952,1,12.23
0.00603756276951265,0.231565016141239,0.739679483019594,1,34.2
0.0111326387455923,0.37180449063808,0.790575422940741,1,18.03
0.00443407218469307,0.22065849783779,0.482863233034623,1,20.52
0.00456886113359552,0.064326406996454,0.550084021696845,1,21.63
0.0115709929366049,0.177631534375364,0.726847540522846,1,10.4
0.00173990502165398,0.265349803769352,0.70972388359466,0,NaN
0.00466916016501651,0.316470574439587,0.538659474220219,1,28.37
0.00249531940737691,0.291562116056678,0.745575056423513,0,NaN
0.00250215588714296,0.339500972211848,0.760732548392029,0,NaN
0.0602293898179778,0.156159233416691,0.59860810810535,1,18.13
0.0116927417372564,0.255693149035613,0.51079809564159,1,9.49
0.00107035372695948,0.291382281354964,0.565121760688424,0,NaN
0.00578804897036022,0.354354753679845,0.602698860594796,1,27.28
0.0029410505226033,0.041816452088189,0.543431984264406,1,39.54
0.00612165974887798,0.109716985915595,0.725511833265688,1,29.05
0.0354803875401107,0.0362518337221319,0.550020631308987,0,NaN
0.00434922187410173,0.0909958342266807,0.764887558814664,1,50.34
0.0342317792423954,0.171592037459135,0.481694268038044,1,19.54
0.00207214226879263,0.0442868429868843,0.780013579205446,0,NaN
0.00191557714719673,0.150358474536492,0.67485164589478,0,NaN
0.0720593385381147,0.260922458736882,0.688530770917666,1,15.24
0.00652588184274185,0.368730886507967,0.699939208295249,1,31.97
0.00274255104945582,0.127350930838063,0.608340190033216,1,63.17
0.0429013116474857,0.422770072910386,0.665173163620518,1,11.52
0.00415958457143255,0.39900002405026,0.587642081420705,1,44.84
0.0346631280669766,0.346913831281733,0.794740889355987,1,15.64
0.0155121800620016,0.416494614895344,0.682433906180125,1,8.8
0.0537359966262675,0.378908318840446,0.598688881530096,1,27.45
0.00157584182817675,0.043333570123412,0.787418376085197,0,NaN
0.00163711923354025,0.278018772363085,0.561187963591814,0,NaN
0.0368075054476481,0.364841423535505,0.64547293918423,1,12.28
0.0142413683815841,0.287644085396405,0.724527663482769,1,8.51
0.0103562950723233,0.472574304982415,0.748580859576671,1,23.26
0.0454572749161025,0.396523350856106,0.58921225635988,1,19.62
0.00360099136973067,0.168015978150357,0.790458614090942,1,70.8
0.045959705913746,0.0456870943580902,0.700489442348803,0,NaN
0.0405637899484015,0.461945665732254,0.530809717348006,1,31.26
0.0438026617190877,0.273742663317278,0.585317951631723,1,18.85
0.0261421997284366,0.476434188033812,0.430509155775909,1,25.65
0.00343754865448822,0.125113957480124,0.559558223087605,1,40.04
0.0199297552585801,0.417931525131813,0.798149524138482,1,8.56
0.0237304020427802,0.354936887211692,0.772921279187503,1,8.75
0.0185848461231452,0.288493420148272,0.552339011715811,1,16.4
0.00546260058833834,0.187982024336043,0.563047777978362,1,20.53
0.0662325635401099,0.239515392591275,0.601365537313585,1,33.78
0.0140686117290617,0.111151200816166,0.535441470110953,1,11
0.0144273619003758,0.248596895320527,0.504887594276176,1,17.12
0.00761645600590124,0.440380572497962,0.424380088953797,1,8.71
0.0119845342415123,0.0512864206553535,0.625295046170292,1,13.57
0.0149528330699312,0.386348371132937,0.493236108879575,1,18.33
0.0209735617437388,0.234897194742957,0.744392608721475,1,4.83
0.00321688995528417,0.183400791393142,0.538874519157553,1,43.1
0.00207401625370423,0.476738791232965,0.519280395929574,0,NaN
0.025810714088585,0.187035557796275,0.69665163715313,1,3.49
0.00560649194532939,0.353437164706826,0.402490314964601,1,9.8
0.0156374468444502,0.451732853453403,0.527337931230901,1,19.04
0.00598013980743478,0.155919639411436,0.450005752514291,1,5.76
0.0529638650802969,0.410666994547194,0.792470281697331,1,13
0.00296659549406981,0.0510722322270429,0.53508479613485,1,38.32
0.0124882557024391,0.165724640086764,0.79377936218974,1,11.69
0.00215664873000393,0.377133117083669,0.736740693889636,0,NaN
0.03091620603325,0.452517828551896,0.442049651128887,1,34.38
0.0018486876308463,0.367392249540574,0.686987840844114,0,NaN
0.0115074893501028,0.228436609762971,0.603514892485828,1,6.26
0.0408955937155974,0.43126135135689,0.671089964287875,1,12.56
0.00135942073295365,0.270309006034705,0.782358335445277,0,NaN
0.00915800070724683,0.275343833450476,0.512664137397855,1,6.63
0.0164559127933669,0.345583252860914,0.483303355518699,1,17.03
0.00184837134338115,0.169826324464613,0.752338880944723,0,NaN
0.00202210637957535,0.0601798170447957,0.783646761253573,0,NaN
0.00151056287147678,0.0847436597367709,0.462221035222651,1,79.44
0.0459836418496716,0.232668035087533,0.667558277124115,1,17.94
0.00881444576848934,0.39721521708772,0.685084367116795,1,19.9
0.0102695431631308,0.357208194673917,0.783223792408106,1,19.59
0.00297011952784643,0.159476026505564,0.715924473520788,1,76.07
0.0173290040185284,0.124808388303792,0.585879759443497,1,9.5
0.00176842667280292,0.311511406082092,0.44904956062242,1,74.59
0.00664685501757186,0.149384905734951,0.694293122730447,1,24.06
0.006282511848518,0.41620112742923,0.774045646419896,1,43.28
0.0312852731667249,0.035583576263982,0.628474440895389,0,NaN
0.00277527171176531,0.166919343471065,0.597173727456878,1,62.05
0.0120224276927241,0.470244133901586,0.592922115743201,1,11.01
0.00131926133082716,0.11831797885478,0.438378000728461,1,88.82
0.00246258631694736,0.411559348721712,0.708591321890415,0,NaN
0.020591736040235,0.448607895731048,0.673720058489658,1,6.48
0.00705515469640215,0.495286788729097,0.413476717248405,1,11.88
0.00146736952485196,0.250091999675064,0.633401788186911,0,NaN
0.0129915529661341,0.333475768689114,0.420922088308157,1,17.78
0.0171870480768954,0.358892372076123,0.595164250104029,1,9.36
0.00577144528226849,0.114751011633395,0.658263464824542,1,25.7
0.00335522473676649,0.0608192916915754,0.551004607505099,1,35.16
0.0111136195171191,0.128229950199971,0.649169620149806,1,7.39
0.052132341829008,0.212486495782146,0.487116814210346,1,80.87
0.0170131878744455,0.431894044116821,0.513575604625932,1,18.03
0.0690568067737635,0.391949855903547,0.78193892456777,1,7.97
0.0392195710620935,0.198559694741225,0.46505720656251,1,28.08
0.00514820974701337,0.0657704180207249,0.463529719470168,1,12.06
0.0148715190061989,0.425401696553906,0.633112478795596,1,8.26
0.00104701954758471,0.46366061458542,0.630031307083016,0,NaN
0.00911648371994465,0.406594870050756,0.643523343836463,1,16.64
0.00916260726439789,0.141535677562623,0.50323855359836,1,3.11
0.00218013621447377,0.121397327148793,0.419440919296757,1,42.03
0.0162699466313063,0.136638690797809,0.479164023022465,1,11.24
0.0402229604607272,0.413614786236161,0.724245985068642,1,14.15
0.0364895944008881,0.356975554439306,0.743751141721211,1,14.7
0.00153903698442812,0.109860457013198,0.797337299972367,0,NaN
0.0030742997112698,0.328803086514786,0.486070610446945,1,43.14
0.0103196924200161,0.176447024486604,0.479144936202167,1,9.2
0.0147546761164957,0.475871411545486,0.557842887321381,1,7.22
0.00635437304929379,0.307203250516622,0.685857146835165,1,29.52
0.031745178907443,0.430758600749608,0.768193992864554,1,16.89
0.00192988602060285,0.149939935545498,0.718726315155221,0,NaN
0.0255619199636397,0.257229593398053,0.64427518059276,1,14.44
0.0595071786556275,0.197836566199726,0.691473374635198,1,15.27
0.0532267510151132,0.0373656774217234,0.45528653702687,0,NaN
0.0828481244515637,0.216655776449223,0.564525669815154,0,NaN
0.00293110658568929,0.37762019355679,0.792398845703874,0,NaN
0.0100125593149692,0.0571511129920626,0.55383287968756,1,13.4
0.00967632311483215,0.289425375747479,0.790652638696885,1,19.75
0.0033265650218481,0.206432604532078,0.797996104728119,1,80.77
0.0219938912209384,0.336009108262678,0.785702646467807,1,5.83
0.00100676092322779,0.156595679652863,0.612450610726129,0,NaN
0.0040032358110838,0.443056516607111,0.561753542923107,1,46.9
0.00376092802430622,0.475784979790141,0.584259277282486,1,58.73
0.00202365928918629,0.0514670529024269,0.632872534067406,1,89.22
0.0037499847776394,0.0458162100230504,0.632225910732338,1,39.48
0.0520742898707465,0.187340841356571,0.689929877528063,1,16.06
0.080749176713794,0.180478686466857,0.784698242130347,1,11.49
0.0170240842418996,0.110958314646876,0.70729794362831,1,7.53
0.0253674291806281,0.460272018851635,0.641014904483798,1,17.14
0.00318425308580638,0.374400728050003,0.554040910713625,1,55
0.0195049417144263,0.028012271338666,0.588849149698946,0,NaN
0.00309979716830632,0.146695270797003,0.607144363948902,1,54.77
0.0606438285205399,0.155779005468028,0.660189637296746,1,11.2
0.00628330039557972,0.431942168687592,0.483966030704914,1,16.88
0.0858229045957241,0.445062681468177,0.502611204761532,0,NaN
0.0449156881284011,0.313387102959872,0.466138306612378,1,83.74
0.00318169515672,0.33128961959222,0.618581033623492,1,63.52
0.00527504140063239,0.0296766284320694,0.493350165029483,1,23.04
0.00259605143197915,0.320392967156059,0.794439238488813,0,NaN
0.0087995349182505,0.380971131362327,0.754531243852179,1,24.24
0.00897460835596902,0.0878676277756351,0.724368314259482,1,15.58
0.0186368606917453,0.0669808908006303,0.750288245113856,1,10.12
0.00117498424417229,0.057667861054899,0.763375782495852,0,NaN
0.0235701961610843,0.0294773501152711,0.795427156490505,1,8.41
0.0336504873663359,0.194577704441636,0.601729701119544,1,8.62
0.0252729604187612,0.0339486504219609,0.690371062637544,0,NaN
0.0047662805568123,0.234856504648127,0.6329179235821,1,35.4
0.0691121476932598,0.0936064526966228,0.559677361560224,0,NaN
0.00445783536769024,0.120762264283494,0.544402678460435,1,24.66
0.0463158511541118,0.0509552356973165,0.605066213442186,0,NaN
0.00583433884844971,0.453260614283201,0.689438364907898,1,42.15
0.0576652067756823,0.156028357433319,0.676684654285927,1,3.82
0.00923306789512479,0.463028670733564,0.432501110148199,1,7.57
0.0586034345775024,0.0728498773080804,0.501164463696403,0,NaN
0.0122289730222386,0.106175687474571,0.448541461894786,1,11.86
0.0382893968926459,0.164164166628497,0.552816366027207,1,18.69
0.00682093662797797,0.421197944974727,0.672094554370708,1,30.27
0.0171609612858672,0.325016005677982,0.485632580616049,1,16.43
0.00492741348823774,0.340843661464403,0.640409393843507,1,38.45
0.038969347659755,0.188556670448161,0.468592430732618,1,28.55
0.0354913402617925,0.251406787027054,0.54184914181924,1,20.18
0.0429589780741264,0.126034355461575,0.73793337960568,1,16.16
0.00584062150419161,0.42465189839107,0.548074740345504,1,24.7
0.0138387364904251,0.43205402654945,0.585563677153184,1,7.63
0.0123773011696624,0.350700336263874,0.784366909270196,1,14.25
0.0714865427464747,0.321922520981546,0.628356995692398,1,41.52
0.00227718365725604,0.433245129210594,0.467935700346558,1,68.4
0.00250189310495794,0.129317140135366,0.700711742024521,1,88.48
0.00224322218318691,0.491640850636951,0.683855480991628,0,NaN
0.0838158512955315,0.430565722256558,0.763764593217372,1,24.2
0.00225591332443654,0.289593855002121,0.625151692140179,1,93.39
0.00214069544635006,0.261702739584044,0.619388766371922,0,NaN
0.00249812588617665,0.252007588880899,0.614046906990499,1,78.55
0.00434092140255129,0.315352767043703,0.410526157461743,1,15.48
0.0160096147460563,0.271169771861169,0.530709494995189,1,17.14
0.0672398919823345,0.187347036453569,0.45396825463427,0,NaN
0.0224212934425719,0.323873830272865,0.663509656918352,1,8.43
0.0107972792933457,0.374833279961018,0.736871029274784,1,16.16
0.0438569880900489,0.0844156637124756,0.552265709715184,0,NaN
0.085692729015127,0.0939685458779721,0.531990112567133,0,NaN
0.0998955737020481,0.405083372291966,0.488875171992884,0,NaN
0.00643689321099444,0.0412319617575328,0.570193247234593,1,19.9
0.00705702322101774,0.206143513102967,0.444769057562358,1,5.43
0.00275297050018486,0.310637482506401,0.795224514302217,0,NaN
0.00382821277266013,0.183499728176048,0.506496751675251,1,28.83
0.0079215170972657,0.102310875340305,0.409143849450247,1,4.71
0.0114083158068685,0.129383694763404,0.747490617895953,1,11.29
0.0148201267273595,0.457926232389539,0.789572070823563,1,14.44
0.0153858518022316,0.0682979375101029,0.770613035572538,1,11
0.0163875779982032,0.442971499413136,0.569790372435062,1,10.23
0.0192379517996742,0.0446741554138778,0.769908972473279,1,8.25
0.00618883148726167,0.0612048372698117,0.680090029475783,1,23.58
0.00314483449903839,0.0516033278807655,0.485791547020429,1,28.04
0.0322333297019212,0.12106003735609,0.68120175640725,1,8.74
0.0182450720780679,0.278170450593191,0.621393367973701,1,8.16
0.0158822206400439,0.492873905752227,0.653711281193047,1,9.94
0.00468640526762021,0.455501608969237,0.628334653552893,1,47.94
0.0159619221025419,0.478998187572341,0.575969248912061,1,7.06
0.00266390062785881,0.362928557169556,0.671511336668585,1,91.43
0.0543296331970474,0.0499954537723759,0.50979176315424,0,NaN
0.00725440506318603,0.284084963024753,0.585851108410928,1,15.23
0.0206756200819195,0.389253100810003,0.661568168512317,1,9.59
0.0102369873992218,0.0889002432465215,0.572950730777469,1,8.45
0.00483997151348347,0.193912817655679,0.592148891234347,1,29.03
0.0264918845641564,0.390801755668636,0.553577544955923,1,13.8
0.0750098812510444,0.245657369622056,0.691672088848629,1,15.03
0.00273139986911422,0.263454657249952,0.761227499450667,0,NaN
0.00852720753852193,0.437877476684723,0.433077172772341,1,7.81
0.00228254317755383,0.0207456131759096,0.723312220014219,1,89.14
0.0241475529263439,0.0910422009584358,0.472641386864842,1,21.39
0.0344088607821077,0.114744124421698,0.519241943909283,1,21.04
0.00130528637934496,0.255563546376549,0.763785922602912,0,NaN
0.01349380157329,0.224008444839019,0.628901898228466,1,5.58
0.003983213223718,0.413670117940916,0.450439530993033,1,28.07
0.0340877806567163,0.0110397921682732,0.780442943156109,0,NaN
0.00499619160475791,0.378139039472193,0.455545934856374,1,18.36
0.0414290052715935,0.0841568746437642,0.59868827130317,0,NaN
0.019016931218351,0.320105708786162,0.675360599077139,1,5.11
0.0179436487318187,0.367367645859348,0.743938283234148,1,7.44
0.00212389143119465,0.0984897727256003,0.629322618533031,1,89.09
0.00475411081141389,0.453965350432,0.430937114053328,1,21.61
0.0407981971662146,0.294502598224595,0.590094062996911,1,19.73
0.026240369753212,0.270081289077655,0.490924132656915,1,23.2
0.0185338266118256,0.0828299510703765,0.663246472489354,1,9.51
0.00215132000377911,0.122360063218228,0.472891206109081,1,54.87
0.0812676691051185,0.0833074748931832,0.481098959097039,0,NaN
0.00112560126042376,0.0177950860166476,0.783005740068473,0,NaN
0.0112239612445613,0.485844224916897,0.519038270703389,1,9.55
0.00238792735596273,0.432546213624869,0.758561961385965,0,NaN
0.0894157968749067,0.333752583149537,0.776492375149394,1,22.91
0.0311245337432248,0.0628882739786943,0.471559691208905,0,NaN
0.00951154439131803,0.0342395760406555,0.428513952785414,0,NaN
0.00102043471583986,0.426447972407422,0.7988165775512,0,NaN
0.0658079025331438,0.275877657388949,0.744539270566626,1,16.05
0.0310716613812526,0.42422177551603,0.751549153855409,1,16.56
0.00217602323292754,0.0675697962974645,0.603608902734598,1,77.82
0.00218257339864391,0.417244636565945,0.771204342695496,0,NaN
0.00582289448496724,0.443031286822153,0.555145157851646,1,27.07
0.0304091943614378,0.143011932743839,0.747153257134062,1,7.28
0.0773860297188642,0.229457637762547,0.683855543132288,1,15.09
0.0191363122490282,0.0953177580011006,0.49783851358573,1,8.97
0.00625511493165408,0.406220129850532,0.741348402581252,1,39.79
0.00525938835150537,0.0665919662863775,0.432112380709198,1,11.92
0.0382015203886072,0.416163719323698,0.485843882510657,1,41.75
0.0372865818003545,0.330797273946425,0.41045857922472,0,NaN
0.0465611083971293,0.462055892183764,0.596925252390283,1,20.37
0.0710349961641523,0.0743633058182413,0.703913388473008,0,NaN
0.0026671260102524,0.418026711457091,0.503760464341014,1,62.18
0.00908279610629573,0.265934243025075,0.558942840330017,1,8.25
0.0775920618763468,0.497012783393488,0.641791383111765,1,52.1
0.0351003255726451,0.25031668541786,0.575178623908908,1,20.6
0.00127643911747686,0.374592617976185,0.5771616270044,0,NaN
0.020472210853734,0.053032703637134,0.719194383071047,1,7.45
0.0275171283649677,0.025844421188745,0.622826731872477,0,NaN
0.0418832555086881,0.0640999439889096,0.486658950512111,0,NaN
0.0703253858046309,0.077944322605941,0.752759680293237,0,NaN
0.00216582507735385,0.0162502257897094,0.550863701217198,1,64.35
0.00119821704089129,0.274709169914981,0.440664973971132,0,NaN
0.00527055124267355,0.467282264769037,0.788636753145687,1,61.16
0.00260509756427969,0.325660647845706,0.427178920837473,1,41.91
0.00199615125129551,0.0294058849201105,0.587743725289541,1,73.81
0.081422457459764,0.495740391380253,0.570824939103878,0,NaN
0.0120369322150398,0.364881046424841,0.63235668494551,1,9.12
0.0367308989751923,0.3556661838664,0.402011553320448,0,NaN
0.0445919726842181,0.464161190958899,0.403318262957056,0,NaN
0.00285302872403375,0.385994575333661,0.798854758139474,0,NaN
0.00162420321552502,0.460575681035288,0.656799722208712,0,NaN
0.0408338483123068,0.141398847718725,0.705537505815834,1,16.87
0.00274235568152013,0.0610839688249395,0.587903510517137,1,53.99
0.0518904715782698,0.462126874205935,0.528129052806459,1,57.36
0.00237977136039804,0.13732486715101,0.751225177082647,0,NaN
0.0192609770676572,0.382004980301411,0.412675720044883,1,27.37
0.00266131792355406,0.287766747252716,0.550563818180027,1,62.49
0.00951228602873002,0.398156851370969,0.458177392049844,1,10.37
0.00934245283264826,0.0162944159681437,0.474644809924878,0,NaN
0.0291362714647959,0.420730777583145,0.456422787439784,1,34.18
0.00949980142326103,0.348622788831879,0.413797047913853,1,20.3
0.0306497931862388,0.485981300976689,0.444980551740279,1,35.02
0.00993676514641316,0.322885271956316,0.637673165187977,1,11.69
0.00142062314082863,0.288247803051016,0.570601700534542,0,NaN
0.018478509461283,0.152387460194385,0.624534018929118,1,3.77
0.0015388386725028,0.46608017093358,0.791107663080894,0,NaN
0.00886412203408678,0.334250122764792,0.641109159794176,1,14.75
0.0219808274255185,0.184565607823176,0.590231376653288,1,12.36
0.0393989746630357,0.48022614652696,0.435633706202564,1,83.8
0.00159315722625328,0.299480115609034,0.764878701700831,0,NaN
0.0101919283339378,0.153714375053894,0.420635282153573,1,17.37
0.00282306248996404,0.386504118430352,0.513194150485644,1,57.17
0.029837970233551,0.172331924886539,0.581300540563297,1,8.56
0.0647092600497981,0.259843970804542,0.553005676741359,1,94.19
0.00183680198524182,0.482976296995166,0.651306941020982,0,NaN
0.0960257029641166,0.31296787138104,0.553208041625881,0,NaN
0.0117601211296422,0.150545369532014,0.682476571835746,1,8.13
0.00126156608821835,0.104673408910129,0.675774040369668,0,NaN
0.0588956208244039,0.100372716692684,0.418263329390953,0,NaN
0.00661956890763502,0.421499249041076,0.447262098061473,1,12.18
0.0792100466855325,0.0689120090954184,0.628837008904289,0,NaN
0.00500744378050519,0.135628728300471,0.795946174060527,1,46.72
0.0884482843939562,0.112175963207781,0.666330864017921,0,NaN
0.00558494713344458,0.315122912553874,0.425415157022947,1,10.45
0.00127179544905608,0.0914632523639086,0.492511231242311,0,NaN
0.0055722250676744,0.451860595189622,0.71731667996053,1,47.71
0.0175277509811754,0.417706805634505,0.701533822635909,1,7.84
0.00150558376069175,0.203105658616084,0.543711184580085,0,NaN
0.00833863419221915,0.177421731783427,0.619468237626947,1,11.94
0.0425454319362912,0.326271662983439,0.605408336507006,1,20.19
0.0151228964763645,0.0576197709336283,0.585485424258204,1,9.28
0.00127023467135944,0.101714314564521,0.644532058655181,0,NaN
0.00998738857799907,0.292106204742323,0.736937880731509,1,15.73
0.00113909226236795,0.225122194953015,0.459622833298275,0,NaN
0.00386465908068813,0.38076819611233,0.718442494377136,1,67.06
0.0454765478899897,0.0664513055488352,0.550036652395195,0,NaN
0.0832300109504635,0.422470525157833,0.66609538062312,1,65.09
0.0197958839172753,0.472127767183245,0.445079796952291,1,15.91
0.0624514391822275,0.245593985322925,0.426608276779649,0,NaN
0.00132045759486751,0.253642763179126,0.708521371543452,0,NaN
0.0018501537525711,0.138604157802974,0.660427747480992,0,NaN
0.03399352889296,0.322887411044145,0.55397723798715,1,22.06
0.00398141240702113,0.329928684256506,0.552595626113007,1,38.65
0.00817586339668463,0.176668382198316,0.767570614684967,1,22.19
0.0777255883892146,0.22682350677308,0.581674327846209,0,NaN
0.0010958493280038,0.117368286749586,0.752961118372694,0,NaN
0.00484850003452619,0.177464792786282,0.706410978277766,1,40.51
0.00104791294493049,0.313215138035658,0.581208464836758,0,NaN
0.0198991672361997,0.303549772060539,0.640627339343389,1,8.48
0.0253249088263666,0.177933109965288,0.597319702229954,1,10.73
0.0015729825366709,0.44502327470045,0.422023138462474,1,91.06
0.0946058262877465,0.328393564881653,0.705628356494531,1,61.93
0.0225143897815751,0.0714091477936407,0.54579087008104,1,5.91
0.00383666165819645,0.194121503896571,0.745383396586844,1,60.91
0.00254196731332638,0.0754027453863053,0.669060205770972,1,77.23
0.00689857356662948,0.435572447118535,0.700462928759844,1,33.29
0.00352913769254775,0.0101132219477142,0.459785492947081,0,NaN
0.00438911445061909,0.437488259291811,0.640500457564725,1,51.9
0.064197497990131,0.149303606483593,0.574126322313683,0,NaN
0.0179954875953075,0.463301766043635,0.602116980882333,1,9.79
0.014120985399805,0.362439324142981,0.409565152543862,1,17.19
0.00861923104747379,0.0328018873913788,0.569012555307393,1,14.88
0.070455138253219,0.0210877135103943,0.426029616985859,0,NaN
0.00534431882769248,0.271730003332692,0.54671858759895,1,21.92
0.00503041926534681,0.0841730962549611,0.459843439453066,1,9.28
0.00940759089801866,0.174623386877595,0.713611138507486,1,14.49
0.0592629057492465,0.237751026308145,0.452501020638716,0,NaN
0.0205577636986298,0.340533138558096,0.734063855209214,1,5.89
0.00316450675597188,0.492119318483273,0.791915948756514,0,NaN
0.0099160938974319,0.316039644735673,0.691296969261415,1,14.09
0.0017712814500069,0.426415864530044,0.476367281448755,1,93.27
0.011703658721636,0.0113673064512648,0.461181115992737,0,NaN
0.00418016002178864,0.260210466516874,0.554086351951908,1,33.35
0.0189163315048698,0.0117421692520731,0.726096978125468,0,NaN
0.04043618473668,0.229686296543941,0.497634308104763,1,28.48
0.00860010019241975,0.413745734741755,0.740876259759455,1,25.71
0.00143580814518211,0.485642496856299,0.736497606008915,0,NaN
0.00648122994087305,0.126423454959322,0.727028352507481,1,27.25
0.0851158835429321,0.238492988112436,0.780614487232634,1,13.6
0.0678969164077553,0.384989584720152,0.629813436069599,1,33.93
0.00448740574841512,0.252761880307276,0.466404950832117,1,18.77
0.00136443737155649,0.155253691944766,0.623319396612362,0,NaN
0.0785012415135193,0.0437991446433206,0.466713832925345,0,NaN
0.087194907913684,0.40743332463433,0.684182277192195,1,55.98
0.00199605799765712,0.499229126777517,0.794981922699617,0,NaN
0.00140660784347096,0.47965461418203,0.612183619693768,0,NaN
0.0467236350596478,0.162792242918706,0.758068311998243,1,16.38
0.0403984916428784,0.0111508902830769,0.656083938465964,0,NaN
0.00335967013410063,0.130114070040256,0.425648892706357,1,20.48
0.00688285983160195,0.060332977018817,0.593487609933564,1,15.76
0.00693609494994101,0.196831613933395,0.754706046004963,1,28.16
0.00274367057178462,0.149085455818404,0.419272457604281,1,30.27
0.0253876110861081,0.12719624690262,0.411703394814892,1,9.89
0.00654906159263848,0.013741421838474,0.644368272111742,1,10.58
0.00437073199045263,0.131983870658544,0.66098388965836,1,40
0.00213668492017557,0.0607993410029591,0.614225957805059,1,80.88
0.0496003777266856,0.442884964153325,0.666582804819237,1,10.14
0.0184461139570827,0.383703921223352,0.72280550984794,1,7.28
0.00438425415538577,0.358109380853217,0.675465415647112,1,50.75
0.00128552150983326,0.270507762305379,0.749277583043936,0,NaN
0.0643524348015519,0.255196380002439,0.573105285811344,1,51.18
0.0148047363970386,0.318789842199072,0.793214488830782,1,10.39
0.0123152904633965,0.421911893621672,0.587525512231865,1,9.04
0.0843174668855658,0.0977610192613741,0.653784678708176,0,NaN
0.0386662599241917,0.271666738211348,0.591845700915359,1,20.19
0.00101799834283249,0.0554297222435045,0.752319817144537,0,NaN
0.0135361542188926,0.260649255177719,0.671385453728318,1,7.09
0.0159646571742379,0.244444736905147,0.528205137659216,1,16.8
0.0782468642595989,0.457444843762526,0.673007126686844,1,33.37
0.00166056806032085,0.0585536142324559,0.604411569663342,0,NaN
0.00197166885687577,0.277178319891973,0.675514359589134,0,NaN
0.0626036848271428,0.39100490842793,0.559620493242712,1,69.38
0.00274752902422058,0.160451498223529,0.424420458494288,1,31.68
0.00107830426187729,0.050588139145879,0.780158134052762,0,NaN
0.00270679059335256,0.0661875322595923,0.404963978387799,1,23.01
0.0108138882940886,0.0155994891188997,0.656979706232036,0,NaN
0.00151964153874169,0.130315650749776,0.47749893602135,1,86.92
0.016047324635556,0.190536416038171,0.40311716425499,1,15.89
0.0308239928493036,0.24463882458502,0.523247075531915,1,21.37
0.0106776608552638,0.4212811460087,0.504972768091952,1,7.28
0.0476742215384412,0.228919322520374,0.536484458227095,1,27.07
0.00230436007029146,0.491421325737929,0.650585800429333,0,NaN
0.0045401646911354,0.0702783382601521,0.631987483855987,1,31.37
0.00229632731781958,0.141411322607251,0.620095641523403,1,81.53
0.00116980741253699,0.342461016013292,0.422275396102728,0,NaN
0.0632622421977133,0.150394042836326,0.43095601881317,0,NaN
0.0021798696792232,0.424836914063913,0.558279389032851,1,93.8
0.0286765543048744,0.220921633532905,0.566487254753124,1,10.75
0.0666760773644657,0.209172102668248,0.78072298282102,1,14.68
0.00380617206581054,0.476193015090272,0.538400481115546,1,50.61
0.00182706120259106,0.444483373791392,0.484012318682811,0,NaN
0.00638352364230552,0.265052784789364,0.762185099892322,1,34.51
0.0734716382163814,0.115723013564531,0.431495793298654,0,NaN
0.0213728718809335,0.305407064876426,0.550996869286012,1,15.22
0.0242838604602192,0.39817322957764,0.5333968519508,1,14.3
0.0265255814650277,0.109869681811111,0.783485438355957,1,7.19
0.0184496077287195,0.0917842301409439,0.577110869248884,1,9.1
0.0179039496518739,0.465683914080182,0.611732387759155,1,6.56
0.00202147458020849,0.343601272136703,0.769279009263238,0,NaN
0.0244229385497025,0.208803188920119,0.524990399537111,1,11.31
0.0408928160423539,0.446437057965288,0.59626838651464,1,10.91
0.00599195674751738,0.169955065562575,0.61995165805029,1,22.13
0.045372624047136,0.449446213559547,0.670448032402132,1,11.34
0.0342982792047681,0.0639435353892542,0.51169093382256,0,NaN
0.00746627179442628,0.11586773207254,0.41362485126871,1,4.78
0.0137876737910847,0.46906321810023,0.504835585123513,1,10.73
0.0100193231620891,0.186180992003919,0.410735451584902,1,18.4
0.00123529309344366,0.415237304714204,0.50359296820852,0,NaN
0.004558472952059,0.130771086008001,0.664292857851619,1,38.14
0.0272983069855559,0.33315316130794,0.405201649706891,1,44.26
0.00648680443557774,0.201648217946034,0.413402103865002,1,10.11
0.0929033739624685,0.360990742032578,0.768534565912741,1,30.72
0.0538773739140787,0.491876227683464,0.758522437194424,1,13.46
0.00688246949303848,0.402470876386535,0.62199154059502,1,24.41
0.0534477988293719,0.0722900282300904,0.66184829723356,0,NaN
0.00138519363898972,0.144553233085801,0.736065574955755,0,NaN
0.0020222849860967,0.19560811678037,0.507267773532788,1,71.25
0.0828368746524774,0.319189794162079,0.526549926495688,0,NaN
0.00106050162369295,0.254350254728586,0.695443406690168,0,NaN
0.0411867612082968,0.306623062373068,0.630580528582499,1,20.5
0.0637890083688891,0.330934350144106,0.751291358054198,1,17.31
0.0381901441189788,0.0845940997695632,0.47703203472261,0,NaN
0.00398044574341906,0.0397455010697431,0.555930876981382,1,29.23
0.0384725502094726,0.369748154222198,0.441683701502924,1,69.2
0.0032114760210708,0.393537181948423,0.612959077287499,1,66
0.00112037378964725,0.0447677466557104,0.650321332468416,0,NaN
0.00796577700550881,0.0404008213296691,0.451844792911326,1,11.31
0.00992866479336437,0.339444563522063,0.742444333391246,1,17.71
0.0191982806200983,0.0339044069777027,0.525532943949117,0,NaN
0.00990229867292546,0.395329455371142,0.51566019727048,1,8.42
0.0118263088828549,0.411032961828706,0.63805131701169,1,11.14
0.038726877464427,0.172127838903771,0.564676090500565,1,18.42
0.00544060674497854,0.178172028049583,0.585042694386927,1,22.87
0.0201165588585663,0.342989603606085,0.627111612748274,1,8.84
0.00901505577509724,0.250645736670813,0.559383293964722,1,8.18
0.0867329098280828,0.0426279352462867,0.564411394873442,0,NaN
0.0339860922590175,0.392553305136277,0.691607155473198,1,14.78
0.0346987396140923,0.380724593892782,0.737308126818068,1,15.32
0.00619660598889333,0.489543855078469,0.444543777021543,1,17.05
0.00118558430833177,0.25110971891137,0.503237847313934,0,NaN
0.00197664947196671,0.487446848286515,0.690570391608812,0,NaN
0.00578078802804164,0.0824683331120833,0.681929639642675,1,26.52
0.00193188427817073,0.0474416076412926,0.564336137213053,1,76.36
0.00102197190257111,0.401470859060001,0.772099265255218,0,NaN
0.0032154790443359,0.32851988489713,0.671412984420996,1,70.91
0.00113167251506859,0.423158647306735,0.517583509685537,0,NaN
0.0264731275693831,0.0557205098194306,0.719153988916999,1,6.51
0.0447539034023516,0.393869324082706,0.649569057608278,1,10.44
0.00315745747811337,0.0271610666935671,0.562189988917308,1,41.67
0.00364224902058911,0.245639452404645,0.752335650983895,1,68.31
0.00204360676909061,0.303579829561211,0.410490455459044,1,52.44
0.0456642227795139,0.418616326651014,0.477957346899958,1,76.72
0.00127271932390945,0.175656680924436,0.668446619812392,0,NaN
0.0770193545789698,0.369811442528726,0.599792711128183,0,NaN
0.00168853755118458,0.151988484020107,0.550624170797154,0,NaN
0.00147613610213432,0.482776846561739,0.573004626884968,0,NaN
0.0045308061620847,0.361171442170561,0.602714951813953,1,39.77
0.00321686402976196,0.379226829136132,0.734402329841342,1,85.22
0.00206732278573018,0.271868258227257,0.574066093185663,1,89.49
0.00164254454993936,0.304235789799201,0.774980304012961,0,NaN
0.00715670924688006,0.450990903017149,0.620185996476188,1,25.63
0.00784761317095925,0.0846666068777563,0.499018401005386,1,7.57
0.0351746370247897,0.271063884471505,0.541860453719429,1,20.62
0.00649926750722185,0.4420237598007,0.693636837390451,1,35.98
0.00179859620211975,0.306047585345013,0.656442020664035,0,NaN
0.0143598177416831,0.253134078503506,0.524187742202801,1,17.56
0.00116481480601188,0.472368379149032,0.570775843710544,0,NaN
0.00520731487256101,0.465422600605123,0.769992900533167,1,59.24
0.0105478631554074,0.137394666998011,0.714743858241421,1,11.5
0.00153035853749277,0.285638305161054,0.673917505657411,0,NaN
0.00156022945742409,0.437563693849328,0.777175152087882,0,NaN
0.00105361581563874,0.424482427558499,0.763758245942409,0,NaN
0.00589237938479259,0.266604524835272,0.660138109463578,1,29.16
0.0141700689266544,0.328158004234121,0.705141391900938,1,8.61
0.047826967563759,0.319640382868994,0.51128160155484,1,45.95
0.0464444648389657,0.219149128557146,0.652648951339865,1,17.51
0.0128383492181298,0.142390877171134,0.560320294468911,1,2.76
0.0308150317809133,0.227494024847984,0.436153648811444,1,29.4
0.00118720183430228,0.0259815701584224,0.571897017373209,0,NaN
0.065956857742312,0.488140898987694,0.608935963205236,1,36.61
0.00323619899486949,0.197791481456607,0.753780894761913,1,76.21
0.0062666338747311,0.455434422551973,0.757824177900502,1,45.29
0.0615210545028041,0.316259800899644,0.627038914474337,1,25.81
0.0576982873257245,0.114941243895268,0.401543663544288,0,NaN
0.0191352469012584,0.125209601169851,0.497945848938831,1,9.34
0.0585298514537083,0.159216995792149,0.730248324755525,1,14.22
0.0400534683972659,0.473232749412875,0.556318135361848,1,21.83
0.0250017671150242,0.0869855111089592,0.650066158711962,1,6.84
0.0598594944008894,0.0520757772290131,0.612471829115376,0,NaN
0.0477875158913792,0.139196344012917,0.493914210121732,0,NaN
0.00289425179705672,0.252814614565709,0.460946546565162,1,38.92
0.00383404737860866,0.332397438971502,0.62517935249603,1,51.26
0.00364302430035303,0.314929442510411,0.686362163316951,1,62.65
0.0365413042215664,0.212013847689047,0.544882285365652,1,19.19
0.00379552775658392,0.0763887041379707,0.760827805819868,1,58.35
0.0226008163023423,0.254783383793803,0.713436155271209,1,3.97
0.00181144889547897,0.0834077477092608,0.678647791847165,0,NaN
0.0107154206815174,0.4735136808337,0.754564739697146,1,22.6
0.00178205339820458,0.342910285506501,0.790717343133453,0,NaN
0.0365477506988143,0.378599095110738,0.730820763782463,1,14.44
0.00106884195871167,0.10353250671153,0.571456536241591,0,NaN
0.00796223376837458,0.169389889472651,0.453880811450548,1,9.51
0.00690992319203903,0.290414715787503,0.716809312793271,1,27.84
0.0628295104003152,0.270942906727068,0.770281756811206,1,6.91
0.00126956054709798,0.276968365249684,0.760449580068147,0,NaN
0.00286659431004957,0.406215234153252,0.533961831751075,1,61.71
0.00214260044480631,0.412976885746411,0.539293831597371,1,89.5
0.0229393666731942,0.023785448324046,0.782147906111023,0,NaN
0.0229291485995783,0.431675436215085,0.775637406140974,1,7.06
0.0590522254120163,0.459537636739243,0.502676668360463,0,NaN
0.00140210937572086,0.460820967157909,0.520025376014673,0,NaN
0.0286766330574632,0.386025380130467,0.433980886346006,1,33.97
0.0021827487150512,0.229465925357978,0.660499465286773,0,NaN
0.00106706778427132,0.270410128266194,0.653520343277584,0,NaN
0.00169066231129972,0.240481954263191,0.754530388467242,0,NaN
0.00388638606746023,0.226845164308588,0.663819155264621,1,50.55
0.00259186903995389,0.475680516742301,0.677714499026222,0,NaN
0.0130531515843291,0.281833539718802,0.751711393804767,1,10.19
0.0482712278776517,0.378643689474192,0.757960316891803,1,2.05
0.00202898885628168,0.0741197744965146,0.475661573540795,1,55.59
0.0155920595195336,0.0241620121758988,0.403633959396726,0,NaN
0.0293189819922729,0.308434168948066,0.767569372804221,1,8.2
0.0032834170345237,0.157562006529416,0.598229791612172,1,49.79
0.0310515387594528,0.369098638299511,0.446704300416606,1,32.6
0.00472374699039864,0.406796662476154,0.698093472484665,1,51.94
0.00149461752049242,0.296319240413805,0.587580841982376,0,NaN
0.00342491746527735,0.416071538818435,0.674377883375538,1,73.22
0.00397998876291272,0.485046946650302,0.473509681066334,1,38.75
0.00245533438243477,0.211480596437543,0.494595674846168,1,53.67
0.0110832169848805,0.355635847026498,0.472219301466337,1,10.5
0.0708703917406043,0.155124193410143,0.585112755313738,0,NaN
0.0650447855586204,0.115785679725053,0.400403551402805,0,NaN
0.0110697487098799,0.343220553357866,0.605980722138782,1,9.01
0.00522321182425453,0.0604301038185148,0.79875219527535,1,41.13
0.00103591683505353,0.316368873402303,0.557346608490118,0,NaN
0.00311571582872921,0.277189617675729,0.603644149778634,1,59.55
0.00124881997073795,0.0322436845842034,0.736691897904404,0,NaN
0.0880643470581823,0.164997043773602,0.713367772175712,1,24.68
0.028536117684285,0.297367399562124,0.711217539712647,1,14.9
0.0754326909904871,0.328983530591925,0.665846008059967,1,32.42
0.0219237743225292,0.272189820201712,0.559376047364041,1,14.83
0.00755801058625939,0.225861891170454,0.453149577911224,1,5.37
0.0062595626290117,0.278344943713905,0.558054550338165,1,17.24
0.00956898926356212,0.378160839051684,0.60894013842183,1,12.49
0.00785449098475674,0.0534526779258136,0.500340653237126,1,14.77
0.0966584037029594,0.322600839080042,0.683778116601578,0,NaN
0.0807383641109215,0.466775486345374,0.436891798555539,0,NaN
0.0156319562371416,0.0897698728205757,0.788182034908731,1,9.53
0.00398182739497351,0.127711288370619,0.428118064591102,1,13.11
0.00511618442046256,0.408636963709524,0.430683949680326,1,16.62
0.00133135570382189,0.074685328460398,0.463271852133837,1,91.95
0.017122787979585,0.353903304657239,0.434592678831787,1,15.5
0.00994014711333087,0.0951480757800557,0.660560425895419,1,10.1
0.0433231239216528,0.149410237397875,0.732223895494122,1,16.69
0.0190887921561417,0.469703007839217,0.400130438536048,1,28.39
0.00163526757918344,0.0136042894604781,0.442568442677046,1,64.07
0.00492357324904609,0.189883431488558,0.495843080234684,1,17.14
0.00695147140888791,0.132313719346112,0.554825725657565,1,10.14
0.00346727946303568,0.323637871681259,0.715021189182643,1,71.4
0.0448956121812855,0.423551356755696,0.696187352088748,1,12.06
0.0166226600887118,0.0992742012137128,0.42617447310226,1,11.22
0.00155470310148631,0.353760876544771,0.444647085101283,1,89.02
0.0425751658163209,0.302938548437182,0.724893044142014,1,2.77
0.0642263368084938,0.0538241129202654,0.692511482130298,0,NaN
0.00303777994154967,0.231593575735594,0.428275070543448,1,29.58
0.00706391599173003,0.368613879313611,0.416196646263668,1,7.69
0.00261704676920026,0.274705392651024,0.781531135157635,0,NaN
0.00164748769505618,0.0670027271499568,0.658488027157117,0,NaN
0.0163196725411778,0.491913492866124,0.499337615378417,1,18.81
0.00950776994799269,0.410180683662529,0.732021685042752,1,21.15
0.0633796610857219,0.382756845497859,0.766043174139514,1,8.33
0.0371038488397249,0.114976379936045,0.618824442391283,1,5.21
0.00893545040939991,0.105276136183594,0.698755660799001,1,13.84
0.00147789955804252,0.295796704801575,0.504219232740736,0,NaN
0.00873044509596847,0.156085097080168,0.766851743550752,1,19.54
0.0350222634291394,0.142039101084927,0.705188190777912,1,17.69
0.0394766570054879,0.0204368158137372,0.751994476999016,0,NaN
0.00391370175212414,0.168840966889316,0.667617766655674,1,48.53
0.00217650637070069,0.465676501401617,0.512784173965795,1,88.55
0.0202716492019386,0.37513163597473,0.590853740603084,1,17.2
0.00142193228706465,0.483622207196409,0.525210995291089,0,NaN
0.0147978553738944,0.397793422012189,0.546153591716103,1,10.08
0.00202920317450986,0.0998349860298475,0.430767576898402,1,47.79
0.00585826455226787,0.415169235183773,0.520382697053324,1,21.54
0.0340825781135757,0.328866984143145,0.726948209615794,1,14.4
0.0196337614689711,0.193346023215222,0.475944991120988,1,11.95
0.0189322046116906,0.0117665992085988,0.513155162139845,0,NaN
0.0950391410235787,0.300116544005786,0.530115681874302,0,NaN
0.00205699880890637,0.0703855646761579,0.69435079454654,0,NaN
0.00524588931381561,0.222977231598101,0.732897287241095,1,40.36
0.00353069699911765,0.0473566432982422,0.622770218296318,1,41.52
0.00937151522410332,0.0747067928617483,0.679861939587524,1,13.18
0.00253028041810297,0.0995309628987147,0.440485815275863,1,35.94
0.0796324534112198,0.0760255452616151,0.529515661599105,0,NaN
0.00749121922122957,0.270743974701759,0.499074283973876,1,8.72
0.0165237641932122,0.33785301375317,0.619078284381152,1,5.3
0.0314710498550568,0.432936032523493,0.552278379928734,1,12.73
0.00477984621646275,0.0867814308033691,0.423249527157989,1,7.77
0.0881474725607649,0.410416443459926,0.551019067907267,0,NaN
0.0717740486266909,0.306606109418979,0.535294466219622,0,NaN
0.00326275026891334,0.450228100207628,0.740282584285377,1,93.52
0.0252807792535207,0.149892795436836,0.711978764171579,1,6.02
0.00896030903949454,0.251330770369934,0.787067099391693,1,21.44
0.0101603061194541,0.497503703404688,0.596231448739115,1,16.04
0.00806340584390791,0.386698709200325,0.555233792828355,1,13.55
0.0135043556867815,0.0750984443936819,0.70340253129823,1,10.62
0.00275991994996421,0.327831933565951,0.719223225249631,1,93.89
0.00383742384711189,0.430366477821241,0.761891567654938,1,78.21
0.00351044726816518,0.365676181492472,0.535778321748522,1,45.37
0.0117951458432067,0.0934345490493153,0.665607290324573,1,9.32
0.00225066864812753,0.416263614927424,0.506944832258628,1,77.01
0.0371913391084691,0.221281319539522,0.590262015119398,1,19.34
0.0179892457185068,0.0740192827054176,0.420542293072121,0,NaN
0.0244969038377746,0.0242529004068421,0.454477843857973,0,NaN
0.0413968235221881,0.262682689152574,0.617032968125909,1,19.48
0.00357490179337194,0.398906154548033,0.600746834815215,1,56.63
0.0872123486338248,0.0686358211404478,0.754639104063104,0,NaN
0.00151768032518252,0.471837893310318,0.655251253004944,0,NaN
0.00115711180411716,0.0466069763004169,0.472980374480316,0,NaN
0.0187005178560425,0.365218790942477,0.457663523978576,1,15.37
0.00568627484991014,0.397025303755559,0.626501250643595,1,32.63
0.00435257431662564,0.412577196600651,0.521952331802602,1,34.21
0.00332654546804701,0.394640146777636,0.60149457482291,1,61.7
0.0695265123073863,0.368913006836725,0.465179986007442,0,NaN
0.00140411638568416,0.118889496705955,0.433443486939201,1,80.77
0.0302587560871335,0.387080312254404,0.727070810677737,1,15.93
0.00856741736424708,0.381541905717201,0.784477992044216,1,27.31
0.0771720286495718,0.395628279120406,0.569027233470882,0,NaN
0.01381619215076,0.0106440550142396,0.792507162861863,0,NaN
0.00397712650222906,0.17977057166015,0.623001221243627,1,42.29
0.0233563818336919,0.0879456830376113,0.666102514349038,1,8.03
0.00316336617634633,0.398280587550663,0.539449775063958,1,54.62
0.0716095699826113,0.179051658793992,0.531453037146201,0,NaN
0.016306462359023,0.380475491902315,0.515295453369874,1,17.94
0.0636740367508252,0.385354388476222,0.738460937709935,1,17.65
0.00272952294783595,0.30189650231365,0.427414457846427,1,38.14
0.0210096251564129,0.436010160853385,0.56568714165973,1,16.75
0.0128484452343346,0.393907571757851,0.499154403049151,1,10.24
0.0341412010042758,0.122496843616434,0.402765105588147,0,NaN
0.00319948671717634,0.0206982922620599,0.557241373842276,1,43.74
0.0675280424171338,0.110066291483146,0.664911786886644,0,NaN
0.0397504077899981,0.0133822483942609,0.69856928014486,0,NaN
0.00173670870953696,0.454821481124792,0.789829574154116,0,NaN
0.0187951414056443,0.264295184074262,0.728789924675274,1,5.92
0.08574533287255,0.477416084680807,0.77877054929074,1,15.98
0.00438207580019294,0.0429986523512563,0.57501391746405,1,27.13
0.0409162026235616,0.0756855086162156,0.45383406009028,0,NaN
0.0947720234626695,0.267134489553499,0.777702788232575,1,13.59
0.00284255047317053,0.21084814812509,0.548475150856991,1,53.59
0.00828309777623558,0.228555169823688,0.506488575026864,1,6.73
0.00185109631701518,0.222123610778197,0.503849373716483,1,79.96
0.00445296324032836,0.215421925109529,0.602744204497016,1,34.83
0.00743577362590952,0.345497512205654,0.577237404410667,1,15.73
0.0319319402100675,0.398581522625221,0.726222547873645,1,15.77
0.012893292800462,0.396735411247427,0.600506981233777,1,7.86
0.0030999334033287,0.319067371808379,0.439195665938524,1,34.09
0.0341928424750047,0.311705319721913,0.521983983042807,1,21.16
0.00391853341980551,0.140942255259874,0.415802521700652,1,12.97
0.0238918303500261,0.282618837795909,0.787629788435223,1,5.41
0.0116602648648796,0.36176188520992,0.623611647827974,1,9.15
0.00824392203719428,0.439104761256669,0.557239437089801,1,15.34
0.0123989256668204,0.112040150436912,0.702909265193528,1,8.91
0.00165365532377425,0.185120214554195,0.680399115878095,0,NaN
0.0208138362383457,0.0132392753224591,0.638920831920541,0,NaN
0.0187073514038812,0.294203150970421,0.763980644049203,1,6.65
0.00126573192632717,0.26752501310534,0.5038492320442,0,NaN
0.00363742469850649,0.36865556328839,0.465716556367383,1,32.67
0.0120930802527847,0.137119449508955,0.618838383870619,1,5.62
0.037590756024087,0.396175460184006,0.747842222126012,1,15.04
0.0726436948829613,0.485019649388915,0.472187243875421,0,NaN
0.00104162179897241,0.0321244192598375,0.496258354115175,0,NaN
0.0139583030539747,0.339080831813308,0.761925292006945,1,10.83
0.0136604736070387,0.0861760322611961,0.600946973490811,1,10.52
0.0270442340416005,0.102253170112535,0.529678585386816,1,8.83
0.00576404176324932,0.280935067199896,0.456912695926903,1,11.33
0.00109346026371268,0.20431893015341,0.630696678277642,0,NaN
0.00163585784279784,0.293014230022028,0.77287843712342,0,NaN
0.0165109125586003,0.368753381779833,0.788209114782442,1,9.54
0.0082802755258409,0.36263614996767,0.521100930291913,1,10.41
0.00528972092934892,0.0335340204593584,0.554140842070082,1,25.01
0.00796262365492481,0.150916187072164,0.726685094356382,1,19.91
0.00368057563127147,0.405249934977989,0.716069174009734,1,72.71
0.018838454852399,0.0434715269262712,0.421972291288958,0,NaN
0.00683347747576766,0.217899934796379,0.762212539227441,1,29.72
0.0748484370294548,0.0854885804832625,0.615999705508144,0,NaN
0.00329595356349776,0.333867981808421,0.557862976625526,1,50.93
0.0056754418012543,0.425476958385567,0.778022429975962,1,50.55
0.0141740914489079,0.0429672904262444,0.472632707470359,0,NaN
0.00838162476045409,0.101083665483258,0.516579342380507,1,5.01
0.00831436640025057,0.180018946095612,0.527266286615913,1,6.52
0.0207446882142176,0.125588510847297,0.411100815035806,1,10.35
0.00656386353994951,0.0878137457344599,0.721065040218118,1,25.02
0.0310959508148235,0.170422020651469,0.698405891427194,1,8.53
0.00222882026990947,0.0952379324141763,0.447017920729165,1,44.81
0.0104752816737908,0.317430490353677,0.736756102220241,1,15.28
0.0651740324658539,0.0912242345156033,0.685722112971812,0,NaN
0.00265260074480357,0.117083493146148,0.748384579163184,1,90.44
0.0111366596155693,0.419965820736107,0.743720675670566,1,17.54
0.00134943633816914,0.243907769189772,0.755953253084037,0,NaN
0.0293180363965128,0.259633501327151,0.648319178842315,1,12.96
0.00189660887907002,0.122698153133224,0.408748750279647,1,49.1
0.00593729779261302,0.387058648985486,0.787906072363262,1,46.13
0.00188071103328535,0.496779617000545,0.530557387072272,0,NaN
0.0185212738681313,0.198529278707514,0.625054333007693,1,2.51
0.00208282818908482,0.275387128603508,0.525997369774671,1,77.14
0.0262788425429864,0.0847819544666479,0.454780309446899,0,NaN
0.0252207330061797,0.237783588376114,0.445308473331957,1,21.7
0.0106638053609772,0.0981932073659587,0.721467232171803,1,11.7
0.0370832466018031,0.278734797271667,0.483137903780088,1,29.5
0.00698363475250784,0.267979920033037,0.628409345422948,1,19.47
0.0154783205518041,0.363366591859679,0.429255324468488,1,16.73
0.0201908583003479,0.432368908593717,0.579520424231716,1,17.71
0.00361247308361637,0.158701828111402,0.642975980381137,1,50.13
0.0809419768134882,0.401785546696117,0.718467647172429,1,32.55
0.0158355910097988,0.227725701012848,0.582753125061223,1,7.99
0.00236886484700427,0.422884697420603,0.412480181180709,1,51.39
0.00805320551738323,0.472361255682479,0.779168855503077,1,35.81
0.0221531027570796,0.407307950067056,0.771551680284038,1,6.94
0.00754480194118235,0.192442817023514,0.56227827639254,1,10.73
0.0806358811835517,0.342538108344542,0.586028131497437,0,NaN
0.0619041968552031,0.183802011246656,0.535608344740526,0,NaN
0.00177727404378159,0.277262786546642,0.699713486932588,0,NaN
0.0212168656913859,0.232085060879537,0.429899775382307,1,23.73
0.0208998811672342,0.354789304544753,0.767580227323301,1,6.13
0.00862588066056881,0.348151410448001,0.741489443924629,1,22.61
0.0446205041047798,0.234654554140449,0.722441674979668,1,8.41
0.00129906212551575,0.103313690562069,0.410269283327309,1,79.63
0.0178521103484287,0.0800384343435305,0.46856749502178,1,12.27
0.0227449790284907,0.0244624517847131,0.588932906099513,0,NaN
0.00378583083616455,0.0662465948909767,0.494425569598526,1,21.83
0.0400147583002044,0.094650584206097,0.52948244908656,0,NaN
0.0127509241154217,0.156820512616302,0.710250289259154,1,7.98
0.0352573482198189,0.281798943597318,0.692258914656796,1,12.15
0.0387394662526384,0.451415081267178,0.455266862542133,1,62.36
0.00179793664826466,0.102812553368811,0.411589753006173,1,52.13
0.0742197669029144,0.0755304862835781,0.451324383881408,0,NaN
0.0188930034094213,0.143882727026322,0.777071702395425,1,6.64
0.00296758939206977,0.437540102231826,0.546829295279562,1,64.59
0.00323767245238511,0.101785936675487,0.618259705970824,1,51.19
0.0149615361982686,0.159853567825901,0.406219447413533,1,11.43
0.0010372431948034,0.481653572343532,0.739939069676318,0,NaN
0.00169090508648032,0.320672514179128,0.543716454069228,0,NaN
0.0108192459812134,0.275000783930422,0.566568553297606,1,6.37
0.00740206757128793,0.444200209422411,0.459758363309742,1,11.78
0.0278444687782384,0.0389290160388378,0.552412022778171,0,NaN
0.0039156251448952,0.0566084221805924,0.666876158976528,1,42.36
0.00746026429250231,0.303295754379562,0.46074079592083,1,7.4
0.00336790092429647,0.016214327257291,0.491609178717195,1,34.44
0.00492288376607808,0.26057876370944,0.486033955244742,1,17.8
0.00129272195014396,0.376430374652769,0.565447781274112,0,NaN
0.0447343810686914,0.20111378926643,0.589793576206569,1,17.71
0.0135319232712066,0.158785349857185,0.728716055727618,1,7.84
0.0150732569460137,0.0366469922645113,0.504005672306998,0,NaN
0.00300625159748409,0.245069471564842,0.479460246793793,1,39.65
0.00194203744411366,0.392294804823443,0.64692396766364,0,NaN
0.00840951084882678,0.360904689883729,0.560602571459559,1,12.03
0.00106849083448594,0.356568183187656,0.560484218422779,0,NaN
0.00779835570227852,0.0465738163757812,0.636427269978604,1,17.9
0.00563426886233339,0.464044095217032,0.437957342314706,1,17.34
0.0644060209296777,0.277539443373126,0.444671349605908,0,NaN
0.0182434041389301,0.320305729314332,0.762164657394699,1,7.08
0.00167394612619632,0.0169718556675374,0.526591114706833,1,76.78
0.0222838303819116,0.318436934210445,0.424283779159008,1,24.63
0.0107811717472361,0.24394515242738,0.522218321039591,1,4.68
0.00428170438832021,0.356443842430229,0.725444393321348,1,58.45
0.0215084832796364,0.162538068802578,0.537990748442216,1,10.46
0.0564514567188351,0.431925098631074,0.704711701702172,1,9.21
0.0501704463081575,0.436905393716369,0.469116161222124,0,NaN
0.056238107979656,0.480198304383865,0.708082795655304,1,10.27
0.00444829090280875,0.0430326034204794,0.658716886378389,1,34.68
0.00558824387841978,0.323769987117447,0.751900412375367,1,42.9
0.0109508887549866,0.385701403220972,0.467234663460691,1,10.68
0.00410007886723122,0.317453248578031,0.685565474319772,1,54.25
0.0169851164018006,0.139206683618888,0.766401402929882,1,7.08
0.00242134150113725,0.0556557794083559,0.651078880831347,1,75.76
0.00464689889764713,0.390712698131525,0.745800202166831,1,57.55
0.00433737994475116,0.0763528596709849,0.706186863332166,1,42.89
0.00137410431916236,0.133665960409501,0.480029844579791,0,NaN
0.0316396449714064,0.280436260210276,0.561524649268806,1,22.13
0.00132683530975432,0.248719916195811,0.553914449085289,0,NaN
0.00662657662980708,0.114708830503215,0.617549345785899,1,16.83
0.00770936299464542,0.451471970964683,0.422515814794536,1,8.83
0.0120752032190834,0.273528138316998,0.453624240138327,1,18.51
0.00204747309026712,0.430110414313193,0.479206945331977,1,80.08
0.00108944493435758,0.0400751062287952,0.664429595572898,0,NaN
0.0338283572622227,0.152640438916666,0.789529530640713,1,6.93
0.00188672680879658,0.129405125802577,0.672846424419804,0,NaN
0.0630371640346969,0.318607716842519,0.742805877063941,1,16.97
0.0228578292760953,0.180700517093614,0.594524077314785,1,11.71
0.00535235110164305,0.355019726689488,0.58435362269842,1,28.97
0.00774907638867195,0.147329959874103,0.430481773415539,1,9.46
0.069369624206892,0.091196085310051,0.559499589390872,0,NaN
0.00152710140838554,0.260553848906679,0.76565693215794,0,NaN
0.00422955801966939,0.496588215419376,0.438573449156195,1,32.15
0.00854705909864043,0.394833804408678,0.640960103186291,1,17.89
0.00389061188508367,0.156084359632613,0.453269113807073,1,19.82
0.00165836208623014,0.0916472706382255,0.526841576467488,1,89.32
0.0027323891043341,0.41772310108941,0.788637101666971,0,NaN
0.0170840269422176,0.355978037912726,0.415605476966249,1,15.34
0.0010154747369969,0.33798844357166,0.414880613100438,0,NaN
0.00356512557935381,0.0798075335400995,0.744962183556318,1,61.11
0.0136532307410317,0.2705288531292,0.608888520834993,1,5.65
0.00674056506401281,0.173185951282202,0.56536662091376,1,13.3
0.00620991666000855,0.492121674300103,0.423095719118695,1,15.29
0.00416031471665036,0.397747085260048,0.637674185113987,1,51.67
0.00434564527023114,0.451883424110267,0.437250795924712,1,25.73
0.0233901916684103,0.44461119120616,0.662972669376977,1,9.76
0.0797718682204975,0.242234826248481,0.456497663373056,0,NaN
0.0467642099714277,0.442486800511955,0.574975418436287,1,29.98
0.0388757635509438,0.169320266292559,0.547055719935169,1,18.79
0.00100681075425703,0.0586612709586671,0.7807126230643,0,NaN
0.00768211435344,0.154743966093993,0.419381820952973,1,9.92
0.01165490451874,0.397024720547898,0.765408246220953,1,16.33
0.0317506707130122,0.403997457800346,0.625064142644415,1,13.69
0.00316708014090493,0.014522873645857,0.590713940743079,1,56.97
0.00261582521130797,0.16087994662523,0.78677964177022,0,NaN
0.013626858543668,0.265033363859199,0.490218451759068,1,17.58
0.0811620802466016,0.499100127776308,0.452746134692479,0,NaN
0.0196338478502071,0.0706999806339223,0.474495282303247,1,21.21
0.0208187240377017,0.072802847974519,0.432528201142738,0,NaN
0.0119856583565584,0.0234254370299799,0.794071920331555,1,9.26
0.0784915217118317,0.193179109187457,0.68269395445643,1,9.22
0.0160008341892426,0.197315900933492,0.677163421979358,1,5.18
0.00565404961677973,0.389876278947733,0.636733682271569,1,33.63
0.0392569512498308,0.426818107801938,0.490294076313742,1,41.46
0.0263488672876033,0.498471693081387,0.512524328148303,1,14.69
0.00992064261095362,0.335674612904898,0.565934213272542,1,8.83
0.0292311985852244,0.475070282498784,0.781272670359941,1,10.17
0.0146509967448594,0.198493202265657,0.41603309153404,1,14.65
0.0575972358917063,0.286709194440041,0.542073046979451,1,52.39
0.00390375741870851,0.31601976516762,0.649606218535972,1,52.67
0.00294767512899095,0.0465931641774476,0.517482397756948,1,35.65
0.00209280499761364,0.179489716649239,0.739396143622264,0,NaN
0.0160917026960061,0.0873535443772576,0.603463707856906,1,9.2
0.0487395092135552,0.0890845145647612,0.654181729939898,0,NaN
0.00425988548621384,0.393311913853646,0.505826541741666,1,32.07
0.00450149977972939,0.099765830045469,0.578989309018157,1,27.36
0.00630064231990445,0.147109982080752,0.772705563366759,1,32.81
0.00137092397616152,0.19591734685368,0.637138579796163,0,NaN
0.0141349808895547,0.11056645443055,0.68944731124088,1,7.74
0.00703817404248196,0.108113926782114,0.737392138110843,1,24.24
0.00234539309157183,0.276927971672645,0.611186953535603,1,85.55
0.00115109071659618,0.0500279598543326,0.585637449192365,0,NaN
0.0189480385054617,0.223142237199097,0.623145984529193,1,7.1
0.00218096098657102,0.0267665325133689,0.683960178916478,1,86.15
0.0350525142047121,0.300757411873073,0.643225967730582,1,11.61
0.00586906137458692,0.0375740717137724,0.741890058779377,1,32.14
0.0129056600461087,0.20581329090414,0.5301669941593,1,8.59
0.00498995532425122,0.154755850577609,0.546448000813743,1,21.38
0.0964256717877789,0.318809787213672,0.665776832322762,0,NaN
0.00243218099033404,0.472737018459414,0.540139144746582,1,85.89
0.0126391787240627,0.460592307802597,0.515476820132966,1,6.86
0.00327636746316959,0.46046883536902,0.436019408855424,1,39.75
0.0629568209334732,0.219253499276748,0.631089316016295,1,16.25
0.00737840952153357,0.116930552326506,0.786812753789366,1,26.17
0.00459783842725281,0.394562987355505,0.610093537848197,1,41.65
0.0679867304836598,0.221480886913439,0.68716064040775,1,15.16
0.00173710276190333,0.446113713810349,0.453882423350757,1,91.27
0.00120380502916537,0.447791686331084,0.661234216701087,0,NaN
0.00590822367918914,0.257310822141738,0.75778138616529,1,37.6
0.00252288070176974,0.153105420150433,0.493614627989007,1,49.37
0.00344169158464438,0.196349971002923,0.63791605689946,1,53.98
0.00161414489544635,0.314996894564111,0.721826923952913,0,NaN
0.00889834513992413,0.367327750672788,0.659436105766105,1,16.96
0.0157838824089333,0.467126933919457,0.438577471736861,1,17.34
0.0144450326412403,0.124446707515617,0.412931335282788,1,10.89
0.0478372251471646,0.422677094646899,0.622758795248918,1,19.84
0.00222864951176963,0.110426614097325,0.648501954725125,1,88.85
0.0252925594985888,0.151874511202064,0.407401174127601,1,29.61
0.0326178085241832,0.476524772162547,0.699603734018233,1,16.23
0.00308851484967705,0.275623646967951,0.512825149151611,1,44.93
0.00289328150771659,0.150295926733965,0.785253764092006,1,89.63
0.00738044569567789,0.273287492583681,0.482003300887051,1,7.57
0.0386474864489202,0.0796838665098716,0.550233509986391,0,NaN
0.0120434653737972,0.408279668918963,0.761516362583666,1,15.85
0.00122016258526808,0.410753022993314,0.683366658132971,0,NaN
0.00311459916098104,0.081513530405661,0.493334265094725,1,32.09
0.00355567576705537,0.0934385440553298,0.494022734018381,1,26.49
0.00393227494037494,0.476287246823455,0.538668393289952,1,48.64
0.0327056034933823,0.208168842015931,0.520894970317995,1,19.98
0.017153988671936,0.186274508091379,0.449959828645232,1,12.69
0.00137080781835953,0.184204532319484,0.545175274647324,0,NaN
0.00142965342959517,0.434909317171397,0.583158479206898,0,NaN
0.0168949023178431,0.453411385982199,0.51267835231776,1,18.2
0.0831711018680125,0.334310391625675,0.480009838358718,0,NaN
0.0546937553075557,0.335901932331673,0.616519935755206,1,26.95
0.00923338838634855,0.282953258858868,0.408559246785995,1,20.36
0.0139511108848554,0.405912933779345,0.694403746462047,1,10.45
0.00792233464667096,0.014402578150264,0.687312185464471,1,11.45
0.0406890947348171,0.333212216693284,0.701283338380227,1,11.87
0.0136364397245809,0.0242862352681775,0.711926906990976,1,8.28
0.00184888141629467,0.0472971471572707,0.500648729723666,1,64.45
0.00137354500949961,0.286592221673521,0.616392513127818,0,NaN
0.00427509709781083,0.494331125005068,0.500438176171339,1,40.67
0.0113711032096256,0.15732190491337,0.41681561526615,1,15.91
0.0785281354081776,0.135450943546477,0.563483996977418,0,NaN
0.0152717803621136,0.46044767529247,0.44849747095023,1,18.19
0.0111455674128915,0.186229564850396,0.68772277299019,1,9.55
0.0514839430705907,0.13781324247122,0.597231722416578,1,19.95
0.00206334451972198,0.364959079007524,0.479644120727464,1,73.34
0.0234166764994654,0.191533004691865,0.744908801981898,1,4.57
0.00144080262194525,0.320756960851955,0.456529316474777,0,NaN
0.00944772436638272,0.439311220289247,0.56817148049606,1,13.08
0.00349936126622344,0.235559492226199,0.606270899843002,1,49.98
0.0656741791450166,0.123474120645139,0.759813630748815,1,10.3
0.0157463899168213,0.305784997594779,0.546094593233179,1,9
0.00149510277585973,0.33755870166974,0.75782563636731,0,NaN
0.0171516927756597,0.274115071163578,0.571379974402919,1,8.48
0.00161822557227772,0.28384917970885,0.490340275279895,1,93.93
0.0044188040259022,0.0148890514643483,0.423661321630134,0,NaN
0.0173435191826896,0.391943488355628,0.534191434522941,1,17.56
0.0120102387462323,0.496514001557421,0.659202277980961,1,15.65
0.0599769932868812,0.123804828994882,0.695932890825483,1,10.54
0.0203940879069918,0.431305736697177,0.63882431544414,1,9.94
0.00379770749494039,0.458356856940796,0.573273232255663,1,53.34
0.0175411305469975,0.319622327267504,0.518168735794382,1,16.45
0.00259136326689105,0.0332917551538124,0.797843958099637,1,92.36
0.0272567540806821,0.307608338492471,0.539052130277136,1,12.46
0.0714707404905992,0.0237167146339466,0.426736704471139,0,NaN
0.0112813686398476,0.05300816271244,0.532959424766175,1,11.8
0.0364532035980068,0.130854640788573,0.617159782634778,1,6.26
0.00196890136763487,0.265722366890548,0.772779973554403,0,NaN
0.0157108844423207,0.214215193858409,0.512117146647645,1,16.31
0.00442348959791887,0.0278726797835545,0.425474601220545,1,19.63
0.00552494040099789,0.0582054798885887,0.468017850507502,1,14
0.0191726754373787,0.0294831950844069,0.683696381413427,0,NaN
0.00650607163246509,0.0952898214724572,0.424860777053474,1,5.33
0.0548402947213399,0.236900833695491,0.481069719774922,0,NaN
0.0629292961376045,0.302990780862497,0.409205414836576,0,NaN
0.00163131846983455,0.231943596679032,0.423210470598634,1,69.71
0.0169985388900504,0.499228392838135,0.746530961466868,1,12.31
0.00846354812256862,0.0232027973970942,0.529009054248185,1,11.13
0.00448487340200597,0.0585184441314422,0.628395257707981,1,30.93
0.00141152513231757,0.230741244957195,0.631137518046983,0,NaN
0.0110520412597067,0.0380979079939862,0.520382574002262,1,4.72
0.0669021886067211,0.285321315180598,0.496621908034372,0,NaN
0.0920714804598503,0.414609792152555,0.577818353567562,0,NaN
0.0418004430466009,0.293351105116463,0.493769398557572,1,38.25
0.0814469946271978,0.231124340610356,0.49998766776411,0,NaN
0.0878719522400201,0.079898670023039,0.60502535391216,0,NaN
0.00869562382584364,0.327677104420173,0.645868401366604,1,15.37
0.00565510361858398,0.293112541846906,0.76452529086794,1,42.13
0.0035252704596533,0.12209473854932,0.569409948489102,1,39.74
0.0117295812267756,0.227837263494667,0.65100601876057,1,8.21
0.00398747037791418,0.198866658387409,0.749380039632277,1,58.79
0.00132938088196106,0.206014560653623,0.607089405757887,0,NaN
0.00157601400241213,0.12336993808386,0.447394396624412,1,74.26
0.0476507766825155,0.446234973218018,0.41335563095456,0,NaN
0.00956954554894606,0.258560695159985,0.445486576417823,1,10.56
0.0904582263801118,0.303726442886012,0.436086453248075,0,NaN
0.0533969217035851,0.329979198563254,0.58445285061992,1,26.86
0.00454936319856478,0.138786245334285,0.729585177138408,1,45.7
0.082076783837373,0.471237260262724,0.497643228405548,0,NaN
0.0971476418834241,0.260304232695545,0.625831943723003,0,NaN
0.00130540493333878,0.387782130605563,0.525520768349021,0,NaN
0.00667031825360273,0.0315961579913754,0.725177587869021,1,28.17
0.060855233590197,0.198239952723187,0.609250612956154,1,16.98
0.00154741610634353,0.208901113893742,0.641755558455041,0,NaN
0.00308859567872862,0.174630826106934,0.457936735384522,1,31.82
0.00269897336686546,0.195696112659154,0.50812784481857,1,49.38
0.00261233009352222,0.320528244411384,0.719886228059621,0,NaN
0.0118241958372715,0.449165534160102,0.698283788322234,1,15.09
0.00272508339797038,0.485282945069557,0.62595326807096,0,NaN
0.00423257234183181,0.430304010554361,0.744799727130941,1,67.68
0.00966196750479395,0.170222263633702,0.736005361607348,1,14.86
0.00713419164635501,0.0354322172032146,0.711207347578523,1,24.73
0.00541851031050614,0.1471813218795,0.533403204725253,1,16.55
0.0284013295410122,0.399448281003925,0.415476314227017,1,45.57
0.0205919994884231,0.437615385057276,0.514325913013067,1,16.18
0.00141334287774522,0.123624446298802,0.648781576617801,0,NaN
0.00585369862888891,0.483710378994868,0.64398798264953,1,40.79
0.0161096598584584,0.0249791889372945,0.743026234726036,1,8.04
0.00103710248564729,0.425441798494692,0.601846498750538,0,NaN
0.0291562385968214,0.460345856957664,0.56428191826128,1,14.07
0.0659485215272682,0.0840415866415654,0.726093310674832,0,NaN
0.00646241802378288,0.391191805979755,0.702849254570257,1,33.62
0.0147731362697622,0.35393152928391,0.62618437484855,1,6.38
0.00209762262193363,0.17900815364103,0.681693295800258,0,NaN
0.0123870602472432,0.0107418273497115,0.624800340856378,0,NaN
0.07161239262962,0.279905603292422,0.677814704317732,1,24.24
0.016151489253528,0.472663051345338,0.761305331730211,1,12.42
0.00480400018871342,0.463842780921924,0.446778503364731,1,23.6
0.0298165645258791,0.0279979173559635,0.615347940196879,0,NaN
0.00157157790381548,0.0987990263005986,0.570498664622558,0,NaN
0.0118555261675657,0.15857856767262,0.712049044786016,1,9.22
0.0611359255283014,0.386845002157502,0.655577458251359,1,26.58
0.00680242430879027,0.0397382898423592,0.470308618307457,1,15.82
0.00112643623719899,0.372498002080845,0.757181916996178,0,NaN
0.0338168821303243,0.0774058839045222,0.569634973051691,1,9.58
0.00218573188019466,0.266974221949383,0.7017925435797,0,NaN
0.00103202966012365,0.33963623289656,0.647461097098395,0,NaN
0.00180452421591853,0.372710506827445,0.79669419118083,0,NaN
0.026840791695511,0.186685552534917,0.476429306149022,1,21.14
0.00108142961805356,0.0971548355214904,0.794739499994225,0,NaN
0.0524305690307628,0.0295002700891232,0.721732212773914,0,NaN
0.010940307597255,0.287463738718822,0.701645072382931,1,11.92
0.0101597477897746,0.297093191500439,0.476293210468344,1,10.24
0.00468160534021936,0.0349481700014369,0.42243829727082,1,19.84
0.0222225172950094,0.319143330808626,0.756791126005248,1,5.62
0.0397798248231641,0.345780849844829,0.678297917278887,1,11.8
0.00460757933291321,0.333696531927764,0.607974638140658,1,38.24
0.0105296210650373,0.467744629281642,0.498590779259799,1,8.9
0.0491099528499693,0.372755764373036,0.501667413188407,1,64.68
0.00502820320224596,0.273695666775026,0.764054453625104,1,47.92
0.0149761686045709,0.468309192530642,0.771087783653003,1,13.9
0.00356197666436388,0.0598634458464605,0.546750375888804,1,31.44
0.00100610095247531,0.140387775658054,0.490615459770906,0,NaN
0.0143496732153548,0.447573612101734,0.581399002898275,1,7.57
0.092850825045129,0.164646714036904,0.797606750026476,1,16.92
0.0283345521555432,0.482628466630932,0.666506095620868,1,17.02
0.00352134625292648,0.17368085174027,0.609109106541148,1,47.54
0.00145254113128869,0.362005723933428,0.711207022543041,0,NaN
0.0177091865065009,0.118574268799834,0.481583797614864,1,9.59
0.0010909146245724,0.365350506613176,0.733745675079294,0,NaN
0.0057120284650701,0.109037639470386,0.587637184747239,1,19
0.0333174587078219,0.176792929522505,0.425540473929218,0,NaN
0.0126517708737433,0.207304422034288,0.669715886510666,1,7.39
0.0852883149108621,0.0352140116186314,0.522998375026416,0,NaN
0.0171925534776119,0.466422823462353,0.55121069061636,1,10.18
0.08229955313303,0.285641361692684,0.732224283857228,1,23.24
0.0133319778424659,0.0469977701124597,0.755209758690201,1,15.43
0.0257944397164032,0.105234011474678,0.488581116349847,1,11.26
0.0864944609234306,0.302413103584065,0.634518429245363,0,NaN
0.00215380134360896,0.295054278382834,0.439920116510981,1,55.43
0.0220358361141112,0.0600259594456745,0.458498841905871,0,NaN
0.00211712222975978,0.3235280590874,0.548974180673855,1,84.54
0.00630358189842409,0.200864216069012,0.719990626566904,1,29.61
0.0190551258392664,0.380008351626599,0.518084164664178,1,16.3
0.00913509305820858,0.443707405649653,0.483857329088638,1,9.35
0.00134277891987421,0.0653639041139544,0.452947856012017,1,86.14
0.00664764673502558,0.0488557237755584,0.650781665587345,1,20.85
0.0336627867457734,0.322908946138956,0.742622785098902,1,14.93
0.0743303892483164,0.488318545132721,0.712614898035743,1,17.28
0.0274473594157007,0.372184561920319,0.501447907005792,1,24.37
0.0312200914861413,0.349821181644043,0.709327580339234,1,14.99
0.0351668082060918,0.166007996746657,0.604172382884724,1,18.56
0.00220366010252768,0.290679607760671,0.781540134033773,0,NaN
0.00373551481687881,0.454545196599906,0.700887769048323,1,74.65
0.00181500777835279,0.317431067891555,0.585131169265052,0,NaN
0.00766092092228524,0.279198484664689,0.787803729272668,1,28.49
0.00251017836981294,0.299572325614901,0.444388098841119,1,46.07
0.00351114955177308,0.0898524105110817,0.414750970919056,1,13.73
0.00185645915256853,0.122765459051139,0.543417875509463,1,83.99
0.00596612858788943,0.499311352673708,0.605408341892936,1,37.98
0.00628224808097287,0.132427851393506,0.545900970586565,1,12.15
0.0165338506182098,0.463887372228337,0.598189172255955,1,7.07
0.0358859828320549,0.012356147142887,0.635091505737961,0,NaN
0.0448276861724994,0.332019760057358,0.611325877429081,1,19.67
0.0392798766175119,0.481592546994921,0.525494582684743,1,21.86
0.001542764044829,0.149736141028728,0.405957950212222,1,65.37
0.00108653636480618,0.171074280230925,0.522226528843689,0,NaN
0.0341617459831648,0.0894816302794314,0.57759578536133,1,12.7
0.0083092486656012,0.343815408224235,0.685814691207322,1,19.81
0.0733165855070738,0.460441519615654,0.79557736786556,1,6.82
0.00592793328597055,0.236146440214412,0.761968867821485,1,37.21
0.0491676567728001,0.30547811061744,0.624127603484142,1,18.35
0.0160146094909646,0.149554427833844,0.665327399072348,1,5.14
0.00460561482157516,0.331666843889267,0.52397363464301,1,27.56
0.00374220787263734,0.102216691136569,0.440273362881136,1,16.31
0.0958662978290555,0.18386484861633,0.61430467923038,0,NaN
0.0646121265757819,0.0238072606285356,0.683812806247251,0,NaN
0.0813861308523868,0.434256396745469,0.447667729190041,0,NaN
0.0536912216768755,0.226041387561695,0.750304086991428,1,6.65
0.0535918192511132,0.184023781861782,0.652458578985319,1,15.95
0.00566798711880025,0.0202859499099195,0.430728101993192,0,NaN
0.0366859200282279,0.0831048951374529,0.413638758282874,0,NaN
0.00222452914681854,0.170350087358025,0.72699053187954,0,NaN
0.0326821745186547,0.34129768898956,0.750240192323564,1,15.3
0.00532510515429252,0.122516600147054,0.543577447714046,1,17.35
0.00149252391211728,0.141047124528394,0.534921104912116,0,NaN
0.00114306524304601,0.231264229482261,0.581865611096059,0,NaN
0.00217967743433986,0.322179917601841,0.423783514789815,1,52.56
0.00102818595546383,0.345493073779557,0.621826925026774,0,NaN
0.0019632972882682,0.151161724786914,0.550644625903741,1,82.01
0.00550539848195004,0.0465214715808309,0.584297150490859,1,21.41
0.0431551038346822,0.414033184021455,0.615014262425211,1,10.45
0.0010232138506138,0.235586605030612,0.405613525752885,0,NaN
0.0273162420839785,0.0914511241001789,0.546375535558942,1,4.34
0.0194929197732024,0.0881175820211079,0.511508588288081,1,8.59
0.00204566064401321,0.150730033093694,0.528772357073489,1,72.79
0.0596394645789798,0.199954938935967,0.758293253607983,1,15.22
0.00319468754939587,0.202870530591232,0.670183096859596,1,64.71
0.00259355751219293,0.475493977157687,0.649872869319978,0,NaN
0.0035372584474728,0.0637310289399302,0.626339844153741,1,43.58
0.00125614736707975,0.044870977441495,0.463379720080186,1,92.17
0.0411841770743098,0.34363303651516,0.712702324960633,1,12.02
0.0164426637659946,0.139876260664674,0.75835975885192,1,7.15
0.0116769513454878,0.0170564109330418,0.537611499504031,0,NaN
0.0418997361063273,0.317603662755256,0.578694920248256,1,19.71
0.046507193428207,0.0809657147730429,0.789931750044559,1,11.87
0.00405053451612602,0.176649568832888,0.646495626346851,1,43.99
0.0447283693844125,0.053717196063543,0.608610321964782,0,NaN
0.00464616411731635,0.384324044981105,0.779055723160446,1,60.94
0.00464952772046915,0.200971807400045,0.460165151950216,1,15.38
0.00209335117191609,0.281302625939842,0.62011757795312,0,NaN
0.0460008661808622,0.0673738400912394,0.559420173606502,0,NaN
0.00178907670030435,0.100650590632803,0.600314303005285,0,NaN
0.0134495288580284,0.433667941998086,0.706658275318099,1,12.13
0.0594029744435036,0.200888992252669,0.596055065326503,1,17.18
0.0114407343220263,0.453473657973048,0.599355582139363,1,11.54
0.0356098551674515,0.455753352368771,0.631439378795827,1,13.37
0.00275128284158799,0.334083368967101,0.587862895576352,1,69.95
0.00248324420708345,0.305268971941406,0.473703598712708,1,53.4
0.0195506189606292,0.432376151776904,0.450259700914413,1,15.44
0.029851408633488,0.224285923048141,0.645042026999278,1,11.39
0.0468829640821078,0.158606929109989,0.417187085312771,0,NaN
0.0618642619398889,0.190961007981553,0.664535722573339,1,6.16
0.0466344396543854,0.144308542294403,0.799159390819913,1,16.3
0.0122277355750948,0.397758406854573,0.662645083265762,1,11.13
0.0155120439965261,0.199473851521633,0.728892835012034,1,6.8
0.0377144345614703,0.393004247140366,0.795069822497483,1,15.57
0.0559129163358467,0.427931234460955,0.594245131675658,1,37.05
0.00974348084405354,0.173585070761752,0.48212671155454,1,9.16
0.00337687414937943,0.025292390231775,0.731029765907243,1,59.38
0.0231040294501562,0.341974672855071,0.71754573437584,1,8.95
0.00901170482976424,0.328872026351168,0.494936691404474,1,6.98
0.00261955643279175,0.468845439957905,0.496441404405109,1,68.43
0.00460068850118451,0.143511293554394,0.710326968151123,1,42.97
0.00149595214372508,0.305506603703932,0.4736059455396,0,NaN
0.065822459186859,0.161368536966272,0.492351361695774,0,NaN
0.0153919656866722,0.469073329469043,0.412751536297755,1,17.67
0.0110449195758213,0.0314705857081368,0.569961137333337,1,8.48
0.00323898816324003,0.421766316530235,0.650011871651977,1,74.45
0.0133453818041983,0.453298705544024,0.706920240993895,1,13.25
0.00473654877549525,0.44960523148227,0.547231763781046,1,35.8
0.00563631248847323,0.313239124451746,0.434758175978051,1,10.64
0.0279573748974821,0.101816723038138,0.724210675995383,1,7.41
0.0438451736790026,0.340590282599047,0.765592566894789,1,2.99
0.00154658115809453,0.278875071884527,0.406216637658294,1,72.28
0.0485425282779697,0.262231562820701,0.780993055292886,1,7.69
0.00555971820835727,0.468156000524078,0.789365234043773,1,57.48
0.00265731738401839,0.167241338465614,0.713299160338754,1,86.74
0.00538838942117649,0.47998458086093,0.772093147688655,1,59.76
0.0271148826310944,0.179007070965735,0.677072651358593,1,2.79
0.00156440798552818,0.402168313254468,0.637468190933864,0,NaN
0.0327539319270032,0.284159491521775,0.417235984151095,1,48.4
0.00284439233491597,0.333227289266542,0.639783728395472,1,76.73
0.00488018111005194,0.359720036866037,0.689800965236675,1,45.68
0.0347216399454923,0.0260479046717037,0.737446339293149,0,NaN
0.038225028227715,0.259726852037873,0.682785311505153,1,10.3
0.0142367194092695,0.172027818930199,0.765470056781635,1,8.53
0.0603054216134498,0.151075544331245,0.506745944104139,0,NaN
0.0781007383325456,0.189389582890873,0.460006155035079,0,NaN
0.00244155992533676,0.328909304153721,0.792885827549306,0,NaN
0.0151899754588519,0.416083871501977,0.597520835741411,1,6.51
0.0184964595186206,0.0319963803940722,0.625783260792569,0,NaN
0.0107232484506864,0.254068883783738,0.423849451594111,1,19.27
0.015464844701985,0.0360655201188104,0.737452768221171,1,8.68
0.0176554857749111,0.348599226972135,0.658890708752926,1,5.39
0.00890861914580612,0.477390576681184,0.470777596853401,1,10.43
0.0334818506374674,0.42277776865386,0.598785382130302,1,12.7
0.0674294641653379,0.0981398564796665,0.676648822894258,0,NaN
0.00121256138169746,0.0897021381036208,0.571238447894216,0,NaN
0.0552954969383879,0.120615665793191,0.666460146412788,1,10.93
0.0646495244918565,0.178916888425742,0.410900625706844,0,NaN
0.00452855398789152,0.240820500782414,0.764185607508521,1,53.41
0.0105850691578501,0.348640736156449,0.406979192317543,1,19.92
0.0806661277768025,0.17258870201715,0.53444497897993,0,NaN
0.0184359489748242,0.377747650952445,0.533569691761406,1,17.12
0.0829852787814301,0.213617397379446,0.630599919106769,1,56.29
0.0474833547798409,0.311765632274457,0.4602311585378,0,NaN
0.0021023406171886,0.36582105554972,0.443538480147233,1,62.19
0.0113980048274902,0.155535041865748,0.569432975556945,1,4.36
0.0385096412506985,0.14479771258397,0.731182432382306,1,17.2
0.00159625197491039,0.144136516607923,0.646277760113857,0,NaN
0.0218268571791713,0.338281976520771,0.53895863914024,1,15.27
0.00613120918122717,0.154698098165703,0.672171186815541,1,25.74
0.0281216380190965,0.201990981580471,0.48278532035577,1,21.01
0.0106718566669278,0.411459626373985,0.770588654950705,1,19.88
0.00249092341986758,0.104640211189547,0.641160363008649,1,76.26
0.00721379142277414,0.211092361836355,0.741229925690148,1,25.75
0.024916827084088,0.463572703864313,0.54923108732473,1,15.27
0.00668020823396926,0.298426456380672,0.44034645742031,1,7.79
0.00586266517876169,0.463107031246416,0.422220189416225,1,15.06
0.00517893874412677,0.127913657010012,0.491123442776054,1,12.33
0.0404087372845833,0.462810254916828,0.600999338531258,1,11.51
0.0798349991956879,0.18163329697401,0.583473004349136,0,NaN
0.0258322885684938,0.0751618543459293,0.428122896397869,0,NaN
0.0201091486055371,0.466534360080736,0.443560365587544,1,15.62
0.0178331164413523,0.0815704487703663,0.677585171425714,1,9.5
0.0938472169655765,0.0314244654461227,0.719169530669245,0,NaN
0.00125202279760288,0.224004961340828,0.537899541738346,0,NaN
0.0159496323428875,0.120349425594231,0.632405167492059,1,5.88
0.00131883720798069,0.133734018191461,0.661736663834802,0,NaN
0.00465538778092832,0.470847984149371,0.437012231106971,1,24.17
0.0115305568471022,0.329014325060751,0.601564310545343,1,7.73
0.00367301355904317,0.195770628087176,0.707562965135408,1,59.21
0.00458504678232974,0.328143642025213,0.768873528951895,1,57.34
0.00177273965174722,0.408585173536732,0.715054238155379,0,NaN
0.0236954847089711,0.0871198983977406,0.565999308634779,1,6.26
0.00104417515158747,0.332274913474564,0.671990998706675,0,NaN
0.0482870858106984,0.0730186910308449,0.705562552531806,0,NaN
0.0690921093814543,0.376004810728313,0.777809386288862,1,7.9
0.0376253360958798,0.11930640223714,0.603906875234395,1,4.48
0.0130761954127491,0.26600143802321,0.646956777986448,1,6.98
0.00967326429086581,0.368186092539386,0.42536084645934,1,11.27
0.0126845835751181,0.122662778735631,0.534956432707969,1,3.43
0.0103570641278564,0.374405979297652,0.564922218169121,1,9.3
0.00385176056716567,0.0731964625691308,0.485934262625539,1,20.19
0.00336145244111323,0.230483257466167,0.496112846613102,1,35.37
0.0753961613900382,0.44687546016163,0.634455931502668,1,58.95
0.00160352193661275,0.312859139861193,0.500287615823386,0,NaN
0.0241552908768369,0.277718311579269,0.577058245927246,1,14.26
0.0136403903249588,0.38212533447503,0.559768474689924,1,5.97
0.0106075060788023,0.11073612321475,0.777411444165308,1,14.03
0.0805112981161044,0.145360835016112,0.491655820999416,0,NaN
0.0205988900769788,0.347816206509236,0.683149099958965,1,8.8
0.0101498650314568,0.391694049748836,0.632187822349703,1,13.14
0.00305682808686448,0.440578341474354,0.557179708065651,1,64.62
0.0254302390291977,0.147997047791154,0.761908404399442,1,5.73
0.0184519921575084,0.427997306344213,0.551473477918404,1,17.37
0.00869948953209209,0.0254628528531315,0.768013415522018,1,26.34
0.00470363051696683,0.264752561204871,0.706524845040956,1,45.6
0.00418999686262698,0.316732708904284,0.530760803126786,1,32.55
0.00160610190101567,0.326578414953412,0.573476652897431,0,NaN
0.0249916443930385,0.125713973659467,0.788713118363812,1,6.8
0.00109557934119959,0.333130625377506,0.530438936620504,0,NaN
0.00338442963923085,0.289531570069445,0.414533960778951,1,24.59
0.0344596099965315,0.103422632752093,0.579719849768808,1,12.75
0.00383783473417716,0.317688736724929,0.525880117130023,1,36.45
0.0277051617758581,0.0483366143662101,0.468777533306449,0,NaN
0.0072335902086175,0.0538298074988428,0.767124881116638,1,25.19
0.0460834122097425,0.0490642069038964,0.628857645512507,0,NaN
0.0261022809720866,0.180210224378246,0.711955601729451,1,3.58
0.00613267640626122,0.299561755838222,0.550797478492604,1,18.05
0.00274061838460977,0.2198713344591,0.569210243597631,1,60.38
0.013478234167713,0.253414679519,0.415947885391957,1,16.85
0.0524867303629316,0.0340800501021971,0.748912497333111,0,NaN
0.0811988757327075,0.175746392019555,0.789612185373998,1,10.83
0.0010135302157792,0.494424288795605,0.463087069897902,0,NaN
0.00292871711792132,0.131608180577145,0.538516048290628,1,46.84
0.00788653964576378,0.380386680227134,0.490371072817083,1,10.04
0.063960212176648,0.137127837633275,0.538317805542822,0,NaN
0.005972075762284,0.0162234254504133,0.45288912166694,0,NaN
0.0742110874149486,0.421904295075163,0.485306521164008,0,NaN
0.0932665011334218,0.485202185717757,0.550103422344973,0,NaN
0.0144119705591398,0.0698219903446438,0.704382988040391,1,10.76
0.00275994678059385,0.314366705809258,0.595961696178606,1,69.64
0.0402560711517257,0.0806257798245811,0.654070282121719,1,11.47
0.0774383746347192,0.33812519690225,0.588641183035838,0,NaN
0.0233177893396466,0.29982562511856,0.490699103745463,1,13.1
0.0991485608463487,0.167114999327408,0.699567417523621,0,NaN
0.0247043883612666,0.142169342325491,0.772747854312214,1,5.81
0.0740142091645093,0.0566770488381206,0.498348868891236,0,NaN
0.0361905041899312,0.245094266886441,0.753011097454779,1,3.15
0.0235286390790131,0.0189591035323858,0.708304698134298,0,NaN
0.0178734982587988,0.435156860911706,0.632203868144918,1,6.43
0.00118233224697785,0.0644621246817456,0.485477689253425,0,NaN
0.00375481429201218,0.227827015272225,0.530632361262451,1,34.68
0.0737197312930989,0.253261474735036,0.472682077809888,0,NaN
0.00100373076650254,0.470688829368617,0.636585232990113,0,NaN
0.0014050831833457,0.452473158684908,0.673157176679482,0,NaN
0.0415374350552694,0.498228239545239,0.525782786546991,1,21.82
0.00901967785572588,0.236110796930671,0.634856586829719,1,11.84
0.0149447872883167,0.280702279740824,0.470126615633432,1,17.09
0.0118916699080938,0.0858527502483797,0.578181020016851,1,9.95
0.0982527283621099,0.236331056338127,0.733643883556456,1,7.16
0.0025113885275588,0.486399693833038,0.698371749050934,0,NaN
0.0142920556061383,0.0278013256496841,0.475441626298643,0,NaN
0.0187549546856703,0.317853447866682,0.545909900568852,1,16.53
0.0037386832811101,0.446733794473005,0.501407282981476,1,42.19
0.0438059117573449,0.0714553963602593,0.611429509099329,0,NaN
0.00748212821521891,0.156889975451015,0.715071566965419,1,21.49
0.0239641466297492,0.279764460912275,0.794445789513081,1,5.44
0.0625438303145467,0.485367020548836,0.438386335372059,0,NaN
0.0182579278582643,0.0386371157721645,0.449327260429898,0,NaN
0.0390291112962003,0.191351129399794,0.527828909491904,1,18.86
0.00839352689447656,0.15783535772054,0.642984675352805,1,12.96
0.013837317777827,0.153370418616984,0.732967582569629,1,7.7
0.00219659333506785,0.0445489757898133,0.506524676350585,1,51.3
0.00965467418353005,0.284550636795277,0.480836201629709,1,9.79
0.0334762405539243,0.367390035617859,0.781998552915442,1,15.9
0.0889094015382902,0.049233388078102,0.775298489852043,0,NaN
0.00458459611789649,0.30748410973033,0.782997983478374,1,57.89
0.00925891375842544,0.451595419686344,0.400146249505322,1,12.03
0.00220166336734772,0.082262626161235,0.525996834740925,1,61.54
0.00498798783698151,0.300524399023603,0.6630432047818,1,38.6
0.00129334866261916,0.0363097892434087,0.418867212429944,1,70.72
0.0885845563567249,0.0450408778541205,0.40627021798186,0,NaN
0.00116580849675894,0.370050393256293,0.700954245894541,0,NaN
0.0611950091174261,0.0676269973938597,0.504521307952527,0,NaN
0.00493824379274714,0.486309957462671,0.797629554484674,1,70.71
0.0306405581834278,0.15322804642847,0.474898962863761,1,20.38
0.00737692909574596,0.361829174115461,0.475557890204953,1,9.67
0.0364824854393327,0.0323406363622617,0.662189390392385,0,NaN
0.00736181001426564,0.432821208358567,0.714141148733262,1,31.29
0.0435394446406646,0.18043241101306,0.422155420103691,0,NaN
0.00354882599032064,0.0619597657225207,0.402429618612787,1,14.87
0.0059063175063743,0.471957939363245,0.669703731206477,1,41.12
0.0164510581007591,0.429903681895299,0.669929955174284,1,8.12
0.0442397838690654,0.2253186601416,0.78451408115813,1,6.86
0.00923888733273319,0.0151447216584748,0.45664669387134,0,NaN
0.00754629764990732,0.294503032391973,0.517195585596454,1,10.22
0.0804495126003092,0.205149941607946,0.454922192244634,0,NaN
0.00120968264886003,0.186421886452797,0.734790962909422,0,NaN
0.00424257720914602,0.217676988145656,0.430255188055347,1,15.12
0.00222362852116821,0.473531499205623,0.74180138180751,0,NaN
0.0639358301451226,0.272582958572415,0.517955682385656,0,NaN
0.00223263119684249,0.0498798305548886,0.714989959999267,0,NaN
0.00259582233934364,0.362794096353993,0.492802664491298,1,57.51
0.00580360722584957,0.115904733667017,0.790668217984369,1,37.35
0.002911633845073,0.321291559259052,0.418625615620208,1,33.93
0.00101420827184124,0.438671785689578,0.584057019224345,0,NaN
0.0554333523393658,0.237821225284065,0.729628757264276,1,16.56
0.0460422486016309,0.157526517778838,0.49440208275145,0,NaN
0.00234935775634974,0.224498776875534,0.602834922551491,1,80.3
0.0967163297071432,0.0842343012510577,0.762722250942044,0,NaN
0.0809310852951314,0.201139905275348,0.730724220242801,1,3.53
0.0232577830405516,0.447982609082519,0.736402502123167,1,6.41
0.00738873885329135,0.0941801681067448,0.495020522227218,1,5.29
0.0912680328803375,0.0222804705281123,0.507458636965328,0,NaN
0.0167234715147545,0.163219302586444,0.628700656977324,1,3.88
0.0242959179150118,0.45175365204983,0.558415968154613,1,15.35
0.0175700009213198,0.110198054004481,0.4251411145938,1,10.57
0.0139034852943479,0.347129592631703,0.518714053278994,1,9.67
0.00538263786439066,0.164949054817603,0.723799199358564,1,36.51
0.0849489867982531,0.352407052219457,0.65337038150822,1,63.47
0.00147030313533948,0.108390367684139,0.639271096125361,0,NaN
0.00120613705049416,0.276763207783181,0.738459659416601,0,NaN
0.0525559344550479,0.171386615969109,0.683739864715943,1,15.43
0.00719913426114669,0.255440322103105,0.797903834222361,1,31.34
0.00209744539091156,0.140999174821982,0.589180751745573,1,83.84
0.0326768458802435,0.0878599278770041,0.507336787530411,0,NaN
0.0352080141752615,0.3084952744972,0.786773213174499,1,14.82
0.00375071577801051,0.290703642380227,0.580089401695031,1,43.97
0.00163520233914637,0.378669430276904,0.437743264516592,1,84.55
0.0144966348368239,0.370097878360511,0.541836810242795,1,9.95
0.00525983839357945,0.156439162677502,0.685472376757816,1,33.87
0.00147028054286314,0.36204516730149,0.798129493211041,0,NaN
0.0282059617271425,0.239420889506975,0.437521223030151,1,31.63
0.0109623023823754,0.456902267696715,0.434565773383991,1,11.27
0.00397474769578761,0.280789190521698,0.674059615061182,1,52.74
0.0205832917790726,0.304920080810486,0.479401562095668,1,14.26
0.00206689463940572,0.352194959516851,0.583872152160535,0,NaN
0.00441227926826459,0.216675050360885,0.638421746598435,1,39.62
0.00317951884892931,0.417057122144685,0.449074003248215,1,39.98
0.0320495353860421,0.469427683276305,0.662083283606185,1,15.57
0.00675177988491976,0.407320680312144,0.419370687274475,1,9.47
0.0184125745521498,0.365489637149603,0.455617604414242,1,15.49
0.0471347976055252,0.130948394128733,0.735988909288313,1,15.4
0.0837896937933512,0.23200548498649,0.557903494530694,0,NaN
0.00945245346154055,0.0140073682155073,0.559375475856592,0,NaN
0.00192919371927329,0.312887013831793,0.428003997627371,1,61.75
0.00173086763631296,0.330571049857498,0.487327837967963,1,89.13
0.010524750450778,0.0311371794724452,0.466223272431483,0,NaN
0.00186166634887982,0.434961329235513,0.706504295272431,0,NaN
0.00921327107962095,0.0418111320337732,0.66897798061756,1,18.92
0.00443610624735006,0.252754777422532,0.525393465887803,1,26.83
0.0314247333029735,0.45545964373839,0.58013464958966,1,13.53
0.00259452827432222,0.100774131449086,0.433968808170273,1,33.28
0.0755833806243407,0.283868674498463,0.664680174765974,1,32.3
0.00752049952812046,0.0297202333898293,0.465463399620017,1,7.97
0.0417483457940439,0.169577125982553,0.435972944924185,1,53.64
0.0136046382049691,0.205783897603947,0.662125720027615,1,6.58
0.00430719652892584,0.0115297135357638,0.660540592386492,1,34.45
0.0176328242901031,0.140307580234933,0.584179281319555,1,3.27
0.00112100662876448,0.402908181045801,0.624465647712629,0,NaN
0.0442407711293097,0.398834813766012,0.509235529029451,1,39.23
0.00594155591116816,0.347391843548576,0.641560980611441,1,29.94
0.0209936424360973,0.0421123156710698,0.799437355310375,1,5.45
0.00303359307505936,0.122294426863374,0.436901830220061,1,27.04
0.00910008620213022,0.452259134605444,0.486939195481024,1,9.86
0.00787000870814005,0.455521848872605,0.477512976879631,1,12
0.0214661637199386,0.312722042362907,0.637685213172275,1,8.38
0.0396869380727175,0.141163293777081,0.569546873220852,1,8.04
0.00409832858156415,0.466833286805832,0.587887638946623,1,51.8
0.00354834588970164,0.225292197890057,0.522744016272728,1,36.56
0.00972511591855453,0.0779862192292599,0.466618987476638,1,11.88
0.00198131031167708,0.0524259203193649,0.770735563354032,0,NaN
0.0223763334288497,0.088634807218977,0.687089435102715,1,7.99
0.00103871425125568,0.185674576086188,0.436183161492257,0,NaN
0.00784462365271592,0.192661725515539,0.715322855469095,1,20.29
0.0208405881246016,0.0588160946317207,0.72233245525304,1,7.69
0.0113065335003321,0.231658405374277,0.613344944485234,1,7.24
0.00241914257394253,0.318543718814342,0.658625772366578,0,NaN
0.00664641226466511,0.402848710729715,0.478628396052998,1,13.52
0.00104072739870891,0.125489747143221,0.508882175249627,0,NaN
0.00847717631830895,0.464857601032408,0.608087798012268,1,19.79
0.0046212333223813,0.266529567169413,0.534724842923821,1,26.63
0.0311689287203303,0.494261062287089,0.589486760920015,1,14.5
0.00350822024215737,0.338279825565056,0.718236799864591,1,71.68
0.00234031456712149,0.149118413370826,0.686902299944284,1,93.86
0.0806364413832518,0.41851464573845,0.46786600515175,0,NaN
0.0508375943965767,0.364048542140115,0.45369936115153,0,NaN
0.00627547582617663,0.466529443684983,0.625673866736732,1,32.86
0.0033119668508055,0.226385226103004,0.68067229632067,1,64.6
0.0982512128793113,0.0239794308781516,0.779186093782772,0,NaN
0.00944291139426936,0.391946803023506,0.795760563583,1,24.58
0.0305619444303008,0.0727115034353273,0.58574691096745,1,12.61
0.0328473848514866,0.339961895333985,0.749591802934828,1,15.27
0.00470713537773962,0.31241586840275,0.509926889300539,1,24.24
0.00144774850281149,0.419504535787488,0.554354550726496,0,NaN
0.0022088272273719,0.434136342024574,0.574149624164339,0,NaN
0.00548755962302819,0.0121052424686196,0.660998732196904,1,3.74
0.0107707934242901,0.194288605854121,0.576536984141034,1,5.89
0.00102918576724392,0.15705616187726,0.591328722389161,0,NaN
0.0308268481669174,0.0940035889436182,0.521422973873706,1,9.4
0.0406751206923867,0.294637737678559,0.68048287325104,1,10.53
0.020631334086188,0.427472767084291,0.447088382369728,1,14.6
0.0162269503542697,0.378946221371089,0.680851515967988,1,7.34
0.00458525398172565,0.0287506464535226,0.478060036250777,1,25.38
0.00142501559014258,0.324988366811021,0.486961571045244,0,NaN
0.0925777620602844,0.490488784220993,0.482703584745192,0,NaN
0.0108621515800097,0.309081796830968,0.499191421017568,1,9.8
0.00169578977361153,0.359287216496629,0.503947610959663,0,NaN
0.00421066963481695,0.279338053329615,0.487560706333886,1,25.17
0.078071946402727,0.486835210585479,0.523676196197803,0,NaN
0.00417001862352051,0.2111753146431,0.40413344061447,1,12.24
0.0079520373131974,0.0860513504425293,0.797633016090644,1,23.35
0.0582213765168534,0.277156960917781,0.504932711212629,0,NaN
0.00715074779523822,0.0604999252346551,0.729425075810165,1,22.62
0.0551657185747226,0.46096889447187,0.611204863527508,1,28.42
0.015698052637585,0.182877297198105,0.560060964609457,1,6.99
0.00121432471657013,0.456643784801743,0.453194807653248,0,NaN
0.0690809963550839,0.20650909087411,0.638283074979728,1,16.34
0.0365900966425201,0.153950147999631,0.618015736967482,1,17.9
0.0076447840979685,0.170425775444125,0.438105107347245,1,10.05
0.00167178624158548,0.0242476416849127,0.670156152373991,0,NaN
0.0179768541311754,0.107823737634192,0.612064615444221,1,9.04
0.049292105472205,0.19306234979315,0.642581453607686,1,16.66
0.0139231443591496,0.353953387713,0.557149565768106,1,9.61
0.00486024643875639,0.132389130240031,0.69093869324456,1,37.64
0.00398845745563198,0.0485309906829971,0.520892371309774,1,24.06
0.0527032737815464,0.021378386822351,0.470445700663082,0,NaN
0.00348241826203066,0.331414603071442,0.742615040528648,1,75.78
0.0847883844802864,0.449014412014827,0.483516158348953,0,NaN
0.0433251822154539,0.213036443139192,0.491826085545425,1,37.44
0.0312858700356542,0.186617311698417,0.600609627259773,1,8.83
0.00156053205426912,0.417606441525755,0.557788392816462,0,NaN
0.0747689850216186,0.140041891264425,0.716778005020843,1,18.03
0.0156493674902497,0.288446708287846,0.7752086228929,1,8.42
0.00235088690691693,0.494096464151452,0.704939401010107,0,NaN
0.0546892290297978,0.263217302754062,0.656060838084279,1,17.18
0.00181281130476956,0.304058001074631,0.799867751785983,0,NaN
0.00181620498966951,0.153751615670202,0.590751749474863,0,NaN
0.0220816313764449,0.121780497899319,0.472428817711915,1,9.54
0.0123602657999648,0.169634571737056,0.716235010996493,1,9
0.00125361795279215,0.122972714837418,0.674704987674004,0,NaN
0.00532032374150149,0.290573282187421,0.797504928386397,1,48.76
0.00330942841102279,0.283773123498216,0.770912141759744,1,81.61
0.0575021902926016,0.417912763029775,0.470050361919318,0,NaN
0.0410612371806527,0.14702005455132,0.739790400537456,1,16.9
0.00321703154799106,0.102671324642449,0.79142358212361,1,77.8
0.00990617271081609,0.391487602740434,0.724313816440526,1,18.55
0.00186917162008492,0.458704344291122,0.440393417198198,1,82.32
0.0286190991283405,0.430575230051439,0.407458593937988,1,45.54
0.00948664745681165,0.410162355926352,0.446488179884265,1,11
0.00372026152651986,0.180249719197885,0.709556399555724,1,57.88
0.0533687372228245,0.413954387678638,0.469224432963495,0,NaN
0.00126097067881752,0.463766832883111,0.47644149571978,0,NaN
0.0453656706048894,0.278740241258479,0.403807159490272,0,NaN
0.00306662468279795,0.455186757788622,0.682118697587216,1,89.94
0.0618022127741223,0.298723479512024,0.77555998536413,1,7.75
0.0470256767783888,0.307050840537729,0.716951329926695,1,9.64
0.00318090178763472,0.284469134364225,0.400278041588831,1,24.77
0.0562945145713048,0.221654811813088,0.572261147830604,1,26.26
0.00226008167081324,0.0431440648882041,0.535962716002944,1,55.05
0.00377059404882853,0.130557248392424,0.691127796114951,1,52.68
0.00276350696221265,0.12629741805185,0.455863606017028,1,35.7
0.0214304079578439,0.410597885306568,0.551291622141891,1,16.32
0.0162300579407081,0.468548511363684,0.570592447072256,1,6.23
0.0213253003965513,0.485096369519495,0.545860380906942,1,17.19
0.003900223189189,0.164229990693523,0.754286335253959,1,59.61
0.00967763358677184,0.154729379277595,0.762832826728548,1,16.17
0.00218986767890309,0.111498428810045,0.410327699305659,1,39.4
0.0369245208165998,0.158146868395896,0.784575844207135,1,6.8
0.00694558068667456,0.339895665764445,0.736288906577359,1,30.9
0.0437675227217392,0.354831301299233,0.592514647732792,1,19.75
0.00104182426414982,0.224321200086016,0.743989537477065,0,NaN
0.00116689779599268,0.498055248526831,0.510080424105168,0,NaN
0.059935575838749,0.0845289785741677,0.591838461771094,0,NaN
0.00219171965192372,0.148875363139408,0.71365081098996,0,NaN
0.00145774598015882,0.368333839429991,0.498648733627472,0,NaN
0.0824558053325705,0.427925285163371,0.674620864075984,1,48.98
0.0648576038057205,0.492677246217126,0.61388904741719,1,36.75
0.00111609077700411,0.243557824000751,0.755868500707846,0,NaN
0.00605397203466683,0.0730751679446237,0.696256081846811,1,25.66
0.0011162743521287,0.202877945863652,0.640739338649645,0,NaN
0.0239409360732914,0.199958781625125,0.42269845102273,1,21.33
0.00649410776711309,0.264991544012511,0.430434583567722,1,6.31
0.00273389826254699,0.220804308410684,0.663724909901108,1,77.68
0.0286644381114423,0.0497334427787243,0.587068668863163,0,NaN
0.00320301317106677,0.3108520797448,0.760239097847451,1,84.74
0.0417118084705947,0.117846705686938,0.494321996995832,0,NaN
0.0264254541622021,0.354180435457759,0.751401943048292,1,9.04
0.0133532567784907,0.333929317384279,0.575830973521713,1,5.82
0.00471668129308259,0.495252548465862,0.78292616462706,1,74.9
0.0128515062598005,0.0861733407365981,0.566831647953475,1,10.81
0.0614933972804132,0.0245785382075019,0.746682508679173,0,NaN
0.0277456091432955,0.253623288318397,0.483714801288373,1,21.78
0.00219374474394417,0.352860890714005,0.584298892476587,1,91.63
0.0019276537837581,0.399242009829341,0.755399855598617,0,NaN
0.0075441450872445,0.470439082173629,0.400104342068212,1,8.69
0.0259399064372971,0.0154722071766031,0.493806202769341,0,NaN
0.0044993236672911,0.350140538952735,0.506048335612553,1,26.95
0.0330035230643042,0.0556846291396966,0.416639741006939,0,NaN
0.0801264246457619,0.169188501817998,0.608728724953681,0,NaN
0.0198950172051393,0.337799424305418,0.589248648369289,1,16.78
0.0407173352261065,0.336161597986682,0.492058976970818,1,39.05
0.0261858796192328,0.256364672306099,0.573611885527767,1,12.84
0.00141384283973785,0.282079353084012,0.502001515804157,0,NaN
0.0149977747025629,0.298660166161921,0.669696828230149,1,6.65
0.00444244839613894,0.271514106055744,0.589046548478295,1,34.97
0.0983841980966542,0.221183182966203,0.70595912020431,1,55.54
0.00185873946906783,0.139858959720608,0.716826800531423,0,NaN
0.0133645435242647,0.027412712725906,0.581578595565296,1,7.35
0.0226043310143142,0.123132569711639,0.457904969898287,1,9.92
0.0245139504701785,0.183494550234578,0.604188922791658,1,11.16
0.0357107121081515,0.301693544688919,0.602444302046351,1,10.74
0.0461621220246057,0.345749344366606,0.527797456189625,1,37.82
0.00109183461772058,0.333802565460672,0.634827288235972,0,NaN
0.0479557727947043,0.420105515127622,0.445599145859595,0,NaN
0.0386863129509793,0.175373395669074,0.571774251791987,1,18.3
0.0726536846483823,0.0793680658037534,0.643240737305081,0,NaN
0.0249282763363526,0.321857443340805,0.419108262997875,1,34.52
0.00532548961790417,0.135983668891365,0.676360601512476,1,31.71
0.0647104854761717,0.275523271398388,0.488856766996455,0,NaN
0.00115308115345682,0.193035171703184,0.431526598945204,0,NaN
0.00436385781206492,0.317181394238181,0.77479865471753,1,61.03
0.00177299735544914,0.375135616753266,0.515571361844652,0,NaN
0.0906190547043647,0.261899686840739,0.555004747663908,0,NaN
0.0138903403524773,0.152990691550401,0.636937025426015,1,5.29
0.00362843034515547,0.311769436145263,0.624365704838583,1,53.57
0.00120059641110087,0.0844063203395096,0.693205002209926,0,NaN
0.0457112266012435,0.402794930094389,0.562566755890903,1,29.39
0.00128176879303791,0.485807387850593,0.568993222151266,0,NaN
0.0104145082773574,0.395648019449866,0.652030808668359,1,13.49
0.0312084317658454,0.288166216985812,0.523676346870086,1,21.85
0.00464848933725949,0.174963816606778,0.753341750643248,1,48.09
0.0012603099141448,0.400047138745175,0.72191353151207,0,NaN
0.00674142779041332,0.207227514112404,0.786076657157611,1,32.12
0.0520056753363677,0.17195654960784,0.654548941736193,1,15.78
0.03043272857847,0.39625915217319,0.615363897272483,1,13.84
0.0502134101301845,0.372463097485421,0.577917842729488,1,28.15
0.0394072726774306,0.252322081290435,0.779263013925133,1,3.14
0.00180072309325945,0.0751918458952146,0.495107901754096,1,70.68
0.00865266713269293,0.271718995484203,0.422678675983271,1,11.08
0.0551825081534652,0.491517023457308,0.672888464638621,1,9.7
0.00232294343587795,0.253143177070439,0.515064884251492,1,64.37
0.0795622361988026,0.480997316081381,0.702504590283943,1,25.59
0.00379912791480069,0.33892065802567,0.474421844050085,1,30.25
0.00362341153579282,0.0385218340035288,0.417626488964042,1,22
0.0638022297518818,0.0935301142021958,0.670840223907871,0,NaN
0.0385482326547368,0.182473787611855,0.440063406432858,1,44.18
0.0232357693872351,0.239531890227135,0.674936482757423,1,3.51
0.0184864814110666,0.216503584076131,0.663737010448386,1,3.86
0.010563601741028,0.267321544295511,0.476512579928861,1,10.12
0.0298509968729259,0.376681828773704,0.567930766666413,1,12.97
0.00412869615347401,0.34636918961319,0.782290405017068,1,68
0.00112811093959881,0.177727422649255,0.554813428802268,0,NaN
0.0053829807365919,0.320437738507395,0.626100423618083,1,31.76
0.00425478433990533,0.216514762440998,0.584880108811724,1,34.94
0.00185324232987264,0.12057422876072,0.4463747536283,1,59.71
0.0313636973136127,0.473796487393678,0.596973188507357,1,14.15
0.017031125224249,0.162358228178897,0.403082113906861,1,23.68
0.0491987940099851,0.185210936247326,0.65953162842276,1,16.54
0.0146138409779303,0.0596630738896761,0.635320733728712,1,11.59
0.0857835490808279,0.265683842768535,0.581839931950609,0,NaN
0.0179039550476994,0.0993304092516411,0.623756851521486,1,8.87
0.0474594021916526,0.0247636986643764,0.656909222908764,0,NaN
0.00147831014110303,0.203616648137167,0.574936881223296,0,NaN
0.00259306948330363,0.29487496226937,0.748672790576529,0,NaN
0.021660733219699,0.0563589157957987,0.475180879773328,0,NaN
0.00863798230315604,0.36888624369623,0.6524041795567,1,17.4
0.0133061921536999,0.164037542199198,0.656586664924953,1,5.65
0.0222871404747798,0.335226067932606,0.44995081776587,1,25.41
0.0454610416269132,0.343352526328228,0.772048057624779,1,2.97
0.00250752746112579,0.0972691737820578,0.779696250893234,0,NaN
0.00399257567881037,0.116663524274513,0.403408774903674,1,8.88
0.00621020154542185,0.144490703137768,0.634579380294253,1,21.42
0.00203792257227825,0.101337359185882,0.557126559467324,1,77.04
0.0228608252248148,0.417829182641226,0.459900829680599,1,26.43
0.00192527599631472,0.377544091909386,0.405956003285261,1,60.35
0.00124248716354364,0.0250212460800349,0.72347820509517,0,NaN
0.0403638662638953,0.336428924270124,0.582412974233253,1,20.54
0.00273637940173475,0.185635063852261,0.41013361804177,1,30.22
0.0548764571552033,0.358348301017048,0.6195683145137,1,27.39
0.0876731132610055,0.372029471339086,0.441292052971881,0,NaN
0.0228162008957221,0.371969177699043,0.405543030730007,1,36.92
0.001693866742138,0.247896338211807,0.413887340186514,1,65.09
0.00293043237691439,0.0475463042180487,0.643129871330734,1,56.67
0.0725441967738057,0.0795856073390214,0.612069279305365,0,NaN
0.00294341658985398,0.312282357446707,0.675956767045491,1,78.77
0.0212192452300499,0.111353491362513,0.414946506366765,1,12.49
0.0528920034311937,0.258554739606866,0.594320179730874,1,26.78
0.00311428888808329,0.48310230317868,0.703875174129252,0,NaN
0.0148723510512526,0.341371055891474,0.703722177896199,1,7.98
0.0188422931319483,0.412995240857583,0.77073405816268,1,8.48
0.00113104899557146,0.019279555064336,0.473736252461009,0,NaN
0.0388661138108071,0.468149348803228,0.593786943337269,1,11.87
0.0071027725072677,0.233849316644692,0.59768370436692,1,15.68
0.0184629349283786,0.446968356014511,0.749714047977083,1,9.17
0.00309741992215934,0.153216863269595,0.516671336154917,1,40.67
0.0441882825493382,0.355130480906893,0.709844749171382,1,11.44
0.0399024646513963,0.405032926409525,0.501508381393346,1,40.75
0.00578300440495587,0.318557274006684,0.492600626868959,1,15.14
0.0120543303825979,0.232068803797071,0.600223823243886,1,5.87
0.0255303742133524,0.179121127731554,0.516572011214499,1,9.74
0.0153525862353557,0.467698423120033,0.637669902917829,1,8.9
0.00806381863143417,0.371978206591485,0.549057273411632,1,12.75
0.0079721527850991,0.259594026615469,0.771484334121902,1,25.12
0.0128099937788233,0.32234308534633,0.583745543129663,1,6.01
0.0220304450071723,0.0302040028730154,0.72088087156256,0,NaN
0.03359944086076,0.10816052144738,0.405834549396629,0,NaN
0.0185986223912755,0.288080762332552,0.661685520322739,1,4.91
0.0214693067389545,0.369821798363861,0.75493063178073,1,6.01
0.00784249697329642,0.0691305547020322,0.685494236735332,1,16.97
0.0227379228714583,0.324081352858493,0.659558451446422,1,8.37
0.00216752019728604,0.0388255431433469,0.489581305438633,1,47.86
0.0222191291803691,0.46497940928966,0.606092396303199,1,17.31
0.00281933666842217,0.337222110314377,0.432584570079139,1,38.49
0.00287212362943354,0.149252712644242,0.765505490086275,1,86.92
0.0198144181211844,0.131824000577721,0.670516301651954,1,6.19
0.0284833722719088,0.354801657770812,0.7348413116127,1,16.34
0.0694630177817378,0.0195228510045442,0.633498591594859,0,NaN
0.0727119161311912,0.0549222233057784,0.621824244068956,0,NaN
0.00179257863393603,0.107731942258906,0.610127833869033,0,NaN
0.00236781769972581,0.376876367260921,0.525867476977036,1,72.97
0.0448022659770087,0.490393611863889,0.6851308532561,1,13.28
0.0115279414936437,0.344777711436815,0.675760720813358,1,11.06
0.0131546631919508,0.102538313912755,0.597206282704879,1,7.54
0.0113629851544994,0.415857332731828,0.481147442750147,1,10.59
0.0124597712556652,0.40582749176109,0.542041783608156,1,6.55
0.0193871422791151,0.361544542158324,0.481004945944359,1,15.36
0.0137929774500345,0.0100436178318835,0.605270792078223,0,NaN
0.0463860307673884,0.0134479829612608,0.756988981219717,0,NaN
0.00558803555510506,0.389831075210796,0.715254254548029,1,42.48
0.019507240874203,0.0846328691006506,0.540904121186122,1,8.11
0.0300300145877655,0.466649006018001,0.437328414088665,1,34.99
0.00845237409324747,0.0370810056840697,0.702863387798592,1,22.33
0.00213512410797264,0.0320521796420546,0.736811801773854,0,NaN
0.00425375600077428,0.0663862283431262,0.508624348622909,1,19.37
0.0944679549319962,0.306983915411022,0.670986682671516,0,NaN
0.00354910798279645,0.496697768477353,0.703014536733149,1,89.86
0.00271173076551619,0.477466734899464,0.564432949604925,1,82.16
0.00122067365712911,0.318273738580175,0.405947614673037,0,NaN
0.0274609227120169,0.0983284456446613,0.480186037491386,0,NaN
0.00601977423356907,0.227005104900053,0.738197051793406,1,34.04
0.0147137065073033,0.420400577266992,0.699367461190389,1,10.19
0.00842057616798784,0.0886810627879746,0.611536074342566,1,10.63
0.00329830562373192,0.195976485216207,0.437291994728015,1,26.08
0.00196118837451645,0.174559954967057,0.550044885252848,1,83
0.0436764415975479,0.165217241311548,0.512490162458116,1,19.4
0.00343604605834195,0.177623932439379,0.748800858186711,1,69.38
0.00108626973402686,0.38996156584672,0.643683597797798,0,NaN
0.0233230984783449,0.353740609164607,0.40630092277402,1,35.84
0.0183098940149706,0.440171801552155,0.572722426990372,1,9.88
0.0370944862381977,0.297159963914736,0.490964496364863,1,29.57
0.00395321355755232,0.150941785066136,0.769750241094471,1,60.06
0.00298255131382297,0.272788561296039,0.53345899326063,1,50.54
0.00188066148737497,0.277167220961989,0.443074249271007,1,65.98
0.0421961445639596,0.0562694645184805,0.524353446918088,0,NaN
0.091405938771957,0.261643265594104,0.746590568397135,1,22.08
0.0108754561539822,0.170059794425546,0.487846749663141,1,8.76
0.00331162619500457,0.182972867006604,0.743790857762578,1,71.92
0.0274669898577781,0.423423305191911,0.633120621730196,1,15.81
0.00242601206012217,0.178326650652372,0.403709567238365,1,35.32
0.0125916568013844,0.258620013645656,0.409696735430851,1,17.58
0.0579036084877172,0.145330209689343,0.678496483670118,1,12.36
0.0069632398545171,0.0220938870999523,0.536482584007917,1,8.17
0.00139557280651444,0.0492054677472545,0.431741523669327,1,71.54
0.00606197188240605,0.451167092979734,0.787723319546565,1,49.82
0.038379218311104,0.163656701384955,0.621325431974978,1,17.81
0.0394388650803057,0.401173900709303,0.745303416223961,1,14.31
0.00108623672668896,0.013124441013085,0.767960545253947,0,NaN
0.0119351635079572,0.0244140751397618,0.68458076654732,1,7.88
0.00135314705430089,0.267048404454298,0.60089597216647,0,NaN
0.0953986266841306,0.122719905641469,0.446816127925018,0,NaN
0.0210452555188259,0.0445530806306179,0.424009462366094,0,NaN
0.0188049129642622,0.178588307044107,0.451405339293533,1,11.51
0.00345186866211734,0.375779203277846,0.722106919054173,1,76.63
0.0164544995782743,0.222650091701846,0.560722594905654,1,16.29
0.0018320173215683,0.387342851502366,0.776449586971404,0,NaN
0.0971563948299349,0.135304135998183,0.551324323086683,0,NaN
0.00298512982921434,0.17706610958501,0.759820840601066,1,83.61
0.0798380836700672,0.117800530588492,0.796430559954479,1,15.27
0.00520279473896317,0.322726216998257,0.601652336459271,1,30.69
0.00114244732490825,0.386541535839568,0.713745155128723,0,NaN
0.0397533058103985,0.0356962049184555,0.529367593590086,0,NaN
0.00207252354749671,0.31881258595569,0.793119059181402,0,NaN
0.00147964323486688,0.312171353630932,0.523486887062763,0,NaN
0.00403874352570925,0.439646483049471,0.636280575401207,1,57.05
0.00136424455025571,0.0923543501323975,0.535950701235483,0,NaN
0.0327971772148832,0.330210028867068,0.497714229673337,1,21.22
0.00129319610389131,0.156516959918676,0.567526037849814,0,NaN
0.00348185994862617,0.0251195967405401,0.474632153618481,1,32.67
0.0012583780823565,0.042459212982319,0.533397476985079,0,NaN
0.0644207881360949,0.0596411654099294,0.428747910238819,0,NaN
0.00569180834800684,0.162780927861449,0.636707569079755,1,25.73
0.0594547730805396,0.476266279820507,0.696958071319359,1,9.15
0.00605665741075313,0.303459116227757,0.675851945373253,1,30.39
0.00221287380583777,0.119404105076128,0.452504011559542,1,48.27
0.0574267162550146,0.46991297135633,0.413792781286055,0,NaN
0.00785524011657377,0.265940450078446,0.723298946791712,1,22.45
0.00525322313450823,0.179804087752922,0.70286030566173,1,36.12
0.0478991399846545,0.282737272514699,0.755488501950156,1,8.69
0.0454052123466519,0.12957333139356,0.574247285108197,1,10.51
0.0566261421577309,0.084824609436748,0.703181573920607,0,NaN
0.0504619361292044,0.256040560953135,0.628106693709149,1,17.62
0.00502765980342913,0.492474940459053,0.716085420734099,1,60.54
0.0104650978673606,0.255933372221716,0.502084912119358,1,9.29
0.0186198309313118,0.0485237276500721,0.4223597087496,0,NaN
0.0165592777282052,0.312282655089331,0.432589386495958,1,15.38
0.0192920819490327,0.276888613681103,0.742368654779101,1,5.95
0.0013213773254116,0.143100084771653,0.442700264665491,1,91.51
0.00354715413375257,0.314722673096771,0.679628019886846,1,63.73
0.00145988095453032,0.216764953479345,0.546329080333337,0,NaN
0.0226832873167453,0.0441871962332435,0.448355847721434,0,NaN
0.00104056506869114,0.117278756749279,0.494911974218884,0,NaN
0.0127041384096721,0.366284507536637,0.624413674586234,1,8.47
0.00612053543597323,0.373704252129635,0.729853294415318,1,38.01
0.0275802615220749,0.0766123885934221,0.478297283862007,0,NaN
0.00586885689408512,0.338121113942677,0.423939846526475,1,10.2
0.00197525109274187,0.250705611379542,0.709664690506073,0,NaN
0.0375739810176035,0.247911614136466,0.428733963323813,0,NaN
0.00144922331983727,0.202928736150326,0.494464560273352,0,NaN
0.00256702847247659,0.0487123327553563,0.770971459099522,1,91.87
0.0831635395616937,0.47872448584754,0.535896806566755,0,NaN
0.0167859724747852,0.178141573577442,0.425369134903826,1,11.95
0.00252610075001301,0.28225055959558,0.762580007721588,0,NaN
0.087963334034923,0.395969837840642,0.539087634819925,0,NaN
0.00269028958448397,0.419665689062761,0.68472220325617,0,NaN
0.0118286944055067,0.0175693525406951,0.484017480068129,0,NaN
0.0663288171665169,0.0631444578921046,0.741504675409835,0,NaN
0.00101342992387044,0.173525374683876,0.58765729326936,0,NaN
0.00334449706912606,0.162345048136645,0.594088890335919,1,48.06
0.0138357671546981,0.344724804576422,0.764474288131409,1,11.06
0.00134427928902454,0.139986222203131,0.771388723532736,0,NaN
0.0107841709314992,0.316887819120879,0.779311484382187,1,16.53
0.0113234840139202,0.478784767232369,0.50880850434545,1,8.71
0.0450371191847754,0.456484290131708,0.485874070280899,1,59.89
0.0563073852424595,0.0777805812870711,0.575100575868833,0,NaN
0.0165650873799044,0.355113025827625,0.598808873125381,1,9.33
0.00112607757958358,0.0481359167785179,0.49657307851173,0,NaN
0.0126133886264917,0.424773698602104,0.405945118452885,1,18.43
0.0175558510848302,0.0686388671770011,0.635179650644882,1,9.83
0.0680782247075705,0.376038671321515,0.523971236345898,0,NaN
0.00364929610839591,0.393310326359858,0.440418709826604,1,29.91
0.0379873525659964,0.454677584294167,0.444434863410818,1,63.04
0.0210916641882887,0.0601169820688196,0.707177556127811,1,7.71
0.00225823356403135,0.3888180053193,0.772792571797063,0,NaN
0.0088386754141232,0.0200066631326259,0.733455568248255,1,15.88
0.0016992574212465,0.0632366724114232,0.435621751272745,1,58.15
0.00373256406140995,0.0923067006256007,0.789004135325579,1,64.29
0.00308723030491399,0.303521712120297,0.740883795248812,1,84.51
0.00418023915988551,0.366312516185936,0.560316283011582,1,38.57
0.00173249529653101,0.330361560695912,0.556730079990457,0,NaN
0.0103642364617297,0.489483698519402,0.607300717765535,1,15.7
0.0531845827204722,0.169260721189452,0.478908699396301,0,NaN
0.012674508081796,0.141255463856707,0.61547233301111,1,5.42
0.00339965998818982,0.481995916510654,0.507830205683874,1,53.74
0.00570661505438752,0.161894994011578,0.622919053746182,1,24.31
0.00333110734887447,0.130424879342716,0.670471647273671,1,58.58
0.0071704201888912,0.481128266006572,0.599030691305405,1,26.07
0.0411136949567927,0.288218115933244,0.645215383738762,1,9.87
0.00150783510722846,0.441583873973098,0.46399132297919,0,NaN
0.0057210644985419,0.163435954319285,0.64294109773906,1,26
0.0972818506209337,0.463515954785183,0.422805394287357,0,NaN
0.00197592996976416,0.336809455335997,0.646859983869827,0,NaN
0.00114805613516173,0.0242081269637294,0.628988129697382,0,NaN
0.00323872402689549,0.358651648421883,0.485615337659096,1,41.66
0.0395287591841488,0.479710571808042,0.472756223153096,1,42.82
0.0859379334534511,0.0296208986934167,0.523663746414967,0,NaN
0.0163966678829975,0.140825196589254,0.448750224876268,1,11.09
0.0623244402979886,0.326222695834185,0.749769851563614,1,17.48
0.0522165206038872,0.0360570035307003,0.703805286735081,0,NaN
0.00151859671001885,0.24604436420109,0.430038598044083,1,79.55
0.00652467873543462,0.108105756662262,0.71131467588192,1,25.14
0.029230048416722,0.415250405989524,0.459187187091219,1,34.1
0.0123234950970375,0.0834469554407186,0.735372137505334,1,11.21
0.0737338283992288,0.480972386345679,0.430198104918136,0,NaN
0.08548048830224,0.186117800577136,0.426772158242674,0,NaN
0.0155912686365078,0.328231923645357,0.568246728766409,1,9.34
0.00119037169901591,0.180073334476003,0.487050649157225,0,NaN
0.0567061345857994,0.08517846164424,0.549352895225962,0,NaN
0.00596504004812822,0.226162672885667,0.655107921443567,1,26.76
0.00178307059128915,0.420226054659437,0.706526909748354,0,NaN
0.00569299455950998,0.0554039579587866,0.66412731286525,1,25.2
0.0175065728322778,0.0628182501781173,0.649524385323232,1,9.83
0.00934740679712787,0.456697443248012,0.642452703755769,1,18.65
0.0108927258788893,0.292603084351076,0.792840465129296,1,16.32
0.096387466534007,0.180863845263339,0.793149725928468,1,25.1
0.0213537063349443,0.44911714293576,0.696632137108002,1,6.47
0.00629889470094019,0.369347721444556,0.574366525875578,1,21.68
0.0765842261114036,0.11676669391023,0.752651997916005,0,NaN
0.00130602247280788,0.474987881336921,0.44257713286492,0,NaN
0.00137878383967215,0.0902247384026065,0.610989568296618,0,NaN
0.0164009888110356,0.0149714175451939,0.436672010016728,0,NaN
0.0141788101858441,0.0374818930350096,0.663240171995001,1,6.78
0.00503953041291602,0.0461793266270341,0.49662769931366,1,18.69
0.00778681125111667,0.0721019512154679,0.69576345570404,1,17.79
0.0577651850670162,0.018629692062423,0.672683311738603,0,NaN
0.00320419800284601,0.0785123006857384,0.72434151383955,1,66.62
0.0740814284887658,0.0219489692990477,0.612289432633906,0,NaN
0.0272660263810041,0.386970966753832,0.561900924928599,1,13.68
0.0766869838577879,0.245848085610142,0.576470317107183,0,NaN
0.026891442614503,0.29360141097139,0.713443880043598,1,7.66
0.00612770579701271,0.0796614299376174,0.677167413934651,1,23.73
0.00988591721421554,0.0726062392861827,0.656361758972656,1,11.89
0.00425676521631891,0.041346533944563,0.609414869247362,1,31.76
0.00254197316193918,0.428897054460297,0.403606043898651,1,45.27
0.0043189618547017,0.441496103330674,0.487219880217411,1,31.7
0.0138729533569027,0.178542207258163,0.720030958869386,1,7.62
0.00242256240848,0.408486844266902,0.434471842144024,1,53.52
0.030614320981758,0.318455819064824,0.425545381900509,1,42.09
0.00209502643215652,0.305664723796048,0.719377701906607,0,NaN
0.0578924840547518,0.371586095151096,0.702815807390344,1,18.21
0.00403704064937263,0.220328597838799,0.474993112116254,1,23.5
0.00529382441037877,0.167170961683605,0.576802679736734,1,22.91
0.00374807299238844,0.316544027632501,0.775530618048057,1,72.93
0.0711923222112425,0.129853730187066,0.768341579355998,1,9.7
0.0364549013719713,0.161871202697021,0.430590143299637,1,37.45
0.0075916878520692,0.0740651315223097,0.584592727424578,1,12.26
0.0157793197928332,0.306450905601624,0.450808211030137,1,16.38
0.00762336459578695,0.0747415812420293,0.446134634940854,1,12.87
0.0107965759011301,0.142838714445205,0.777642771545665,1,13.7
0.00869350838284868,0.228193071299464,0.523435253059965,1,6.67
0.00110892436063332,0.391927151203252,0.467525147722343,0,NaN
0.0067198584854739,0.357277278390104,0.642059888914598,1,25.01
0.0679897578929692,0.458237415040442,0.590872311030407,1,69.93
0.025544768636619,0.253484318522615,0.771021255183222,1,4.49
0.0120347924332363,0.350374786502842,0.401837441737582,1,18.41
0.0122200055646845,0.212355492660122,0.651251967182109,1,7.08
0.0531493121809243,0.115839023973213,0.620841935057721,1,19.92
0.0354928948847519,0.0124202679931375,0.450033663203178,0,NaN
0.00437342245112936,0.0199893132004663,0.457053111574679,1,11.83
0.00107595933337614,0.453327518603806,0.645662235264898,0,NaN
0.00355578893917575,0.162583261746403,0.477108803139165,1,27.78
0.0337719740537241,0.0230880212976892,0.732256064435133,0,NaN
0.033813316138272,0.363367019899472,0.729086948944603,1,15.15
0.00113722504323026,0.0690778278962773,0.553732639002804,0,NaN
0.00216555131400334,0.0106391965979335,0.402799190277832,1,22.08
0.00688279795314076,0.0837135069395731,0.606197600378915,1,14.18
0.0153339530243355,0.300968180661571,0.510792365005235,1,17.57
0.00143610844534071,0.296718727462526,0.448636131895872,1,94.49
0.0111774406125454,0.0257124613205495,0.467267361863364,0,NaN
0.0024116878234237,0.422270636609435,0.522564804288334,1,75.16
0.00308697017467895,0.0419085096598824,0.778404008559985,1,73.61
0.0030442913098891,0.31644804949409,0.482669400987116,1,42.31
0.0442939650835079,0.374272172485524,0.46240152604644,0,NaN
0.0202507677992265,0.0560528554808276,0.791919088577055,1,10.35
0.00114889328515864,0.149216007616715,0.746893119472689,0,NaN
0.0172881809251235,0.382859805116134,0.758470788090025,1,8.56
0.0329437358688087,0.363165295224858,0.585540002323643,1,12.24
0.00152371431889146,0.0134995677296661,0.477394341432875,1,75.34
0.0499878483369557,0.092286968797157,0.776899245187735,1,11.77
0.00119393141186547,0.0772687057111952,0.664290167108049,0,NaN
0.0195309729492135,0.0825998990834208,0.473905640918407,1,12.76
0.00972917788536352,0.429711108770634,0.741350281661528,1,22.09
0.0860517058307309,0.392629949156304,0.50986152594879,0,NaN
0.00456653545329201,0.49535937380821,0.433779619402824,1,27.66
0.0342013710150102,0.141466395288663,0.486369126866099,1,21.03
0.00213817867487546,0.188876675828758,0.46160691049295,1,55.77
0.010837641324687,0.447748345310993,0.778315922875367,1,21.75
0.00175456837966139,0.0190029643883804,0.567722329442871,1,80.45
0.0612782651313535,0.476405448829574,0.508072139149018,0,NaN
0.0657115718392887,0.448643931898161,0.710212832339839,1,17.49
0.00141418187654649,0.0181733850203863,0.783715489222822,0,NaN
0.0873259803064264,0.149715396692641,0.595246854646818,0,NaN
0.00181203558106738,0.288375511042874,0.509588136165925,1,87.41
0.00737528622769371,0.0860441097937993,0.507524732122984,1,7.23
0.0169347401974836,0.203992695992023,0.570098596532894,1,7.38
0.00117095927176861,0.228934645007714,0.404809335029576,0,NaN
0.0121769303668462,0.205397519074323,0.791780032506495,1,12.14
0.00381094819115961,0.457069652478186,0.52966360819019,1,46.18
0.00614927923943598,0.440697184833673,0.711657676844714,1,40.18
0.00856556401023074,0.442339723814716,0.570267389807593,1,15.47
0.024595129567434,0.218216279927189,0.582084016816441,1,12.65
0.00181984767331821,0.0568333317814439,0.693384126696071,0,NaN
0.0152522301731204,0.253299069893547,0.503863393838073,1,16.85
0.0013366540011321,0.121532907102502,0.78204708450681,0,NaN
0.00382658664470236,0.0997911083725072,0.649696794896254,1,44.91
0.0818906092603565,0.0772218367676168,0.475573385212545,0,NaN
0.0209081234337963,0.155340415100249,0.494881150126923,1,10.23
0.0041607222849443,0.0121050242747301,0.431267387182348,0,NaN
0.0251457035199967,0.119745646447354,0.678115759409266,1,7.9
0.0138249881904827,0.427389489938742,0.623623838404138,1,8.76
0.00781073091313358,0.270150959994203,0.743554537888405,1,24.21
0.00407455277497402,0.197856805820791,0.638143493115259,1,43.22
0.00278170213251051,0.0595428123898628,0.548775746978867,1,45.77
0.00724549572798465,0.325181047570919,0.710662490669867,1,26.33
0.00903848327682057,0.314320148521517,0.511629863807158,1,7.07
0.0306423826505388,0.164223379122114,0.730867961732505,1,7.14
0.0115950620444698,0.0807124833010684,0.427306037620351,1,10.97
0.0276265064469674,0.374538088873026,0.734293447633747,1,16.75
0.00252626956502549,0.444935080052807,0.465141351249719,1,60.84
0.00236646272008137,0.442161150844717,0.584783574182186,1,94.25
0.0394477740423709,0.365192305628116,0.753421055207391,1,14.05
0.00262529522022097,0.42305643847501,0.615218512873033,1,87.67
0.002695756206703,0.269918273723888,0.737320957570304,0,NaN
0.00876049522603438,0.361195679744184,0.745067327049064,1,22.88
0.0180586456988385,0.235646974007557,0.777011285745171,1,6.9
0.00439327805359977,0.405129444021735,0.560616082250067,1,38.29
0.0024329214641332,0.195614972865101,0.687587795190134,1,92.44
0.00190475788049154,0.250093522695988,0.448308319403149,1,64.69
0.00753895858536143,0.474125735393822,0.652377355052513,1,28.26
0.0201768724794422,0.356803195046609,0.611858550967395,1,16.95
0.0100965900700527,0.391310293823053,0.647207150905273,1,13.87
0.0680925681776894,0.247832509771042,0.444059858225361,0,NaN
0.00114438528960842,0.221983111205967,0.570799303072079,0,NaN
0.00355386199116068,0.260108916867102,0.78548114760072,1,75.74
0.034566947963896,0.374271605675845,0.446721019437513,1,41.43
0.00218090373827573,0.385202552750814,0.616306503093714,0,NaN
0.00109527025404753,0.465759032081998,0.483283405430079,0,NaN
0.00866382753067228,0.30478948214713,0.642948426647041,1,14.67
0.00654969835635393,0.302193655980765,0.689383483493863,1,28.17
0.00175260166566795,0.302830787326701,0.570283850713989,0,NaN
0.00179555312458045,0.181477130730296,0.618698242700807,0,NaN
0.0225752440091959,0.0499333253680717,0.515782868881899,0,NaN
0.00130905076411223,0.233950685980594,0.599686034062687,0,NaN
0.00470048105523949,0.0460670040677951,0.535150711760842,1,21.59
0.0196364076936374,0.492630236050781,0.700665568562482,1,8.66
0.00565464866212056,0.4426040183089,0.604755973792382,1,33.66
0.00212817116671692,0.44304345129364,0.498304728811124,1,83.11
0.00206636225637602,0.332715887222742,0.502247292692477,1,76.27
0.00102756346568027,0.14553683321616,0.519483499309759,0,NaN
0.0919033209728422,0.122039478016473,0.668047116716845,0,NaN
0.0878332540970235,0.135512902284461,0.64766906172419,0,NaN
0.0156384587150964,0.251163917043453,0.520410776663287,1,16.78
0.012718583792749,0.27625757938761,0.451908306048371,1,18.31
0.0114136301835538,0.0830414502596122,0.503419553744727,1,11.01
0.0100378019946741,0.408554582112232,0.687413696642761,1,16.74
0.00840835018345593,0.448050848643783,0.780286679577216,1,31.51
0.009832328928129,0.150922702263136,0.770546839015127,1,16.07
0.00169356768162645,0.439891724043635,0.485295170048184,0,NaN
0.0085653371105819,0.0709146076354394,0.629641205579987,1,13.08
0.00815087462418135,0.193278925308831,0.701846062132914,1,18.04
0.0437453008131025,0.355953881617678,0.771803169517573,1,13.49
0.0596948024226093,0.0295252754373091,0.786475455374821,0,NaN
0.0900569820197596,0.322999158291988,0.404381639488356,0,NaN
0.0104851871240764,0.198908857955255,0.559863528744093,1,5.72
0.0513810385587721,0.280298866167365,0.783557378883459,1,8.06
0.00602220714359055,0.243585660199071,0.751126217186725,1,35.53
0.00436937523521513,0.0340896331796514,0.522973919788888,1,25.62
0.0259109142209796,0.236034833684802,0.595253434657417,1,12.68
0.00343854764858198,0.189975548574451,0.776575759850322,1,73.88
0.0147606364714896,0.375243819643369,0.763629325723052,1,10.86
0.0129859281154924,0.454186615929985,0.422673228699371,1,19.2
0.006531043563407,0.0114510667694623,0.461262502801791,0,NaN
0.00419964291659031,0.124388476641586,0.614125509115179,1,36.37
0.00300872490858745,0.357230854571392,0.634824217814923,1,72.65
0.0023886124245175,0.0413888712659131,0.401347677370568,1,29.67
0.00176015950941057,0.25068980738017,0.646587540386865,0,NaN
0.00149868479825489,0.0751854539873821,0.525672332599207,0,NaN
0.01824655024156,0.210308733145482,0.512927642245971,1,14.56
0.00243745627455119,0.11768015245732,0.661701503405196,1,83
0.0130761287947456,0.0563540227396629,0.767344050901343,1,13.59
0.0127493732742021,0.214644223031189,0.444178922744418,1,17.13
0.00189368719870225,0.0645274798404733,0.494408982446469,1,64.39
0.0720299940147637,0.170837598792393,0.53857684059841,0,NaN
0.00140909627615054,0.445275160762008,0.716017794181729,0,NaN
0.00669670680643953,0.215700672539074,0.558689743542539,1,13.85
0.00164874228960538,0.487237531389118,0.495158064945914,0,NaN
0.0831596457711275,0.40201426229032,0.417925031183426,0,NaN
0.0340014429266989,0.402805688621422,0.784238359052234,1,16.03
0.0133386597487995,0.30803371663602,0.79561663669784,1,11.91
0.00246559885379386,0.252985146153289,0.501216514992588,1,56.7
0.0944577013162476,0.251439918915786,0.684353710764107,1,54.67
0.00490411626170241,0.173963630547436,0.488066089546679,1,15.79
0.00570658670462309,0.0548870688845945,0.652640426915937,1,24.3
0.0604711199758587,0.44480784017566,0.570610979084115,1,54.06
0.0520669920284396,0.119872488308374,0.718771824535355,1,12.61
0.00152545351048368,0.219277166267247,0.635543871875078,0,NaN
0.0109940759980525,0.132785619753035,0.637508562900543,1,7.13
0.00998401206642609,0.457886476763294,0.665317097968436,1,18.34
0.00120674189480746,0.321053295941563,0.434544195275716,0,NaN
0.00135825495952845,0.378266249253552,0.529502687062396,0,NaN
0.0013673672407697,0.462395883394348,0.421744219947979,0,NaN
0.00113432497746777,0.291031851838616,0.575679429576463,0,NaN
0.00179722565960044,0.0343526587827028,0.495421142273989,1,62.04
0.00165956546865105,0.318861119181154,0.590565668147608,0,NaN
0.0135415394709346,0.223361533077338,0.760751402360626,1,9.66
0.0150112803316634,0.368015371913474,0.792384027167062,1,11
0.0163145248392587,0.256549106350838,0.612637478935013,1,4.06
0.0278722258891673,0.384515372114211,0.640249590499219,1,15.06
0.0022562690656468,0.22325532313386,0.658609852048045,0,NaN
0.00516378691344218,0.439473290742865,0.500676044422176,1,25.34
0.00242428192746719,0.158639432063114,0.787103854726371,0,NaN
0.00155614104925297,0.0579535672569681,0.677515971889298,0,NaN
0.0262676918151026,0.10769932510161,0.642821987894117,1,6.98
0.053077050769615,0.44635848168057,0.641056608166254,1,19.19
0.0118384909799886,0.341219028834063,0.713999402390636,1,11.93
0.00754135482010197,0.0121792437221823,0.479444453824188,0,NaN
0.0196660547990917,0.283562714013263,0.55405179783838,1,15.61
0.00223495833200837,0.296980314052876,0.706532409771994,0,NaN
0.0900319220293895,0.256526189653036,0.553069974498518,0,NaN
0.00771008745045116,0.468680971474812,0.757094780250101,1,35.72
0.0055800187674567,0.378248029865167,0.76376126013831,1,46.67
0.00481116524209796,0.0669824055813079,0.610048405587624,1,26.23
0.00261511005820267,0.426207385333156,0.474492618506619,1,57.91
0.00303067355416168,0.269911152392826,0.433714086333807,1,32.33
0.0163941669517498,0.320930789315578,0.444430354497831,1,16.13
0.00423658037851573,0.445981220108035,0.596274268299886,1,48.84
0.0195779655067807,0.383448789266931,0.781810546476959,1,7.82
0.00235919651863389,0.247806583347045,0.575272748009429,1,75.42
0.0527549141778006,0.227135804619705,0.595247920150059,1,17.15
0.00151198425282925,0.361063378360943,0.648133069728243,0,NaN
0.0083813683591815,0.0647631204942374,0.630235713872248,1,13.7
0.0144069603478223,0.277270174457332,0.415204903214547,1,16.17
0.00209437269701638,0.318199158606624,0.592770951691005,0,NaN
0.00382594315223365,0.379645651066733,0.717398381278149,1,67.46
0.00242867412740098,0.25872806833069,0.495196976232413,1,57.07
0.00246447788475622,0.406261573494493,0.426669313903209,1,50.11
0.0146699013407069,0.487643116523657,0.630036175426719,1,10.17
0.0572094306049096,0.475510608755787,0.440015682220524,0,NaN
0.00215727244772,0.44681080215828,0.485614710026374,1,79.07
0.00171040910177634,0.326601490849297,0.472137419555677,1,85.62
0.00151223670786858,0.189013682870941,0.560950032175522,0,NaN
0.0937383989235652,0.345046356918196,0.618757698539049,0,NaN
0.0213955431966745,0.114247290942773,0.767596212858521,1,7.15
0.00890300586843167,0.374304356515869,0.55138296488919,1,11.09
0.00776616235198331,0.0620682426430758,0.753513650577508,1,21.75
0.00372637527543386,0.337431885550609,0.691286321143014,1,62.84
0.0390189210209862,0.300906505381465,0.548212097823338,1,19.95
0.035649935764895,0.0460319003048236,0.797095052517884,1,15.53
0.0534872104467366,0.0136115241612881,0.75557936701007,0,NaN
0.0085366818036963,0.351820933474141,0.75399683321461,1,24.2
0.0987272668644485,0.192063640792599,0.433208641512257,0,NaN
0.0229062209150339,0.436216630688466,0.400028104260386,1,37.85
0.0089688495772722,0.330891231935228,0.564725216807972,1,10.13
0.00113114864234413,0.200252792924866,0.580822818943891,0,NaN
0.00121961436065319,0.218390329303975,0.442322116499502,0,NaN
0.0300375500898183,0.282499881702091,0.644514818331271,1,13.1
0.0266996683394116,0.135890445000927,0.690503574888931,1,7.82
0.0362051548527085,0.256844615679234,0.757107832510118,1,3.16
0.0215818867369441,0.252481480658406,0.704602865531675,1,4.45
0.0547830881656919,0.489274983142476,0.446828337467524,0,NaN
0.0872285870235098,0.288249054216461,0.448060504489876,0,NaN
0.00359869559950692,0.421583655421431,0.424926658541159,1,29.43
0.0688979323235955,0.210718693121923,0.65072350662768,1,6.97
0.0874479240245673,0.213424328358754,0.684600064169549,1,24.74
0.063549201228425,0.223381291649579,0.654152777478722,1,15.86
0.00251880823828577,0.437076007782265,0.457086372154851,1,57.94
0.0031161763644284,0.314254719575814,0.71001167504873,1,79.38
0.00818048410162061,0.191031582992809,0.536438982005216,1,7.19
0.00157020312855483,0.093703617280478,0.698242385696171,0,NaN
0.0365632929940762,0.446232012359469,0.432837666733999,1,73.08
0.0162424124859676,0.425852138246782,0.580350952115482,1,10.06
0.0150966892044264,0.183690319927898,0.703638182543136,1,6.35
0.00820305848524551,0.30966927920342,0.737268261113222,1,23.01
0.0176076459678745,0.442566959134193,0.597429059890203,1,9.97
0.0124033733014634,0.285460901094071,0.688664350753788,1,9.26
0.0666524217399502,0.394376292424597,0.578541046379015,1,76.8
0.0285208317222034,0.052427654102661,0.799574942234148,1,5.45
0.0473449717576132,0.2836192698689,0.457129652891171,0,NaN
0.00351836887672854,0.365371198314203,0.566951875835604,1,50.02
0.0239175412911196,0.164206713597968,0.632678415947712,1,9.4
0.0103158077105655,0.43329514080166,0.484343490538338,1,7.3
0.0327375745487099,0.218274372121559,0.495880032469775,1,19.98
0.00432622143568775,0.398036834883578,0.55435195705069,1,38.16
0.00207048624763164,0.245653323944325,0.511402367110304,1,72.85
0.00306267762178278,0.20374992590904,0.514182419066035,1,42.78
0.00235869104496992,0.324834631779531,0.782769494355819,0,NaN
0.00243799575298689,0.455663288104168,0.627496177521205,0,NaN
0.00461098654570365,0.355076836126051,0.660631782878117,1,45.63
0.00110801551895569,0.265568648592816,0.409905375485994,0,NaN
0.0238569043616504,0.401276924283623,0.443124903466184,1,25.43
0.0262384440727534,0.389762588081498,0.716597576778311,1,17.1
0.0980939492111274,0.473803570026096,0.519207921852823,0,NaN
0.0777494947696002,0.281679158693897,0.662435395564222,1,32.15
0.00219403308706873,0.120072242901029,0.79260723881893,0,NaN
0.00223887298910763,0.471119489207389,0.782784007356649,0,NaN
0.0123600269601271,0.0366118087726471,0.507283379802645,1,9.32
0.00428738410376524,0.389841375231705,0.641503770621076,1,49.4
0.0178757983646194,0.222342754383395,0.737111633777622,1,6.02
0.0598137470527146,0.143548544445331,0.605813768694143,1,18.34
0.00230347635227217,0.0954050104700037,0.728027329935624,0,NaN
0.00104797691945043,0.0576591995509669,0.412525922460176,0,NaN
0.00125710262828269,0.484048961340377,0.755215017598184,0,NaN
0.00275760618611381,0.338401395958834,0.790648530221364,0,NaN
0.0292662017534204,0.0511887139311075,0.543545974663821,0,NaN
0.0669279142174571,0.305050668830816,0.580548323873982,1,67.77
0.00194501000628799,0.0115568597198499,0.604031890364288,1,84.98
0.0192459983840556,0.257278450034628,0.627285885632965,1,7.81
0.00451802384853237,0.111397573161718,0.536074862927224,1,22.58
0.023760096742838,0.311332780725767,0.636475894229162,1,15.79
0.0344568303827694,0.0915545252487104,0.660890989499204,1,15.01
0.0242236985884308,0.203925521951595,0.558505664966947,1,11.73
0.00186854991516745,0.126459768011051,0.779553084696747,0,NaN
0.00421520964137392,0.260642587475398,0.416572302980884,1,15.28
0.00259825914179301,0.167667331697082,0.779328919271348,0,NaN
0.0438224577941572,0.249777850262132,0.577870108044747,1,18.28
0.0120664737745075,0.018565305455015,0.715406150189783,1,9.66
0.00778480708365453,0.0322834522466068,0.605540177884546,1,21.18
0.0102503921393347,0.25076881568879,0.663955794881045,1,11.04
0.0396871768466462,0.373511256677916,0.777539857356594,1,14.69
0.0736437801612227,0.224485944372872,0.436125094114279,0,NaN
0.0405122927435344,0.195404387739391,0.703568931668725,1,7.42
0.00446656817215239,0.404075777120193,0.638317432255781,1,47.61
0.0107443764711945,0.376690480548167,0.590588715330866,1,9.52
0.00224923669313696,0.245246374744428,0.569606736201694,1,78.25
0.0559385181049541,0.147472733089963,0.751068498362816,1,14.44
0.0272505091155224,0.249897483617088,0.642512652173823,1,13.28
0.00245470954848813,0.0786115143027709,0.633221412498262,1,73.98
0.0758110089239178,0.0410354819933724,0.425560668458538,0,NaN
0.0196419475446224,0.26489034696701,0.46004640608802,1,13.85
0.0220947095952785,0.296053257675942,0.524933508404138,1,14.23
0.0030313882227443,0.204557542952085,0.487806304801905,1,39.06
0.00493680027177297,0.199324163987988,0.413400501646955,1,8.48
0.00136028375154178,0.280500587421014,0.623376015804659,0,NaN
0.0210799857102855,0.295150476115973,0.590343084057719,1,15.86
0.0837562289830397,0.395187815295067,0.476011123618686,0,NaN
0.0195581554987869,0.272180058185468,0.765807004329772,1,5.96
0.00107176989994881,0.0852000098219327,0.420872801071997,0,NaN
0.00197398517301008,0.106217665588122,0.611084914047296,1,93.28
0.0917414178501828,0.0458355111846306,0.621935618987968,0,NaN
0.00212491344031943,0.0898019518936857,0.462639265820646,1,50.88
0.00780783421771292,0.0484599092624071,0.687360293649347,1,19.57
0.0583637092625452,0.259958434294027,0.642057439629722,1,16.47
0.00133255179079451,0.0697386186922479,0.516102103034467,0,NaN
0.00234516420657305,0.0803312175462624,0.427186143298691,1,35.94
0.0108778598017111,0.386651906413548,0.759070846851304,1,17.6
0.00719028485593189,0.423869651448881,0.491502630422639,1,13.4
0.0774036365403198,0.190462659963943,0.678419130137578,1,9.29
0.010956630114985,0.116764262753435,0.701201518755747,1,10.2
0.00298508253195458,0.382436513720413,0.752347801204466,0,NaN
0.0132748155722812,0.470449877872392,0.410860805185809,1,18.5
0.00708737717840111,0.446321620243442,0.466796466212168,1,13.36
0.0450790039874165,0.170179094206472,0.627036384627547,1,16.77
0.0851733804646032,0.201923943535502,0.648540316958251,1,48.47
0.0813184501777715,0.415950609394378,0.725360905959634,1,24.1
0.0295932724426374,0.0997286681843457,0.668171326053076,1,6.55
0.00457211953193492,0.411580173793759,0.672407203241666,1,51.1
0.00369340544096647,0.0269991822003665,0.448075588455528,1,28.01
0.00794135204068143,0.420735627763439,0.760541065653778,1,30.81
0.0523480899016695,0.49438280870043,0.413515515237955,0,NaN
0.0568123850186221,0.268992852349135,0.790183446898616,1,7.91
0.00130621188202775,0.0890541902759262,0.541350108342437,0,NaN
0.00450195413250678,0.227616857254126,0.576437435574314,1,31.63
0.0263314518571203,0.458055174076861,0.597822526876044,1,15.72
0.00328148700404113,0.335674264849906,0.732712566907459,1,79.73
0.00129215164673966,0.386928305131954,0.564226924979605,0,NaN
0.00171376942909118,0.436618049074126,0.788920125110147,0,NaN
0.00165948491861586,0.25907337442972,0.702226450673398,0,NaN
0.00181788801588999,0.0265931322753714,0.576439070027463,1,79.04
0.0734918693656137,0.486085201645317,0.776061303316985,1,7.17
0.0254068585256796,0.492041552611597,0.677214321264184,1,18.21
0.00770732214301156,0.191942970556266,0.425642376405962,1,10.61
0.0373738702266624,0.276063802663413,0.616064829567598,1,10.23
0.0182994025513092,0.304690605181531,0.778805421706416,1,7.05
0.042373706043975,0.44063036661372,0.449074520690695,0,NaN
0.0669071596728453,0.489026132733152,0.492497272373568,0,NaN
0.02352768251117,0.341420203546182,0.690026394482327,1,8.66
0.0323056308658859,0.400392265060235,0.611850793347894,1,13.46
0.00176693459183893,0.256741553745937,0.76281613501506,0,NaN
0.0337545217363198,0.427590356706187,0.470018293496187,1,32.76
0.00534661676489533,0.23507285945072,0.642425472893706,1,30.69
0.0813310935923108,0.206953084257165,0.692029860843169,1,7.81
0.0862048137017026,0.440611415579837,0.643892718962764,0,NaN
0.0626624942780225,0.320727692354844,0.710905807651665,1,17.01
0.045343836336444,0.12101713934033,0.440506653276318,0,NaN
0.0747302017152121,0.217990293424018,0.690838462779149,1,6.23
0.0125716616691844,0.155300888822847,0.524880063282672,1,6.55
0.0156062388431642,0.280764997691129,0.656160183772394,1,5.52
0.00547155555240447,0.0889755728286228,0.567163378970838,1,17.55
0.0974270548307412,0.0493296675013159,0.494523149421181,0,NaN
0.00186334174119062,0.455558891933775,0.716314749048905,0,NaN
0.0225479463252406,0.279666203708825,0.421535339135318,1,23.62
0.00196974540228779,0.412917488491855,0.764560840761252,0,NaN
0.00942880905949695,0.1593824088653,0.711948714906922,1,14.04
0.094750574481448,0.279095342120897,0.751286639415977,1,21.98
0.011729881854107,0.0193846232195282,0.540529509069421,0,NaN
0.0245632701194304,0.376430704904821,0.788005269870035,1,8.82
0.0653644225974122,0.143901553933915,0.780455181759373,1,12.06
0.0130761572919622,0.234138010734969,0.693268413380383,1,7.99
0.0579917680948782,0.497008246599424,0.555720133388305,1,47.69
0.0285168493807919,0.447702086760628,0.554399933987508,1,13.64
0.00145513969238797,0.45719834222556,0.76165082975941,0,NaN
0.0010437114186566,0.0263373633369799,0.628963778183611,0,NaN
0.0384186869230026,0.107180911095788,0.408272056836359,0,NaN
0.034709836023654,0.103506412231396,0.7808330535512,1,6.7
0.00398507332279314,0.410121031207067,0.570420042391905,1,45.91
0.0554097104135033,0.343342332379899,0.743406267644384,1,8.78
0.00933904460233149,0.449560617631951,0.737434704693015,1,24.55
0.00820279907549544,0.249384849835414,0.426133582606034,1,11.01
0.0048704436271897,0.301822098810789,0.444033386213817,1,14.86
0.00742646545628739,0.139391922260413,0.632072135950231,1,15.01
0.00330667290573879,0.21339909053465,0.421685202295782,1,24.22
0.0207826758953299,0.129647240135826,0.683638033539856,1,6.6
0.00143198094793385,0.0683988573811974,0.451687653326162,1,79.48
0.0466382642573305,0.370267643604681,0.622459997756285,1,19.78
0.00128306319502321,0.062000987934315,0.502624596328894,0,NaN
0.0261975452399844,0.331711411863049,0.51097463267462,1,12.64
0.00123532214951346,0.0738448054528554,0.609598909555811,0,NaN
0.0263810893503196,0.059639787106784,0.587574035943275,1,13.48
0.0172811664559816,0.304659739676679,0.481966790462597,1,15.85
0.0406983958681017,0.352583555525592,0.525931468007033,1,29.67
0.0154689180156753,0.0972309909020458,0.496522288188788,1,9.4
0.0151414778154234,0.435434128076834,0.727467349438193,1,11.04
0.0384550874116574,0.0111210421929137,0.777812817379347,0,NaN
0.0223250608757945,0.205670930340268,0.74937979925718,1,4.66
0.0527532964152769,0.128759146902926,0.467377889581225,0,NaN
0.00631461448803776,0.170054091197209,0.530060677601963,1,12.1
0.0238002049467932,0.384117998368753,0.465627115006805,1,25.6
0.00571602159215331,0.325225143171415,0.728541410305981,1,39.18
0.0266910840374052,0.0648313237771628,0.743793309749358,1,5.81
0.0321618825132082,0.291755054582313,0.696455156841234,1,13.62
0.0219125017873557,0.281993173977518,0.720364903611012,1,4.76
0.0813518960134534,0.272202665673541,0.674370446575055,1,31.68
0.00238743010159472,0.317598622398865,0.727652798608165,0,NaN
0.00680612038045018,0.37822296062533,0.4886321997959,1,12.94
0.00123088788571462,0.397528062409697,0.559984745834456,0,NaN
0.0189813196526237,0.108512217432915,0.417145134462259,1,11.49
0.00220634019761496,0.133361724608811,0.567953579929861,1,73.97
0.00257185907640661,0.443383374463657,0.536405644121664,1,75.11
0.00120104447130973,0.39973956428719,0.409787993328829,0,NaN
0.0160113966341952,0.269611131614238,0.77334681414937,1,8.2
0.069800920928332,0.304576596533745,0.657546487256266,1,24.67
0.00125211427457057,0.117436046064034,0.753961753917974,0,NaN
0.00676215213817876,0.407899473151129,0.413036716912178,1,8.84
0.0391005102338142,0.301386613096586,0.47871811215321,1,38.69
0.0168920966867358,0.113384226434712,0.469765407403364,1,9.76
0.00269027546126725,0.471117659903623,0.664625978593989,0,NaN
0.00117480170969386,0.457659002213398,0.5520787000033,0,NaN
0.0546985902041845,0.121399098496842,0.762754615214028,1,12.68
0.00100502592065217,0.295409647746547,0.624314508139941,0,NaN
0.0450442397191776,0.0721624354997648,0.48585638695842,0,NaN
0.00333854374081192,0.199930998132089,0.52723018763765,1,39.68
0.00242556341021439,0.155296751617366,0.571271217282362,1,67.39
0.0235049255724476,0.28806438667504,0.663066286280803,1,7.65
0.00307239574170173,0.183332791655586,0.782716210515799,1,84.88
0.0489230207300487,0.376653139344302,0.556091012867999,1,27.96
0.00491259077856397,0.192272150295858,0.683042394595279,1,37.96
0.00739351005797805,0.439807374287514,0.70021116676165,1,30.44
0.00770017491723221,0.206323742000486,0.549175139725591,1,9.83
0.00759559050778978,0.196350627737966,0.429084976954439,1,10.54
0.00650560231231921,0.307198118607617,0.521913664656977,1,14.11
0.00384433020303556,0.0594957849358522,0.590752056656596,1,33.61
0.00263403349640947,0.0179784512749639,0.753766285600371,1,82.9
0.0888447449895966,0.344985706107662,0.46175612088715,0,NaN
0.0283780249552077,0.25630455165704,0.756563277457137,1,3.52
0.00499548459473763,0.253618026431983,0.64288569826147,1,34.79
0.00352656470355836,0.267845134817845,0.718766073716207,1,67.3
0.0564866393144867,0.15341496249962,0.539260754209248,0,NaN
0.00403197836831283,0.0557263835696322,0.482672162764806,1,19.39
0.0592448420634451,0.182245973375005,0.690699000622235,1,14.96
0.0010689862334342,0.0354438332963503,0.43142367253943,0,NaN
0.00866027536166859,0.104736662735443,0.410515711890912,1,13.14
0.0270188759357163,0.129257483152179,0.767966746381215,1,7.1
0.0114850322545916,0.249436409877096,0.431229703009924,1,18.66
0.00690403471113042,0.336364680669402,0.643085046898403,1,23.18
0.00315216657201875,0.0642908466784697,0.726645776313219,1,66.79
0.0104630924177128,0.259497415529286,0.721653068875761,1,13.15
0.00130253270353784,0.158323001639876,0.744770648575517,0,NaN
0.00847396640476235,0.368070845850129,0.760351877455185,1,25.5
0.0838667549868056,0.239988345329933,0.461525652255104,0,NaN
0.00651858099762044,0.439364791379285,0.595451710999884,1,26.04
0.00102603516278484,0.0720223937312189,0.770170112394606,0,NaN
0.00126000774073421,0.101330319052777,0.529624412446981,0,NaN
0.00921635528574963,0.0808230600779243,0.691747774194381,1,13.6
0.00797492143708075,0.175651726834926,0.494706818550108,1,5.1
0.0033724301650631,0.100870984916342,0.529701924484823,1,35.08
0.00464595274195931,0.416737815115383,0.678544018660177,1,50.98
0.00337241740238879,0.294313920984298,0.515135281507898,1,40.9
0.0109560271154509,0.137351620089008,0.670832014229941,1,8.47
0.00329197583732206,0.0476093299472641,0.422338102013817,1,21.09
0.0227790548242263,0.225564435225775,0.513715646560043,1,12.45
0.0187188005677214,0.475293978359465,0.709582035725923,1,8.97
0.014861488416463,0.379254920396805,0.698726641752183,1,9.01
0.0162397836114721,0.388797604496768,0.556995303308106,1,9.78
0.0010931133377921,0.131242108165718,0.516080878632231,0,NaN
0.0066537950152459,0.180181738579311,0.456718300696263,1,5.56
0.0300883974313292,0.085003491656079,0.731603565405166,1,6.06
0.00284592347740708,0.0584464500800715,0.728253235379496,1,75.38
0.0811245340796615,0.0624012604504914,0.66511038408358,0,NaN
0.00453458451670066,0.409136585020041,0.649301113360967,1,48.4
0.00501869830099622,0.145910320843045,0.57375074355199,1,23.98
0.0247114634847048,0.440102003003916,0.402461797324484,1,36.27
0.0197788665056196,0.17565092263379,0.521993468035701,1,12.32
0.0987094326001627,0.461361675802024,0.757229512438261,1,38.98
0.0918621192960432,0.045713106712863,0.451847449526673,0,NaN
0.0720990599993949,0.0542187216177912,0.674463463315486,0,NaN
0.00109527688569277,0.0794900217659611,0.75376626150522,0,NaN
0.0931382346297957,0.177916089347104,0.495322435020348,0,NaN
0.0631765830914081,0.424832972037493,0.717804638557978,1,17.55
0.00438719086566815,0.392251312173924,0.734604308658699,1,60.37
0.00378762854765512,0.373945332191818,0.66579771399862,1,60.51
0.00116011745418142,0.175312394159124,0.763454823670176,0,NaN
0.0444937195081161,0.351215286698276,0.483507926355556,1,56.68
0.0173385043956956,0.116933809229648,0.439856921184645,1,10.19
0.063951426834851,0.0608692434990419,0.719624721435855,0,NaN
0.00103172482981681,0.163131294533467,0.51263566646369,0,NaN
0.0299144831023077,0.252977116176725,0.795392897204915,1,4.25
0.0365897677895098,0.162252710521869,0.64016300014046,1,17.9
0.0550481135433014,0.0646512310956222,0.631731715755562,0,NaN
0.0048466817541117,0.347990362309451,0.497188100368652,1,22.86
0.006620591611012,0.277265496107959,0.427029077075727,1,6.18
0.0409386178944727,0.126380584642403,0.595589422569891,1,4.16
0.00154595119278291,0.195145496318878,0.607191257802955,0,NaN
0.00580937012596501,0.455456644496419,0.483052237598937,1,20.52
0.00221890559266534,0.333537329937556,0.703349320911029,0,NaN
0.0260146994716168,0.2635160831381,0.798135244921387,1,4.55
0.00960088186639193,0.0494779774527261,0.417323238550041,1,6.99
0.00214675381902242,0.228832255682909,0.594719426338138,1,87.85
0.0308108982658631,0.186721687358425,0.752288776705485,1,4.31
0.00154388073342258,0.214217814950531,0.762941923390101,0,NaN
0.00159110233733839,0.0988498678988909,0.778634892873281,0,NaN
0.00140014728174242,0.200138654287361,0.515689944809995,0,NaN
0.00385348007983733,0.105357922664171,0.566994092441313,1,33.82
0.0829784353400135,0.354047870777712,0.495885271174129,0,NaN
0.0129126933827978,0.159676479130488,0.461966183285234,1,15.73
0.0980928704861593,0.397366407664994,0.577548917435138,0,NaN
0.00311186452579917,0.223927482099652,0.521776469189236,1,43.77
0.00618327216443028,0.480804373310736,0.489152383375467,1,21.1
0.00686883300600496,0.120017031134648,0.508009867606198,1,6.8
0.0126140276151013,0.498890630088929,0.764412161572312,1,20.1
0.0142322012019634,0.302204549730426,0.431658095721163,1,17.05
0.00626315058748405,0.450104432866102,0.585324226903738,1,27.77
0.096249838774719,0.0611859462512118,0.660894555471484,0,NaN
0.0203987071505088,0.342255679826914,0.57139103745354,1,16.38
0.0191311279516887,0.298485309016469,0.698021964099115,1,5.11
0.0162437823307747,0.256801331241442,0.775216590322078,1,8.03
0.0527106265109607,0.323072636608054,0.681062965691987,1,18.41
0.0111439940371601,0.196034584498655,0.684849153362151,1,9.57
0.0237244002904216,0.188109825009043,0.573870349246973,1,11.5
0.0894008974131933,0.12115706149788,0.791601441988426,0,NaN
0.098376038519211,0.151861762529273,0.53537332784517,0,NaN
0.0183966077064997,0.396595558203107,0.717968619187567,1,7.44
0.0458381525101374,0.407610884932386,0.57923730038036,1,29.83
0.0270310244095399,0.0720650239877972,0.605307251131267,1,15.04
0.00581325489364185,0.13159171293885,0.612760130067589,1,21.73
0.0924098721064949,0.402863009056788,0.668344308532855,0,NaN
0.00144667965546948,0.469042451028009,0.630508941624815,0,NaN
0.0980081912815904,0.212774172633136,0.472338009788893,0,NaN
0.0197926088877628,0.264989235231332,0.754113078199349,1,5.87
0.0862266669742926,0.23846425928031,0.438112350803722,0,NaN
0.00626230373910599,0.313854590594057,0.462401262756413,1,10.62
0.0122279073113644,0.44242742343446,0.615605568085588,1,10.62
0.00315109571849964,0.226801734723891,0.473498114582003,1,35.08
0.0131726983755344,0.149704660512135,0.611803803768474,1,4.25
0.00407648991418602,0.213421384217888,0.762272128920056,1,59.45
0.00323968586295379,0.328387142958561,0.515512778635495,1,45.03
0.0119633583524737,0.185509723839183,0.722367004718566,1,10.02
0.00159916214709454,0.299131170562097,0.492456696552714,0,NaN
0.0015975146069555,0.325875799777909,0.792055490683753,0,NaN
0.0474905075710488,0.102054402423449,0.403754143397465,0,NaN
0.065629493117249,0.245857760574733,0.587412190166171,1,33.61
0.0250044740370949,0.214402269055162,0.617655202383619,1,12.81
0.00941448564871549,0.0487346252352702,0.603766346302986,1,15.76
0.00171723806583643,0.429381338747382,0.645761908239644,0,NaN
0.00628132194713834,0.307367740103458,0.465671925156514,1,10.66
0.0208006547085342,0.270855099868665,0.750084410152592,1,5.64
0.0112188501428564,0.395936637012977,0.450410001559908,1,20.02
0.0185841452832769,0.450745084920156,0.443633764786737,1,16.1
0.0266236627439211,0.0496145455612221,0.564492880105984,0,NaN
0.0188633396354504,0.0592069738864382,0.723978726028331,1,10.21
0.0067486199904912,0.450053771810927,0.648728477174574,1,30.36
0.00153996419134867,0.327303477473011,0.595707566051088,0,NaN
0.00896918271579321,0.322288307458094,0.780104607387411,1,22.95
0.00282178214299376,0.305374447214622,0.636593073770666,1,74.71
0.0353592314648129,0.337532202827423,0.4626206874797,1,40.92
0.0282817007005543,0.1143958273893,0.467649430769727,1,22.05
0.0178465416762977,0.135532715014544,0.465106652576059,1,10.17
0.0487367135496511,0.132866265077764,0.505191242289233,0,NaN
0.00244179163502364,0.204736205278653,0.44183145221834,1,43.59
0.0158321702311346,0.187904503685235,0.749813710953604,1,7.21
0.0595772081950809,0.136475495439764,0.543371054780533,0,NaN
0.0034490771785905,0.45125998884163,0.579180861499059,1,60.77
0.0524088353147518,0.281369594240206,0.471539040277621,0,NaN
0.00113095607629048,0.1236683420545,0.467242107299057,0,NaN
0.0445714999233389,0.167991130400517,0.622065820864576,1,16.85
0.00553364224802336,0.40408129492075,0.409763287267511,1,12.67
0.00121179066001475,0.251016238538303,0.586420896656369,0,NaN
0.00395929344699936,0.312330894399057,0.631213168145328,1,48.97
0.00397595570301375,0.223476361864161,0.454653212954556,1,21.11
0.00345939394569424,0.383073636741268,0.41412101197887,1,27.42
0.00202101597775764,0.498171570256318,0.578778360133393,0,NaN
0.00170635691610865,0.444251809364059,0.412552151933473,1,80.22
0.0626064747755553,0.13291897102164,0.703869978266014,1,10.57
0.0434081839218523,0.119476038872954,0.669319653123622,1,14.72
0.00613017122201624,0.474975604214632,0.749726130962186,1,48.07
0.0021137080516123,0.469111534925701,0.574758287401223,0,NaN
0.0738091099138082,0.161812225972404,0.672443768941652,1,18.31
0.07902204786153,0.474220723495781,0.639633242328451,1,50.67
0.00386946642329912,0.207968947409728,0.41641297768548,1,16.27
0.00732981092898973,0.025650348494775,0.745805187197204,1,31.74
0.00304749076210975,0.0554761848778819,0.455116677302463,1,25.19
0.0337561887992843,0.119274430958157,0.747096019117653,1,9.27
0.0154785545900378,0.178910100893431,0.553912072028096,1,6.94
0.0512112234057666,0.272209157559128,0.533422289778421,1,35.92
0.00602099476906258,0.140165566690842,0.77357607174717,1,34.84
0.00113740586555233,0.34470205032691,0.510003916970063,0,NaN
0.021996146059427,0.47090044508302,0.613588130606156,1,18.1
0.0917580613024532,0.307692145132113,0.700349305307336,1,46.46
0.0963131700141682,0.366558129585664,0.742928472708366,1,46.29
0.00449376660082771,0.382135596784033,0.458416409936142,1,22.63
0.0827015870755358,0.0241051914155363,0.677820385919733,0,NaN
0.00223471048136994,0.3672330739694,0.694701682667965,0,NaN
0.00831554170868892,0.18415067802662,0.629859779203979,1,12.74
0.00444532469685478,0.418525148089208,0.726177602323229,1,60.46
0.0155043279790032,0.236225403279283,0.669583687120987,1,5.41
0.00177916777692938,0.0758497761547036,0.40779671708058,1,49.22
0.0117236571022456,0.119405256188494,0.579654996499641,1,4.5
0.0912252286470762,0.495291091956285,0.686938874572139,1,57.59
0.0833227893273626,0.0363315209329801,0.654749674476875,0,NaN
0.0637482871731491,0.142262319749139,0.779762983605117,1,12.3
0.00223729087447305,0.105377725439904,0.693580607236838,0,NaN
0.00498346395221617,0.0615191152316177,0.525645067207677,1,17.05
0.00424447347088211,0.205491512501322,0.513566981879433,1,25.93
0.00149822674801152,0.361957099990772,0.777858691463426,0,NaN
0.0453804893205181,0.146971855969512,0.638463671896012,1,5.57
0.00118182393280602,0.393254743556767,0.622895491940669,0,NaN
0.00135185198512483,0.337992169373347,0.739595399359172,0,NaN
0.0073315039633279,0.18677515897062,0.503220499476514,1,7.02
0.00181913907771859,0.159974744913655,0.786635438636605,0,NaN
0.0175150831928127,0.116543717278311,0.757357512652265,1,7.27
0.0196402125581404,0.205099564784121,0.542435751756921,1,13.99
0.082480460179711,0.369214700517185,0.692680437886106,1,31.9
0.00104240123334993,0.0325176819046444,0.569744468621239,0,NaN
0.013479707565448,0.354864541802916,0.712356946965611,1,10.19
0.095046835879272,0.0214146655577553,0.403025566861947,0,NaN
0.00527109129767422,0.108807105116463,0.729335291525946,1,36.36
0.0365193726577962,0.236013960920648,0.444018018560879,0,NaN
0.00520955650639916,0.232187345073162,0.518840980300001,1,18.63
0.0249830297324268,0.246393658991163,0.572489926765047,1,13.03
0.00143873048608761,0.340782579140728,0.402748396722476,1,82.57
0.0430058898383718,0.235707044000407,0.711014512581417,1,8.83
0.0595657035572977,0.319380141582241,0.545950443814365,1,60.9
0.0284644212610832,0.132954144987029,0.42644761379512,1,11.64
0.0341704641436317,0.38573079091983,0.759330282548175,1,15.8
0.0830924489320648,0.473972889951838,0.614293291624083,0,NaN
0.0490591692355264,0.489312282498808,0.608840077442389,1,20.31
0.0082277154215324,0.450032988287472,0.772491489686912,1,32.24
0.0418216749266719,0.381989168467553,0.775518340857208,1,14.49
0.0465341870981341,0.465892058189002,0.578782919658795,1,20.11
0.00219550266975041,0.49401275088917,0.547855772338341,0,NaN
0.0837959940975726,0.413351051302983,0.634822908871509,0,NaN
0.0227220888580094,0.2496733668906,0.501409112208455,1,12.79
0.00441567883458212,0.458100973206745,0.646829916028226,1,54.52
0.00147190319223389,0.250350845670986,0.562982136974147,0,NaN
0.0127824976869082,0.300060166989952,0.75160619145564,1,11.13
0.0387804293033288,0.156740823592489,0.758803326272261,1,6.35
0.0130149362780818,0.390148103166149,0.63958731858988,1,8.88
0.0963074001146086,0.156856739714095,0.619062901772969,0,NaN
0.00912081532531292,0.246872355531187,0.673909478472191,1,13.93
0.00314031673027209,0.375795179670527,0.484568972103201,1,44.08
0.0514626135854931,0.0579411489905334,0.683468173804644,0,NaN
0.00161824483837042,0.39662678246242,0.69713701990371,0,NaN
0.0486660727834719,0.26522870553992,0.738652986126213,1,8.71
0.00178077007363688,0.195096175872766,0.508838144584787,1,83.36
0.00103979676967805,0.348762744260195,0.622052465616221,0,NaN
0.0370442912479415,0.21385558551277,0.575647282164588,1,19.3
0.00192374753583318,0.416698770645082,0.635842575381904,0,NaN
0.00719052691550051,0.300723558018636,0.690477119708042,1,24.16
0.0969097583035246,0.113288107433205,0.506153707361707,0,NaN
0.0160870544450398,0.245570621058285,0.731100052745788,1,7.1
0.0199874038135744,0.410742423723352,0.782218868214222,1,8.19
0.00133127034343621,0.317547199672681,0.658625332521724,0,NaN
0.0245311736005968,0.469716356480602,0.759486575037766,1,7.1
0.00142055772533234,0.162099023902417,0.537418242252146,0,NaN
0.0284655723752495,0.264720100892166,0.643510928587631,1,13.23
0.00844465763993599,0.0100362274527564,0.467906507518559,0,NaN
0.0731790417696778,0.187307554123174,0.780826245820947,1,13.36
0.00208641870755891,0.479453643791473,0.482615368163297,1,87.81
0.0249586734964646,0.290162677844842,0.63716767661932,1,14.89
0.00471814900332079,0.159848597399707,0.557540536431334,1,25.36
0.0125281428760097,0.0732065902176134,0.434774542442882,1,11.46
0.0279982254887326,0.165689290119006,0.797099030422279,1,5.22
0.0897673604806218,0.290329681151837,0.686890868652862,1,46.96
0.0623192916876673,0.219225373533097,0.765205508423609,1,15.29
0.00523071597632713,0.419261998063197,0.419183268565098,1,15.31
0.00187226622724501,0.154919409093309,0.651650247292486,0,NaN
0.00316626444324752,0.193282442626785,0.745912679283929,1,76.85
0.0162287604653672,0.0244577335115773,0.799779588556151,1,7.45
0.0295248115498523,0.129655609743439,0.575278108621444,1,7.57
0.0161095543816412,0.283414655196727,0.575335755813423,1,8.68
0.0434627157591914,0.0986894190453239,0.723514455638637,1,13.35
0.00643791243683965,0.248745501972702,0.702020158930699,1,28.39
0.0104266923169528,0.365581389140054,0.461603432039166,1,10.73
0.00133472571716517,0.337337440834691,0.461030261161807,0,NaN
0.0327564580110981,0.175186292593636,0.578377592189457,1,7.94
0.00275852218398189,0.0739614536862984,0.760604734307412,1,85.84
0.0881804681526077,0.195489861331226,0.569102355349336,0,NaN
0.0126623612922132,0.0967378613174292,0.752910604260019,1,10.19
0.0121401328913772,0.167531034783462,0.759938240487022,1,10.97
0.00526788739479088,0.236815735530537,0.723189971168993,1,39.62
0.0346449074541154,0.485791460106701,0.622206929772419,1,13.9
0.0466923643930838,0.343259299373134,0.482079820408142,1,74.55
0.0169194425677943,0.434078844567383,0.416608313077706,1,15.94
0.00945679323159424,0.143907313310423,0.698682766849277,1,13.08
0.0156683423042262,0.398263991993708,0.609785158366136,1,6.01
0.00393082818502481,0.117814796581858,0.545607702686781,1,30.43
0.0176702709246551,0.42729229029736,0.78947583783731,1,10.31
0.0196769693699925,0.447216804769497,0.79236108331506,1,9.43
0.009219956298918,0.401421068997227,0.561949777555324,1,11.65
0.00503665261091606,0.0413072560525443,0.721171412327455,1,35.51
0.00930353313920209,0.426143500590432,0.796722886553052,1,27.01
0.0673215520928541,0.184618651725216,0.42174843401596,0,NaN
0.0863411940864999,0.355434683268416,0.575233441940491,0,NaN
0.0107039279686196,0.364672210696602,0.662721323072228,1,12.59
0.00876910547859765,0.43975756617174,0.424069664277767,1,6.87
0.00200492936960036,0.162398121229714,0.477877228691662,1,63.42
0.0825610930191734,0.451695998431365,0.428263318139368,0,NaN
0.00102272953662659,0.352945972393049,0.404803865555348,0,NaN
0.0471451821217896,0.428112784963173,0.586915109782406,1,19.59
0.00314165782189364,0.118106155373108,0.722384200580764,1,70.35
0.0128207285980108,0.499153579638834,0.775159051375252,1,20.06
0.0363238158027483,0.457221738005342,0.654195974490645,1,14.01
0.0649376641966173,0.287936906847488,0.476704666770423,0,NaN
0.00568404268813663,0.262279644729471,0.799590524413666,1,43.85
0.0042351748659798,0.110994869277529,0.691978681089886,1,44.63
0.0243358094422,0.067614653567288,0.755442237188627,1,7.3
0.0428096522890931,0.470551069346053,0.566866926829611,1,21.15
0.0672400899617374,0.404372916428137,0.54416171080788,0,NaN
0.00816065504356069,0.151274757927329,0.466000744769086,1,8.19
0.0170092730484178,0.128980484566883,0.400768821021372,1,23.38
0.022958861324601,0.334001651726351,0.664134571237175,1,8.5
0.0229906045807333,0.426818339678359,0.414925787372369,1,25.4
0.0618205531260907,0.289857424591321,0.676085910138404,1,16.63
0.0042384096056543,0.140762523289603,0.427421843347284,1,11.59
0.00748282316068448,0.396697962752144,0.599335929226681,1,19.09
0.0233218590728525,0.0925187922298641,0.505825070667118,1,10.76
0.0142258356023278,0.410152329200563,0.682208395967705,1,9.63
0.00969854309723021,0.497090621550558,0.584477307955475,1,16.43
0.00651799742892602,0.144240246819193,0.662041154695164,1,21.99
0.0382249163834184,0.156981937768248,0.642174228804469,1,17.63
0.015847597025273,0.485737848260759,0.709353530926643,1,11.69
0.00264524563410892,0.230043630064351,0.461389108064586,1,43.39
0.0186611038510896,0.353171030232291,0.782472874457955,1,7.69
0.0232855988232336,0.446722869077178,0.486514005479221,1,14.63
0.0437016743116481,0.16437872350809,0.410154632107583,0,NaN
0.0741597031810339,0.222007662569627,0.435482645033859,0,NaN
0.00301767095427906,0.201480639840982,0.63517265858202,1,63.54
0.00917275650709382,0.330246852304094,0.54661299345117,1,8.96
0.00342902567416332,0.206825926534971,0.533519017661016,1,39.36
0.0836670243031973,0.386243052183377,0.496152767578731,0,NaN
0.00279613387982056,0.462540118080233,0.509698765202381,1,65.17
0.00301406597241479,0.133540545812261,0.498797368119027,1,38.59
0.0171542795330379,0.219842970794346,0.730370354763303,1,6.12
0.0935983921707649,0.104998457114128,0.72323257891674,0,NaN
0.00300057095370079,0.0828151997312816,0.741212323216481,1,75.2
0.00738035544759174,0.214300869879246,0.528959960938824,1,9.4
0.0219962577299029,0.170437618700998,0.439587513054862,1,22.05
0.00996033291438387,0.0341857609449104,0.480398354188022,1,8.2
0.0156309640401694,0.144955465809337,0.567841569051964,1,3.34
0.0520712896390457,0.0340810056223538,0.754671772238613,0,NaN
0.00106364582954732,0.0516801595228072,0.470966709290039,0,NaN
0.0329492185312863,0.299092863658557,0.683144797400284,1,13.45
0.00930631920874187,0.1148459339128,0.786466907534776,1,18.12
0.0047481755365157,0.0406093695276526,0.471383679113709,1,19.94
0.00513824529026709,0.441436275577671,0.417088219144107,1,16.8
0.00122813477623668,0.323962269112192,0.731153482990598,0,NaN
0.0039160812643118,0.397504560742547,0.420460264435879,1,23.94
0.0162530245270324,0.143349766802213,0.765381524589181,1,7.19
0.00167589320158551,0.256086551142821,0.694640179488354,0,NaN
0.0010256232165622,0.443400043479787,0.611820270149795,0,NaN
0.00119602335618485,0.0898052778665428,0.50493042101966,0,NaN
0.0099976611828265,0.3442115908055,0.411278585643678,1,20.25
0.015169924697182,0.245540517934143,0.511411540552328,1,16.79
0.00102831859673463,0.150833814638205,0.767978527589679,0,NaN
0.00552995394870998,0.286619885353084,0.547476928513257,1,20.98
0.0128566401283908,0.0203852174186986,0.674900257079381,1,9.59
0.00311258859008888,0.385063537461396,0.716535583828496,1,85.93
0.027488057429677,0.107905259052389,0.546775623270873,1,7.66
0.00107821898235679,0.0714287623554242,0.571957694338903,0,NaN
0.0403548413480879,0.0447998775233629,0.684122441005564,0,NaN
0.0181581815789757,0.455996344600999,0.764849478109324,1,9.96
0.0358994380484462,0.074431959432158,0.42485460291118,0,NaN
0.0287205897412559,0.373653260584876,0.650371693455263,1,14.89
0.0889492601107249,0.109477036185707,0.717997922580933,0,NaN
0.00912523421154657,0.215870638615581,0.498288235992321,1,4.92
0.0777401258885891,0.337796487335072,0.740950314860451,1,15.45
0.00144599999022772,0.0730788090387238,0.678658101252036,0,NaN
0.0107179270849736,0.0607456990687019,0.452479345432309,1,10.86
0.0394778786928495,0.24607273129435,0.578353361088994,1,19.4
0.00926136871701822,0.269179740968958,0.667537492276918,1,13.59
0.0885942259219086,0.173016632423495,0.503520661264527,0,NaN
0.009865925741673,0.139536544472421,0.715976339953589,1,13.01
0.00103225810091047,0.167184779884501,0.646513115556108,0,NaN
0.064912358504032,0.0408374903024652,0.768009987117776,0,NaN
0.0228199820902572,0.417453191401686,0.765469869418207,1,6.8
0.00249869322706385,0.390758713160775,0.677467178556709,0,NaN
0.00100890225624433,0.231670250605776,0.715554699559326,0,NaN
0.00130867525831867,0.282233022638613,0.573299317291646,0,NaN
0.0172390509366751,0.226560326131862,0.735837471519691,1,6.15
0.00447321764364575,0.373381087920529,0.774254960607119,1,62.49
0.007354816101649,0.375535807537656,0.749159289630408,1,31.1
0.00867007621135251,0.265564234603404,0.661063703792622,1,14.71
0.00666669899901546,0.0998166668094415,0.490400875104997,1,6.68
0.00133121080424049,0.0174929367564452,0.70026816394944,0,NaN
0.0166072261855121,0.221525340269007,0.617111743950045,1,3.9
0.0036975535809224,0.223754744774022,0.432427423159614,1,21.3
0.00492890225627435,0.0458811341313556,0.691991020661729,1,33.57
0.00582354286441356,0.329580582242704,0.592702980671558,1,25.11
0.00550585485816329,0.170174061701203,0.441215966986586,1,7.74
0.0390156750739238,0.194946354402761,0.592719328310717,1,18.55
0.0105819340804767,0.348782911123699,0.73991603946111,1,15.9
0.00338607985132257,0.428966370134293,0.586176618703811,1,60.5
0.0120868445123277,0.318447264727688,0.625093647576768,1,7.89
0.00188037277865869,0.202722605266052,0.568184948506567,1,93.82
0.073350393757526,0.15316716046266,0.402929285273849,0,NaN
0.00694463909023738,0.308536685131175,0.756738277530512,1,31.47
0.0155782574386828,0.206088858566676,0.621573647187557,1,4.02
0.00184350097794096,0.258076622341444,0.634883850976888,0,NaN
0.00503709029686484,0.38318301156347,0.660457398760719,1,41.74
0.0019909551429366,0.163172225143002,0.509700210378691,1,71.44
0.00293191599019947,0.173829381597239,0.733213620302312,1,80.93
0.00175510330712931,0.0439280719021128,0.59789086830855,1,94.5
0.0276118915946289,0.207284419966448,0.436485684403632,1,20.03
0.0203715813324883,0.177748025256781,0.626521954428994,1,2.93
0.00400137241064199,0.329725565350602,0.680342684109805,1,55.83
0.00341090191355361,0.0518772689533909,0.653374282043852,1,48.29
0.0269224048073872,0.44818337183886,0.520107588133901,1,13.89
0.0153001688746714,0.171872633505492,0.545949303745447,1,6.54
0.0793691559537527,0.453540879409826,0.505811535534099,0,NaN
0.050289060155125,0.371977199872001,0.401784459216866,0,NaN
0.0047362239191087,0.350830372056073,0.624972848985152,1,39.28
0.00825281029279989,0.173071680510622,0.43092911506469,1,10.21
0.0063711420435915,0.332023132564667,0.628781538199165,1,24.77
0.078600990322396,0.468003573013752,0.544213692639748,0,NaN
0.0252010304872811,0.024760553678292,0.576438667046634,0,NaN
0.0167682513009323,0.354466480082149,0.604066621338946,1,9.29
0.00471465542501547,0.375720782534455,0.720574244157938,1,52.32
0.0150770788680556,0.286405572986409,0.742106428165284,1,8.18
0.0233129205774116,0.259038186389396,0.741372200067283,1,4.61
0.00109227836326198,0.062105745465932,0.600782731722818,0,NaN
0.00122839841597425,0.226878597761828,0.76287017242187,0,NaN
0.00549308465507001,0.473143494093634,0.472152143876254,1,22.42
0.00733638086740819,0.110567150352733,0.438234337936587,1,3.44
0.00995040846470274,0.14600486121566,0.440343283953853,1,8.13
0.0130774955400647,0.12712669602745,0.539840532473625,1,3.43
0.00590200172641688,0.278552786421486,0.568509572216673,1,20.32
0.00228994350748507,0.196525251798066,0.51229134514855,1,61.82
0.0320756849082203,0.0723691721478555,0.406276089791268,0,NaN
0.0332814017842601,0.25742804199845,0.688844095912399,1,2.89
0.00134368534067619,0.141784950993539,0.477448793062902,0,NaN
0.0900826783700142,0.218433415514511,0.680858795627354,1,40.31
0.0145981405861742,0.28027553868194,0.417522710660194,1,16.15
0.00770267877333076,0.146404110110198,0.616877699601553,1,13.05
0.0338583484552637,0.0674306607758097,0.551976488291778,0,NaN
0.0873470994476893,0.460000462972134,0.677079622251652,1,56.76
0.00593881655933133,0.0718208336207678,0.658565554208769,1,23.18
0.00613553772081703,0.285548849359626,0.479340233310432,1,11.51
0.00557288112542125,0.176718707712713,0.542591107973292,1,17.47
0.0430353799108792,0.0665284733101591,0.600483903272139,0,NaN
0.0017220587556464,0.178318427147467,0.599414478698116,0,NaN
0.00513515267584491,0.292003169932013,0.606185698271539,1,30.59
0.00819903542497579,0.433040976350888,0.537605992446872,1,13.97
0.00352215970099217,0.126663566767698,0.708465232085218,1,59.71
0.0558172419147012,0.267251035354102,0.612445383363577,1,26.39
0.0907172397606994,0.46943038652711,0.419486992001674,0,NaN
0.00265245499346645,0.319839673288049,0.429053524900843,1,40.65
0.0328315018217749,0.186344739443462,0.570672512032021,1,19.66
0.0816240660662885,0.458717875680466,0.65189605986239,1,57.72
0.0501443488167891,0.380008034193814,0.610444469004797,1,28.53
0.0332237260515658,0.409855153161623,0.452852188364498,1,43.18
0.0481441992723761,0.312443909374122,0.559058887465975,1,27.65
0.0787416430146966,0.0287766564975088,0.438482371216079,0,NaN
0.0641630437427464,0.20404765112111,0.612904839121757,1,16.85
0.0284919471474392,0.176617268160232,0.665558257968507,1,9.42
0.00813701918919061,0.119276664271814,0.622181612744337,1,11.6
0.0108820991346561,0.309029623610036,0.617596015233241,1,8.9
0.074659671367838,0.15016339602688,0.751606465328024,1,9.93
0.0111807218763173,0.405042548157641,0.787633970845369,1,19.03
0.00240864022829738,0.0653057782058647,0.660093775544831,1,79.49
0.00161025182276504,0.429898559282385,0.777141228984804,0,NaN
0.00764591592979113,0.155255084122559,0.719613612238115,1,20.98
0.0139729070723959,0.251335075112763,0.411806468940215,1,16.05
0.00142302039952468,0.290506461494822,0.696676547434553,0,NaN
0.0115306929734859,0.395711568362431,0.47739799799242,1,10.56
0.0892455963801569,0.462823592878395,0.794422585968736,1,15.66
0.00258648658581815,0.159336739070467,0.701455362957071,1,86.87
0.00160107439430002,0.432076549478084,0.663137665274022,0,NaN
0.0489491661830459,0.294427753819695,0.785395312228732,1,2.4
0.0031134887300497,0.379022380375102,0.681219924914414,1,79.57
0.00171691037133874,0.0295713327417799,0.584845272392179,1,88.14
0.0214897175523379,0.0891937875603358,0.567902335938561,1,7.72
0.0115554251846532,0.486845653471176,0.511860174598507,1,8.77
0.0378878068298838,0.466039402232319,0.466664962503773,1,42.88
0.01107835368282,0.0604530202974269,0.753449078200316,1,14.64
0.0278702039670118,0.487321944008229,0.702441677791105,1,17.66
0.00331694581745771,0.0112745822552491,0.482245490937075,1,14.35
0.0441876952464035,0.0491778046977748,0.694131093353236,0,NaN
0.0214673706038803,0.178261411786888,0.454455239766752,1,22.73
0.00190072022458692,0.416916158211061,0.669448348125103,0,NaN
0.0107609393776287,0.195625173134175,0.671345176470259,1,9.67
0.0541777545486654,0.489247133548054,0.507089879462308,1,86.71
0.00146346753258056,0.193139885543713,0.454652137131523,1,87.67
0.00576809760035752,0.372023606544896,0.548827121763516,1,22.65
0.00330846946686821,0.158065144772772,0.517810162617126,1,37.34
0.00589049453678757,0.237102757552004,0.795140909618788,1,40.59
0.0707959018264822,0.472184761140391,0.466800479369799,0,NaN
0.0160240773771464,0.379625310113866,0.742639774685886,1,8.92
0.0203788381896612,0.062609742569217,0.582188902886141,1,7
0.00379842434103961,0.0381912291831085,0.408505150738498,1,20.9
0.0563114694909809,0.466424627323824,0.605607742982637,1,28.49
0.011736746928757,0.195268760716084,0.753804607817189,1,11.37
0.00265516592315661,0.44737534029766,0.441105370668732,1,52.44
0.00100644820449151,0.353786812361147,0.544540331834022,0,NaN
0.00611914529265862,0.198311086528305,0.5280571649573,1,13.74
0.01539746643069,0.0988130994053788,0.483750688420187,1,9.58
0.0734519167461213,0.301288514281768,0.468988112563378,0,NaN
0.0103873348028257,0.0375462169244226,0.48068965669715,1,7.97
0.0728024462499137,0.38201528119744,0.458420836718967,0,NaN
0.0223049306710355,0.216754552057903,0.422599494956153,1,22.28
0.0842718313883942,0.147106278813103,0.712034817303904,1,22.49
0.00157784711505935,0.347239969959875,0.599369024081797,0,NaN
0.00105356201144158,0.15099811118311,0.615244913120229,0,NaN
0.00220849400019305,0.148593307441833,0.635828516270323,1,89.27
0.0137780850676358,0.0933481010113074,0.670537117525214,1,8.45
0.0180652428494811,0.280318545581808,0.786976393824264,1,7.05
0.0536875211390023,0.169029361582467,0.608406276347028,1,8.15
0.00495215575758802,0.49711303504541,0.735395292056379,1,65.57
0.0216852122585442,0.377210841095626,0.775765133095145,1,6.69
0.015499283111166,0.245789331516634,0.514465230800581,1,16.67
0.00765861156882952,0.174839500954887,0.783820226984024,1,25.81
0.025831859716288,0.481378142147188,0.670553448145623,1,17.82
0.0465066513404287,0.479269449045554,0.775950775124427,1,14.63
0.00847775078880703,0.0860682472010855,0.732172869877328,1,17.24
0.0460533121725164,0.15635732956222,0.609322127896514,1,6.84
0.00510595346373987,0.274174852876616,0.503932743868384,1,18.92
0.00239572558140763,0.10150168667589,0.540262693643439,1,59.55
0.00104471888356653,0.419488559729391,0.553660382239433,0,NaN
0.00365320162641586,0.161422100658755,0.734698893681124,1,61.81
0.00203155709104367,0.392858222928758,0.612605699697577,0,NaN
0.0268987580799325,0.267374305238182,0.513295915098272,1,23.37
0.0023128894118137,0.369850749610959,0.579854337225487,1,86.88
0.0186761354173146,0.0764148089397375,0.509108645466191,1,7.67
0.00374264206596754,0.405032080028297,0.667150929071548,1,63.7
0.0241988109678603,0.0797963657479935,0.498350094107361,1,9.25
0.0937552410309116,0.045155953318836,0.599464350054079,0,NaN
0.0341220054448964,0.453401316424011,0.630083079005075,1,13.64
0.0226273920306571,0.375916049751493,0.678132562789681,1,9.2
0.0172879931491515,0.148375915598226,0.6327471920916,1,3.93
0.00268352229391228,0.408977559250213,0.406394824175915,1,40.53
0.0183722954776538,0.494055005690209,0.726934901513682,1,10.22
0.00362513576824013,0.344252248821118,0.723286729162661,1,70
0.0122676198197529,0.335834941275648,0.411729644939078,1,18.18
0.0023725567411382,0.269195420435746,0.749265711261765,0,NaN
0.00459630516336722,0.466415681614445,0.790540910368146,1,71.5
0.00828253048533234,0.315617524726159,0.610824287402402,1,14.03
0.00146686619404783,0.185697156597466,0.533707820581232,0,NaN
0.00938737092124292,0.201296915514263,0.495737578377932,1,4.67
0.0449712208253231,0.353045866255622,0.454908132606207,0,NaN
0.00933051306859021,0.465726077570021,0.731492202755158,1,25.26
0.00686948387398022,0.333286939336903,0.582560432765403,1,18
0.00122112496837189,0.026805168379982,0.770739018530401,0,NaN
0.0116981360652599,0.243269448645505,0.554299093893519,1,4.63
0.00107031348381208,0.499102452929487,0.760989675319891,0,NaN
0.00603169717106099,0.392452315106845,0.594115780166151,1,26.28
0.0992457808080271,0.413314151382187,0.749767017824847,1,46.05
0.00412081613421436,0.105873688750904,0.747987567275762,1,52.74
0.00545141813846207,0.211505862151758,0.726536079416532,1,37.52
0.0216270040962051,0.218845558432407,0.436486724139283,1,23.34
0.00474235890570122,0.368340998950548,0.520327363890634,1,27.54
0.0249771008696451,0.369817956305316,0.794182648131446,1,8.88
0.0186520158567209,0.0540665882228152,0.588295010592359,1,7.83
0.00355656674710797,0.267381984045745,0.456535774746885,1,27.69
0.0735647596918624,0.493680339901516,0.717999323142957,1,17.27
0.0229472701625789,0.180702553772456,0.483653392895285,1,10.26
0.0656986368676009,0.184157658544568,0.575349258522483,1,41.07
0.0293736691283605,0.418459080135414,0.556553526185639,1,13.27
0.00392276737573559,0.152423417183092,0.51685465778553,1,28.16
0.0235537599811562,0.0221727866161746,0.767136725283683,0,NaN
0.0381208961794626,0.124796149024898,0.598941056056409,1,5.69
0.027882425757483,0.196313982783707,0.48743336503596,1,21.07
0.0173520020143497,0.388687952963784,0.677313062044828,1,6.67
0.00455838427770827,0.38352849007151,0.604592118282951,1,40.61
0.00220635879355653,0.0106585901516749,0.632257620090292,1,89.82
0.0102527283423168,0.105504538217179,0.460128603315252,1,11.71
0.00123638858922491,0.018519593215901,0.588483181064577,0,NaN
0.0139379823693723,0.226709971863117,0.465423677559897,1,17.07
0.00292194600524803,0.410976958141545,0.434136792265957,1,41.7
0.00657912566367268,0.130562555916531,0.540773685309119,1,10.31
0.02248337046566,0.0659791262410616,0.562885908504891,1,15.5
0.0210467703031267,0.276081730967559,0.542851846258648,1,15
0.00757249897279216,0.342564367208223,0.452624073262456,1,7.67
0.0142981083015991,0.469225832006718,0.628089544229391,1,9.9
0.0244180428554446,0.384655161451322,0.498780667393269,1,13.66
0.0186040856878219,0.154482826796559,0.62828021233483,1,3.77
0.0742445812021707,0.205456686641307,0.499553475805228,0,NaN
0.0186070317991856,0.229961931702996,0.612713606945946,1,7.4
0.00221808777909182,0.337378977065017,0.575605275488506,1,87.44
0.00551076497229799,0.350248278313524,0.769970484083573,1,46.73
0.00924452641042574,0.323006063815116,0.755871634629339,1,20.32
0.00165327736933917,0.318610755505755,0.586006997591999,0,NaN
0.00778864512281051,0.0654270250795533,0.443156923405672,1,12.91
0.072333369478787,0.470034067946254,0.653525591320182,1,34.53
0.0793467221857133,0.0408093653876672,0.522775564663778,0,NaN
0.0323999914875659,0.0150785457535474,0.467131083370274,0,NaN
0.0108601128151292,0.418572648815135,0.642344174553561,1,13.11
0.0252439745701795,0.472000225605917,0.696482558219974,1,9.96
0.0847698065155692,0.374911893022595,0.749530309448701,1,23.48
0.00368944238730507,0.491139284574856,0.767453131094544,1,94.61
0.00228583285200145,0.0387265318031187,0.728397818774353,1,94
0.0120518089563099,0.027116323166307,0.708530685544655,1,6.33
0.0511699324478079,0.172454578371844,0.63128664248489,1,6.62
0.0123545170304291,0.324763791199945,0.568041412962769,1,6.05
0.00257529706844278,0.0993258868987897,0.494509690852212,1,45.26
0.0191929050634263,0.137246293168368,0.777052962473187,1,6.75
0.00217182303844841,0.416241049795575,0.555504877446611,1,92.44
0.0051410277846881,0.372657692797415,0.749118340141494,1,49.95
0.0828428664938052,0.0976260488753177,0.798569443167855,0,NaN
0.00706558903717324,0.0864381561345129,0.771574266110013,1,26.03
0.00331399087468871,0.119311133085671,0.454558037034502,1,25.35
0.0157128377727322,0.276788037664983,0.43288335680777,1,15.79
0.00462378219593589,0.0243012274156905,0.581963559075162,1,35.16
0.00718536233305631,0.472399687462361,0.521240728003877,1,18.35
0.00187215250459489,0.33390654231658,0.552435204814578,0,NaN
0.0444393092437206,0.0573470452912548,0.522064656628593,0,NaN
0.0912790089364262,0.317353904356171,0.482373105662519,0,NaN
0.0119773542831332,0.224509397265311,0.734078309695958,1,10.45
0.0373398420941658,0.0223121972622961,0.402729711650813,0,NaN
0.0532550172689063,0.229222499399065,0.515494979763495,1,44.54
0.0194595346058095,0.33155196260638,0.513877453163591,1,15.82
0.00546058285596892,0.13915477750041,0.469911465712593,1,9.19
0.0314949888473316,0.273395689363665,0.770562862839422,1,6.38
0.00179484846200363,0.0823903884429944,0.401155098038245,1,47.77
0.00168880542306806,0.459291462541308,0.66884868290132,0,NaN
0.00965675895297653,0.480511471480573,0.447753248386978,1,7.93
0.00131086973781901,0.18704356695658,0.588000196219198,0,NaN
0.00310338268520025,0.171705733574828,0.505808191063119,1,39.48
0.0649084544593331,0.474361416104205,0.412976797802294,0,NaN
0.0807698471448805,0.190563875028822,0.665016149245128,1,25.65
0.00668160756448618,0.0561229439573253,0.674126248771527,1,21.36
0.00837731348894122,0.0647764741270458,0.596734025231323,1,12.76
0.00359691087426683,0.439758489119314,0.664095670990874,1,69.91
0.062294182326493,0.33201242585799,0.658165980064877,1,26.05
0.00714502671434044,0.442344915343574,0.534068970294748,1,17.73
0.0541312031780223,0.40384484444256,0.769237681840087,1,2
0.0707154001008753,0.254828633544407,0.633793217939482,1,24.32
0.0033022964847173,0.0913972798249919,0.549744055237215,1,38.82
0.00364804808653599,0.416935649173302,0.42807067469326,1,29.07
0.00660045955891542,0.281971970424197,0.647586752217082,1,23.62
0.00580912976510027,0.136629938195356,0.566698463952069,1,17.1
0.016588096028682,0.0572037251671238,0.452513687757479,0,NaN
0.00999161649266498,0.331534928620879,0.736398125017759,1,16.88
0.00125178800608348,0.160527059943179,0.467905568776744,0,NaN
0.0136676160414597,0.120650394190733,0.546788433966511,1,3.37
0.015152458322424,0.289160549402775,0.711510591089421,1,7.54
0.00139328080033779,0.064225097112311,0.656271177365615,0,NaN
0.0304001832637691,0.189264440425719,0.514921225973273,1,20.25
0.0030298844559449,0.0428238410675799,0.702866382182032,1,63.23
0.00184055691539875,0.123145819648967,0.4047953528798,1,50.26
0.0648020493519074,0.11259940875473,0.48567308655362,0,NaN
0.0367826532723646,0.146108525686405,0.438840795770719,1,21.76
0.00487062667099644,0.337085262856239,0.645069019411377,1,39.52
0.00413103479812999,0.3482660568174,0.493423588161063,1,29.25
0.0226235111815444,0.185077345467544,0.486679172946803,1,10.64
0.00515025376640393,0.370647209733007,0.404007428203265,1,12.3
0.0335717231044588,0.127577745670766,0.771043492545289,1,6.9
0.0249887968520473,0.195899680314864,0.674382510265529,1,2.28
0.0365335021576724,0.29929513517,0.784822214189165,1,14.55
0.0591585294992789,0.273829464740332,0.437655300406677,0,NaN
0.0045877161571742,0.13617261538573,0.585402746350479,1,29
0.0403864222655517,0.380818959966435,0.721139734131196,1,13.25
0.0216684202425002,0.439552061561069,0.434989627017617,1,26.49
0.01503567531491,0.256186766539383,0.534224816266434,1,17.34
0.00334432975305943,0.182446967616726,0.482687061379514,1,32.04
0.00438569765159846,0.058338158423803,0.460025275808175,1,15.77
0.00133429297127992,0.301250833029111,0.461495224926007,0,NaN
0.0231254417905457,0.013813292728061,0.709704051178101,0,NaN
0.00210721188687359,0.0690465459464445,0.68770135971854,0,NaN
0.00194828870155811,0.0688784734769534,0.672460842441457,0,NaN
0.00107043642027731,0.0383355985671107,0.453976801147982,0,NaN
0.00119047286615875,0.102667404127243,0.428344847315162,0,NaN
0.00612380679470976,0.16085640198404,0.606294218409488,1,19.96
0.00200853449160755,0.497645801911751,0.575839991777757,0,NaN
0.00149722629084594,0.391244759454518,0.696469385450906,0,NaN
0.00651180165919371,0.240508597156007,0.517131844033409,1,12.1
0.0259716938258137,0.220816251296316,0.748504856087982,1,3.69
0.00297843752135271,0.017005692324581,0.40983348337852,1,13.14
0.00466473500856322,0.3031500637717,0.770479261316243,1,54.99
0.0269340964224165,0.227086140189829,0.439655222687795,1,20.92
0.0765755635918273,0.363602819238965,0.712988381100563,1,24.36
0.00858176881282354,0.0333085535147279,0.720140155179052,1,24.42
0.0375925630793853,0.146778526342113,0.417888432845133,0,NaN
0.0473042837601779,0.450570692097741,0.710273559870975,1,12.16
0.00571317921753826,0.178766145881361,0.476477041518271,1,9.78
0.00385973572402348,0.135603582359577,0.408585295923703,1,11.85
0.00497097479617471,0.127807160982042,0.481035603564234,1,12.43
0.00242927465617545,0.273203302361815,0.449725709048903,1,47.96
0.029501064526222,0.249423574333065,0.562804161641057,1,11.22
0.0671937740021155,0.15695341029392,0.722854456580431,1,11.62
0.0274584406062747,0.384902940236865,0.533684678450614,1,13.25
0.00167636942615765,0.0264606506414925,0.646249558771626,0,NaN
0.00112833794555658,0.0347950575073975,0.422084099699191,1,85.66
0.0325467801493951,0.478163435082054,0.610085521399197,1,14.06
0.0043534543889758,0.299010975892115,0.695562253583946,1,50.63
0.00169695590106661,0.425583618517277,0.59745872857147,0,NaN
0.00580184560999975,0.40801346726733,0.666731664015836,1,36.57
0.00129379485214426,0.362216392528999,0.567451157721286,0,NaN
0.0065936388729656,0.296649833685223,0.519531089279468,1,13.08
0.00197113738532132,0.297183956074688,0.526248625991326,1,84.24
0.00466137098275403,0.495849344935132,0.442997297526878,1,27.94
0.00557549632978451,0.0285998905293621,0.768962639199725,1,38.01
0.0133854517710652,0.494688753206807,0.617382412437438,1,11.39
0.00934574206618112,0.102070323118631,0.486198251499444,1,4.76
0.0035912800458737,0.117555361279625,0.774749019344913,1,66.67
0.00500262108509794,0.477020733905171,0.72597300431726,1,58.6
0.0058721294891312,0.0205869619342637,0.53640521723699,1,6.5
0.00239932961384794,0.0557119164574864,0.787701110683965,0,NaN
0.0103866750887753,0.0906640273274431,0.602812577210096,1,8.85
0.0147772790077114,0.0352242941150729,0.546804680334825,1,8.99
0.0246601422220556,0.497427789998738,0.574052709143213,1,16.6
0.0629618825032504,0.0180729928018456,0.46101603820125,0,NaN
0.0140892859215446,0.0327243876773392,0.411730795835854,0,NaN
0.064266124161852,0.176798041172651,0.48772030689822,0,NaN
0.00634213778505299,0.344713042346173,0.548659258973217,1,18.24
0.0587112452700604,0.110435432077848,0.495079677519992,0,NaN
0.00304671321299964,0.461409097285328,0.712659544907633,0,NaN
0.00179529382349546,0.295962188111963,0.480742276189463,1,81.33
0.0317599741106138,0.346957967450779,0.764295604470066,1,16.03
0.00593598245870327,0.4132253631247,0.490048340979219,1,17.77
0.0016259594052373,0.215157341502179,0.774314264918253,0,NaN
0.00363649928527162,0.270331743332492,0.648476662918262,1,54.8
0.00531140166720438,0.106903690956106,0.563354764298817,1,18.83
0.00760243530908714,0.0893316825229253,0.757410193255383,1,22.39
0.00875573201139121,0.338451909564845,0.484170695727305,1,7.12
0.00346291944337666,0.034457782359182,0.5983726070821,1,39.8
0.00607131460404048,0.345245410803763,0.699198247716402,1,34.34
0.0167202778208316,0.283825252395575,0.692898245656204,1,6.25
0.00560392898251869,0.294802535573927,0.428241570900741,1,10.15
0.02069742056773,0.0264589149366454,0.562457235867394,0,NaN
0.00764326075940986,0.291867866964242,0.790382495245478,1,29.28
0.00110204561219955,0.391140117043922,0.627783370343687,0,NaN
0.00275216297135972,0.261014040771754,0.563020858095221,1,60.97
0.0691492798798398,0.122925727343293,0.57541991338498,0,NaN
0.00534020606567078,0.166328408073809,0.513733814770418,1,15.63
0.00294874010837957,0.254665596118096,0.725409712374274,1,83.37
0.00394570372912174,0.0209093286674473,0.520448565489094,1,35.45
0.0425756033615374,0.41470470847175,0.454558175759081,1,88.16
0.0010890798818316,0.431933293914858,0.621176730276504,0,NaN
0.0248597036910602,0.258832525469472,0.685458053274034,1,6.9
0.0749170660810585,0.447793242011513,0.680473988214676,1,33.91
0.00117094179648215,0.0153374590440988,0.72789616151064,0,NaN
0.0322295710214988,0.262918557277881,0.661332128147735,1,12.18
0.0599185734275526,0.147198517722222,0.641220424017618,1,10.75
0.00960024870681209,0.325184712400616,0.714425341402186,1,16.57
0.0260834992311624,0.207695598738777,0.75097603911353,1,4.28
0.00155279557430359,0.414980886955825,0.404268166503361,1,82.48
0.00337840621859244,0.276209283847291,0.742486978948107,1,74.77
0.0281915860691122,0.39001815746938,0.655168299668716,1,15.69
0.00259235024190985,0.448377330069265,0.707194801819253,0,NaN
0.0273292131734937,0.0312190371947121,0.461425422755131,0,NaN
0.00807456031539211,0.0730353178866298,0.48831556946091,1,11.85
0.0103147638642194,0.237977817466128,0.435914503245857,1,19.21
0.0312910458003934,0.0474894581927575,0.466609878348974,0,NaN
0.0434267276978769,0.173937957555979,0.522021608466043,1,19.09
0.0142313031698394,0.491203983233359,0.787588003358191,1,17.12
0.0222601795879161,0.124406665640381,0.51683938073555,1,8.7
0.0824891434927645,0.291131963869347,0.479880899651889,0,NaN
0.00453697552164058,0.174715896292117,0.459865642121339,1,15.31
0.038470252667825,0.0654173715181407,0.708765790412339,1,12.01
0.00243110646840865,0.297663702723326,0.431676648370384,1,45.31
0.0476316438115428,0.389948516247057,0.541356574914825,1,37.99
0.00240264305921866,0.0756047561630654,0.67925917623401,1,84.77
0.0700463506191286,0.204435378599571,0.535578929715836,0,NaN
0.0538246605547174,0.420817278290526,0.65180962114044,1,18.91
0.0226987043853927,0.115981899923727,0.425959633962256,1,12.06
0.00324666393620559,0.272208893215755,0.606939693453149,1,56.71
0.00107930557516113,0.427885517991037,0.729280424429971,0,NaN
0.0082649662692275,0.242607901770361,0.777647427907112,1,23.66
0.00738248481464425,0.426486426956836,0.614220956580948,1,22.15
0.0566197452005561,0.0219725155136778,0.601743912305093,0,NaN
0.0018424992678333,0.455041920959587,0.514081393733065,0,NaN
0.0114872480725061,0.0100649463372683,0.527184284202002,0,NaN
0.0669929338253033,0.416296299145431,0.669433412922486,1,25.94
0.084728959939955,0.380509543956545,0.467404970915018,0,NaN
0.0290257473640846,0.180650315868929,0.639395024773024,1,9.68
0.00843500656993494,0.436700017994658,0.53335977485414,1,13.48
0.00817976657633509,0.0917744887489611,0.586555718677257,1,9.46
0.0620835374373852,0.0726329266491267,0.655972148156873,0,NaN
0.00388863064144485,0.219439699344789,0.470338413346352,1,24.3
0.00113062812534906,0.038781773314592,0.424069152415367,1,87.91
0.00406622332739814,0.279729028607148,0.625220285731746,1,45.11
0.0758012746543305,0.379710284504125,0.668441275032062,1,32.87
0.0378796909338051,0.247725798678893,0.607235136389359,1,9.09
0.0692360368381508,0.289872439507489,0.706597937772919,1,15.87
0.00853985327148487,0.113050103310684,0.643245672539875,1,11.65
0.0226569292286875,0.312182948225027,0.481236849501702,1,13.35
0.0674422538483292,0.0184846235777818,0.490643004598462,0,NaN
0.00137012576372376,0.386532675980942,0.613325057082672,0,NaN
0.0857321717120925,0.107796273765058,0.404807052249356,0,NaN
0.0957174084177577,0.417778338244859,0.578123624099507,0,NaN
0.00182464553376576,0.399199347990264,0.595444467227277,0,NaN
0.00444196098141255,0.1139988344415,0.732444061889541,1,46.52
0.0290363104385109,0.371996179766207,0.463949103541856,1,22.67
0.001751746605496,0.0363101174233219,0.685755810833514,0,NaN
0.00346008215560324,0.492181921615099,0.637239278506481,1,78.74
0.0103698056529815,0.221681759553236,0.772204936937176,1,15.33
0.00791305229190383,0.0414080225875977,0.663644525122741,1,20.01
0.0115484450889624,0.0821125638218942,0.710091235962675,1,10.88
0.0544881882927361,0.053068156278297,0.760184278380533,0,NaN
0.06005224663606,0.0375869320257022,0.656022501350462,0,NaN
0.00810814460971608,0.180384364420963,0.666687802418598,1,15.73
0.0528244899504548,0.228970679585067,0.406812409268826,0,NaN
0.0137931350225445,0.469532838170616,0.591509634791617,1,9.08
0.00275221677448626,0.49646983540059,0.561653850380022,1,86.05
0.00220261588304209,0.434583326946462,0.675609227630926,0,NaN
0.00258687558467921,0.0144216270732548,0.467630851015328,1,43.93
0.00183594682918851,0.451794872515031,0.683655958966642,0,NaN
0.00441332755703838,0.218350297777789,0.664578685700105,1,42.68
0.0023946191669803,0.302744027133198,0.484258861327019,1,58.16
0.0032017898372061,0.112074622168122,0.685338152765978,1,62.9
0.00276278735211645,0.142307354747219,0.592702943713433,1,60.55
0.0315870170859184,0.183785452682575,0.655093606911442,1,8.77
0.00435417843489657,0.251286486765187,0.646955505581898,1,42.46
0.0488297794819951,0.158224553117269,0.456715798512585,0,NaN
0.00168429574597122,0.151195616456863,0.763532931863227,0,NaN
0.0103815933790611,0.310791691574765,0.513561643582012,1,5.36
0.00748453738879388,0.274048805985454,0.420860203726231,1,11.07
0.0241493918036125,0.117177523575744,0.767335596263072,1,7.21
0.00409365690863312,0.0668033773531314,0.543849116896719,1,25
0.0391019079290507,0.158101557197859,0.624578194967953,1,17.56
0.006879199579786,0.240274865513328,0.716468210352316,1,26.51
0.0793677678576011,0.372369577661845,0.543009261825968,0,NaN
0.0323842825871922,0.37757181979114,0.407830999135929,1,73.71
0.00138857845417501,0.456782554465696,0.539101548773307,0,NaN
0.0125642263665708,0.428993423427768,0.437741339242204,1,19.16
0.00127037216236782,0.458607312019314,0.608804631522223,0,NaN
0.00333238429027262,0.22604539034178,0.676475691708477,1,63.46
0.00291097237246951,0.448994694325685,0.583884971499741,1,74.52
0.0304240566653541,0.106012015893779,0.739877537968223,1,7.18
0.0470268448078034,0.334485526619293,0.4428353598239,0,NaN
0.0643939655418725,0.232908538808639,0.660251979251213,1,15.78
0.00107836288661862,0.0642457562890698,0.641531803499925,0,NaN
0.0124519668884155,0.0546930967411452,0.762268661047151,1,13.84
0.0174239762994314,0.325661092567066,0.494350760260037,1,16.49
0.00225216192263578,0.0487013135348511,0.658300440212559,1,82.94
0.0217965087583507,0.31327314128042,0.788129663344652,1,5.78
0.00112175675116329,0.172587550159298,0.583154806340041,0,NaN
0.0279722495329851,0.266321272064093,0.795676783442185,1,4.38
0.0140074726452726,0.204502918332503,0.636291926349193,1,5.39
0.00381854103098108,0.258760402924101,0.458218554250003,1,24.72
0.00649780692914981,0.255560595094112,0.456747940333354,1,7.84
0.00873369295139543,0.300620560628072,0.723751977914999,1,19.55
0.00231312754977188,0.340319622714441,0.702871822951765,0,NaN
0.00695300474697943,0.313623196693079,0.707970831291097,1,27.51
0.0027143504702069,0.225104495036217,0.59551208061322,1,66.16
0.00160495681973439,0.418127068211649,0.600617550530788,0,NaN
0.00176070683677213,0.188536355922288,0.728320809721403,0,NaN
0.0263833464343854,0.32818578579921,0.694649886015194,1,16.11
0.0070369709822837,0.0616141179939903,0.783441787114076,1,26.73
0.00925199344572995,0.284455587561473,0.439513108444412,1,10.86
0.00182739626375678,0.0852761341365214,0.52338793330572,1,77.7
0.0107747034698052,0.178324114455322,0.665224150476295,1,9.38
0.00136065468099121,0.400366774592705,0.630638227110111,0,NaN
0.0601197197654786,0.131756387004654,0.763471774462804,1,12.16
0.0943715156702958,0.495005017641474,0.529462181859163,0,NaN
0.0159474844924791,0.310793734993258,0.660832610286133,1,5.88
0.0056816877370537,0.400919220616981,0.644178626575931,1,34.8
0.00201699717230507,0.0955768381603117,0.423965681863051,1,46.26
0.0852603403865862,0.197875108134128,0.405233546805731,0,NaN
0.00114266634317426,0.165911573412201,0.782241461373647,0,NaN
0.0052930524162193,0.204617615299244,0.511124006731528,1,16.64
0.0013020405688086,0.39242211955484,0.578265606659835,0,NaN
0.0341614362805409,0.0335172267537937,0.612325950235255,0,NaN
0.0365724029248047,0.311168305218824,0.772973153044568,1,14.64
0.0110652828392307,0.379902343044487,0.530486862628841,1,6.8
0.0210960033895271,0.326333859286352,0.604495381904528,1,16.44
0.00148538478047901,0.123341812483159,0.793027717068019,0,NaN
0.00934367275454253,0.212212423198588,0.794113691870561,1,19.54
0.0344431636819054,0.309817366631321,0.404488181777319,0,NaN
0.00623222027375933,0.373364175880316,0.486938699348303,1,14.7
0.00275574791369074,0.138656297862716,0.431455447880529,1,31.87
0.0476451100750199,0.24764265600998,0.606118494499614,1,17.91
0.0804218113294604,0.212444512739783,0.560870228978178,0,NaN
0.0245964758349165,0.174198106162065,0.453500080854782,1,21.26
0.0102656132236262,0.462158976445395,0.595009855602833,1,13.93
0.0362475692022575,0.0122666226853524,0.475387499353403,0,NaN
0.047402461939322,0.309304715346869,0.716982744199051,1,9.6
0.040952567802686,0.346805615707811,0.432573640022718,0,NaN
0.0141053222518906,0.0760407276751791,0.627965739605743,1,10.37
0.0169652417730954,0.017890347888029,0.773931326310585,0,NaN
0.0254410099148623,0.337601696229823,0.568709123579252,1,14.27
0.0949012728418785,0.240641351578359,0.563557173220125,0,NaN
0.0520201778398553,0.247772862564098,0.446905095687185,0,NaN
0.00568924049364906,0.17756813827387,0.526551653668026,1,15.18
0.00112282227126033,0.436242015036145,0.612573307248803,0,NaN
0.00732423645360175,0.131694071298512,0.689472193654354,1,19.65
0.00268507257317931,0.138110785570452,0.475763624882133,1,41.3
0.00556222460145933,0.25249834507265,0.413200332842818,1,8.08
0.00337907511556489,0.184771569618592,0.509882615472458,1,35.91
0.040380157302278,0.37481253561251,0.452673500316716,1,68.81
0.0208296689904877,0.159157499365755,0.537138483343989,1,10.7
0.0239976745091596,0.0290925989304459,0.708857135513248,0,NaN
0.0237100920191789,0.464350268292067,0.424807433882107,1,26.39
0.0128115049296572,0.365590494360387,0.738611761314263,1,12.06
0.0329313009892275,0.422774404945301,0.419567555115488,1,64.73
0.00459077989916939,0.34123993831665,0.749771637724114,1,55.5
0.00228563108739701,0.26406483803552,0.581578082274949,1,80.76
0.0111478763726255,0.425225734043205,0.418570389847117,1,19.96
0.0120924397077069,0.124024778355563,0.761309561618081,1,10.94
0.00121751953554268,0.0583556370321757,0.742833452541668,0,NaN
0.0358859253161029,0.0796004566920992,0.486999059917536,0,NaN
0.0465113792646856,0.185226916229555,0.410129511244502,0,NaN
0.0574538752162627,0.187966928537006,0.715424721245562,1,15.36
0.0627736970266849,0.341488841989486,0.618097624879364,1,34.58
0.00117078908484816,0.0587518008332187,0.43637571667084,1,94.64
0.0991190634570803,0.168845371813758,0.466426303454075,0,NaN
0.0243571793956235,0.213587748628454,0.701733353758472,1,3.51
0.00418176416045923,0.387615565393962,0.764904033406829,1,67.38
0.0149417467890821,0.110311363731658,0.429151527180908,1,10.54
0.0157040084081468,0.275818444330569,0.657634327369345,1,5.47
0.0338720489204734,0.230509668622165,0.465020072192304,1,29.87
0.0452279341092935,0.491817162919035,0.457258577853409,1,91.9
0.00903089290984039,0.441755072605873,0.428180111024414,1,11.19
0.042903285811857,0.371989849214662,0.69349476355591,1,11.76
0.00493233064047957,0.271405229819349,0.624333358580617,1,34.08
0.0297537990726056,0.279870267229786,0.408441083631634,1,50.23
0.00116477150061621,0.41864615198982,0.734527863789046,0,NaN
0.050328735287528,0.456964448439711,0.43797007131396,0,NaN
0.00181281845259177,0.265877911552027,0.40654658228397,1,58.23
0.00118590648311448,0.300655605532912,0.688714947712233,0,NaN
0.0269169338037827,0.0963229767909422,0.492974654828009,1,10.81
0.0557028703231595,0.387587167069211,0.635751792853918,1,27.48
0.00331072290543848,0.232455782798403,0.793571618388299,1,82.05
0.00361957682080179,0.348427879766362,0.638697520820195,1,58.15
0.041933599881098,0.146812857234656,0.673507084372633,1,16.69
0.0409707742120483,0.0473581980950065,0.547749077574975,0,NaN
0.00709813958244578,0.479582184798628,0.797493936895081,1,44.6
0.00811588121651591,0.222244965749707,0.535378226819037,1,8.31
0.0965579121256374,0.387287883882751,0.702280112347135,1,85.52
0.0261420928520716,0.109505969163211,0.550166788600203,1,7.81
0.041497745084051,0.0901139940247258,0.529584821125191,0,NaN
0.00839453043996147,0.117288879874803,0.531355235504918,1,4.91
0.0102420321995422,0.182641781693664,0.429415824371479,1,18.56
0.00113506889794141,0.144357984624747,0.627054175210055,0,NaN
0.0195250178068561,0.310721456625863,0.569444785329503,1,16.41
0.00726157589790215,0.159997852648824,0.516313832756527,1,7.01
0.00182326625356825,0.279634376013181,0.448984418201805,1,69.97
0.00153487975801642,0.12210621699157,0.442769359959181,1,75.26
0.012105010677204,0.102400723813886,0.673398203077021,1,8.3
0.0188365981546391,0.265489391684595,0.776726630317623,1,6.76
0.00313844970186321,0.362093201877681,0.569776634393049,1,58.29
0.0333631957597634,0.468633768374155,0.720851360869151,1,16.02
0.0204765246426842,0.0402588914922336,0.762661520039537,1,3.3
0.00407978775278121,0.474495345245965,0.618096772075811,1,57.64
0.00543333815653829,0.0533728321843349,0.568613805501052,1,19.59
0.00128146349777089,0.427739009430477,0.79356959121559,0,NaN
0.0067613703026922,0.184996232912927,0.799626816864972,1,32.42
0.0151086078556158,0.196517510586587,0.441831823689453,1,14.72
0.0745941799495596,0.0816971107615591,0.550630286011713,0,NaN
0.0304957134388696,0.353181075123016,0.497173656309518,1,22.72
0.00967359925932077,0.170052499499382,0.547983753289889,1,4.77
0.00384756657884021,0.108303022372041,0.515026927518359,1,26.79
0.0730869815720939,0.22062336895315,0.591245123577162,1,58.14
0.0824422824430923,0.419752570718946,0.515990273020375,0,NaN
0.0111301159300788,0.364293683816771,0.745923144709345,1,15.41
0.0221012109814167,0.0358566646551723,0.784006142832047,1,6.3
0.00388767598065954,0.0420787105317638,0.791654457796481,1,57.22
0.00100417452080677,0.475455334715673,0.469367946710657,0,NaN
0.00470779986391097,0.440443164533739,0.740214701713356,1,60.04
0.00632169288486576,0.0581817506533945,0.651247641408438,1,20.89
0.0173046059141234,0.464745691107415,0.752242263782981,1,10.8
0.00328545487599695,0.448030973141133,0.483621320763929,1,46.5
0.0155467654475541,0.012021188755304,0.436181075826415,0,NaN
0.0192654807215426,0.156663236354995,0.710173518677155,1,4.95
0.00186943198945865,0.0979778028577675,0.513336054125857,1,74.32
0.0515355414243183,0.286112797973399,0.457702484751247,0,NaN
0.00292146695965988,0.0249001328797688,0.740129545087303,1,70.52
0.0260191321777152,0.379918869430656,0.42255617313264,1,35.36
0.0107993945146518,0.10021936447118,0.797841023995786,1,14.51
0.00570839426174743,0.27369399666126,0.508605598249957,1,15.72
0.00866697128228482,0.260951820659035,0.606167418071991,1,11.59
0.019513970584271,0.0855419075115472,0.48605043220745,1,10.7
0.0543729520327165,0.307008191453487,0.472938049964781,0,NaN
0.00372365669820673,0.268581871245637,0.789815051862372,1,72.76
0.0357252777797703,0.475049690465903,0.643042124225741,1,14.2
0.0630253210239595,0.0411061604544614,0.63646280773422,0,NaN
0.0395504357130388,0.259796117064258,0.613133914259824,1,19.94
0.0130206928842429,0.330997029400389,0.58522313026857,1,6.01
0.00174407323355607,0.374086485425705,0.605728670959322,0,NaN
0.0150936617325507,0.141362468525775,0.769943605020327,1,8.23
0.00324532291710209,0.274219475180929,0.774906105876556,1,83.33
0.0300171720016807,0.456831044882646,0.622846455792319,1,15.04
0.0885069071353034,0.345317213596409,0.455882358015396,0,NaN
0.00164381287034557,0.218024486475074,0.430484658275854,1,70.57
0.00928217530576437,0.486398244428286,0.628141335694502,1,19.91
0.0245361174005468,0.326044978986922,0.48728175046495,1,25.04
0.0832289243124354,0.130420860714525,0.653447625603206,0,NaN
0.0334411956919185,0.36594677272357,0.78786331854406,1,15.88
0.0189114117218681,0.267296961996522,0.578716097885831,1,16.18
0.0214062153648401,0.160497515691317,0.577362371317507,1,11.16
0.0206105734057175,0.412915815467276,0.527608524500633,1,16.01
0.00407523921548657,0.257647669684452,0.462978412462749,1,22.44
0.0227982405132095,0.0614996309589589,0.748248727445157,1,7.38
0.0182476870557502,0.415168859190435,0.778427729590943,1,9.34
0.0943760812903037,0.261567086988935,0.622397988030242,0,NaN
0.00956095432809979,0.317181739455665,0.740806789552616,1,18.08
0.0125936067792288,0.0197797901557993,0.497532558612881,0,NaN
0.00223389284037269,0.0597678378416501,0.589724833242439,1,71.08
0.00718576519026377,0.16943773468165,0.444154525436193,1,8.52
0.0715105972226643,0.362305395601335,0.70704663464131,1,24.89
0.0576924548902642,0.380907484248684,0.532999284154465,1,88.83
0.00216986962606706,0.26754877090244,0.506936114392184,1,68.91
0.0710478311286757,0.032055481517956,0.468309973830719,0,NaN
0.00201200949353011,0.0632255574684869,0.733659736775411,0,NaN
0.00248620262000546,0.429379296850793,0.639427011081994,0,NaN
0.00155299538990891,0.400789954726867,0.714954260658367,0,NaN
0.00446886222597337,0.0940094132380544,0.641124838803951,1,34.82
0.017109089005819,0.140969587327631,0.715719900644541,1,6.13
0.0731208427406915,0.346367460464249,0.678973320411209,1,24.36
0.00954410699980312,0.0688921628351201,0.642754486408317,1,12.52
0.0313589706284675,0.269553676510667,0.488747652529566,1,20.97
0.0553409672519747,0.136495412613869,0.479645590719793,0,NaN
0.00751600973589518,0.0233208957437454,0.414536085400042,0,NaN
0.0181050666497165,0.0421869377889668,0.791754569671887,1,9.46
0.00893304920830108,0.331600760756649,0.531162420777915,1,8.6
0.0521182068309623,0.017958493620099,0.480011258267416,0,NaN
0.0450034144720221,0.0430946513470952,0.524299424167516,0,NaN
0.0586436342295938,0.309815523117293,0.765840149442134,1,8.29
0.00802774187583147,0.130203386630095,0.783280762783383,1,23.09
0.014806169696264,0.445393490515285,0.585940157476124,1,7.38
0.00677018759932385,0.0157227159285829,0.691374156235524,1,16.25
0.00102182310626686,0.0681323677065492,0.638502566362249,0,NaN
0.00349619908131733,0.470332841800296,0.676564815427569,1,78.94
0.00369334818214765,0.379331292385403,0.663332769877306,1,62.33
0.0226388597817726,0.272451108789799,0.424086428846554,1,23.45
0.00546537964466279,0.462212720411734,0.586655470793841,1,34.85
0.0721888966141482,0.459523025341563,0.404629214490489,0,NaN
0.0519366317536373,0.34977459486286,0.728494809922813,1,9.49
0.0126862382263123,0.0641826762416137,0.681999761692491,1,12.27
0.00210295432747881,0.265107617312382,0.525492700076055,1,75.53
0.0111661019979203,0.166666611179071,0.668426639573475,1,8.4
0.00212679221153784,0.307822225837853,0.704125975004562,0,NaN
0.00399597673011963,0.252237230056103,0.705875212478823,1,55.47
0.00453860470521499,0.421044150828326,0.671923046958685,1,52.4
0.00306163749752617,0.273749196303338,0.73512677003137,1,82.46
0.0119560045610248,0.0195471874130382,0.642991461560133,0,NaN
0.0744715585775883,0.120911244751787,0.767976404869595,1,17.89
0.0107937236736221,0.249428471434426,0.679051135310754,1,10.74
0.00385389103052385,0.149764437307993,0.403780193974067,1,12.07
0.00282588972674442,0.336577408232422,0.462036947717257,1,44.13
0.0196619966644124,0.440034793706027,0.642291024274428,1,10.02
0.0363068486970613,0.0438996109301273,0.487418258759557,0,NaN
0.020627051371882,0.318247947918836,0.428246569245782,1,26.12
0.00110078205613907,0.264633123655072,0.779011855401426,0,NaN
0.0236860471833302,0.367071741202363,0.559407144125957,1,14.99
0.00126312165877294,0.045812662020637,0.7032182252833,0,NaN
0.0114862839957091,0.324780938752605,0.600309962012803,1,7.67
0.00299275592809069,0.371743248236621,0.509827381824817,1,51.56
0.00214987258137899,0.382372125288662,0.784037776247433,0,NaN
0.0739817806501617,0.195511006878489,0.438720952384313,0,NaN
0.038853201798598,0.403428774286774,0.692082131381059,1,13.48
0.00210216749372969,0.291049114736597,0.544676059166151,1,81.77
0.0328976049433802,0.444321586844479,0.760799476162305,1,16.45
0.020766866532648,0.187278141795729,0.598489952486145,1,4.83
0.00413300800327971,0.151593723654033,0.457222860460982,1,17.65
0.00270693021322421,0.180246236809876,0.455815385206731,1,38.92
0.00683447655642711,0.282352626743262,0.420473495844429,1,5.94
0.0159572804944628,0.35867427986179,0.751709214058197,1,8.76
0.00440808360312869,0.237836303352963,0.726168257332713,1,50.61
0.0202854559633623,0.194430823967774,0.455206286847178,1,11.38
0.090691010456543,0.0224910670790939,0.493474538412412,0,NaN
0.00136121877766897,0.472080507617744,0.79242554172081,0,NaN
0.011861861742094,0.105676157872853,0.569362384545905,1,6.12
0.0101185620569563,0.237005803031041,0.650363758127496,1,10.22
0.0137660629511703,0.397970754121699,0.684140769097405,1,9.78
0.0710667815280037,0.0869784012948842,0.650241344129189,0,NaN
0.00237201192610202,0.491766591731419,0.68926943048138,0,NaN
0.0306862078082453,0.431464545250394,0.451623958637303,1,33.97
0.00131544968131234,0.0334604376632745,0.659879775922505,0,NaN
0.00150000544419172,0.460683599122373,0.46868981013093,0,NaN
0.00256381453944429,0.159225969968426,0.668638059942408,1,81.47
0.00962902097747203,0.487656738594672,0.415823867363296,1,11.66
0.00130066039654247,0.32405715157534,0.562006454316904,0,NaN
0.0181726737079303,0.318865127513633,0.485832490257902,1,15.57
0.0572893485546662,0.20333485818144,0.718443079009878,1,15.73
0.00693976003308908,0.392237789953158,0.680993038570331,1,28.57
0.00577430795751029,0.325489357494854,0.431323597526803,1,10.41
0.0035283558301977,0.224467719591112,0.562780576478993,1,42.65
0.057385222516989,0.123362003243549,0.695159179767797,1,10.9
0.0128419997929653,0.388519129069698,0.414333157029588,1,18.1
0.00626285744341073,0.298205500505847,0.498475404347206,1,12.92
0.00953386025131843,0.40532210381853,0.520734241258159,1,9.16
0.0463960296525294,0.392830701178407,0.57999078986957,1,29.55
0.0915033406113608,0.341570546553599,0.434651625510536,0,NaN
0.00155316407202577,0.287549925177493,0.483071755962935,0,NaN
0.00465858349677188,0.0406355189457983,0.410312807220081,1,18.47
0.0179270340612213,0.282835233765064,0.738375768318056,1,6.2
0.00321980569058309,0.303933168857688,0.484254459675593,1,38.7
0.0111262265887828,0.329467118517462,0.531566708373641,1,6.19
0.0966477440825562,0.07111111358216,0.581078514161515,0,NaN
0.0038540958565831,0.205622124710687,0.424764686702663,1,17.61
0.00433320258617599,0.280613194289371,0.696050911705624,1,49.9
0.0320843024119453,0.25199050590018,0.651467456679858,1,11.53
0.0651514685442286,0.350004791817966,0.454752213705738,0,NaN
0.0948920880545906,0.195649528260932,0.611848883714115,0,NaN
0.00704353928778474,0.479522563593602,0.727058430605216,1,38.91
0.00576130271444356,0.410808501390281,0.577798354662041,1,27.85
0.00224662312714575,0.356545232881898,0.495566447678059,1,69.14
0.00120586149436973,0.126691916083511,0.513436647487611,0,NaN
0.0376420455924619,0.280194175136066,0.77699959303279,1,3.18
0.00107279074578562,0.128301788940854,0.678390219021428,0,NaN
0.00441225077433815,0.386588278304881,0.532757076349365,1,33.14
0.00273686541764306,0.385064274762929,0.553665988509998,1,67.41
0.00211482340887847,0.286027820309685,0.488253330100777,1,67.87
0.00702328448943452,0.205823624545588,0.408157976425204,1,11.1
0.00238917647759669,0.0116039169566761,0.417944011477663,1,11.66
0.00290699922408638,0.108654802678491,0.640139848051805,1,63.11
0.00474255730994165,0.287608461096157,0.620299868570897,1,36.1
0.0504168066739543,0.495062518399023,0.459343700144563,0,NaN
0.00109063121750589,0.395718205158322,0.609720391055424,0,NaN
0.0263682456204917,0.139091340445343,0.799435889365973,1,5.85
0.00174637094309143,0.116864264046851,0.656645074940307,0,NaN
0.00674534008681042,0.282773856732866,0.715187282617427,1,28.5
0.0189903482076954,0.0509955589699401,0.63484268825847,1,3.89
0.00945297634898125,0.0713258183604311,0.746104671242109,1,16.02
0.0215344316221212,0.145248731152332,0.524588654380348,1,9.7
0.00447883454194957,0.255048058607735,0.577655408591467,1,32.84
0.0127546073951633,0.287302607925548,0.406089086034924,1,17.64
0.00453890719546071,0.468553865538139,0.592708920638731,1,46.33
0.00143630113352252,0.403510026448627,0.457386226080501,0,NaN
0.0297411170021586,0.228249883648495,0.586204134470554,1,10.9
0.00258610623112133,0.35252823004757,0.613236130784587,1,81.91
0.00750156258104271,0.0869139501770064,0.560895807905067,1,9.72
0.00413169546509916,0.487781099758067,0.770697676981178,1,83.1
0.0122553174013757,0.43266547479524,0.624090912490145,1,10.54
0.0118234009164128,0.422717003294832,0.715188347859918,1,14.7
0.00745146396375867,0.0108968880973434,0.548060986653587,0,NaN
0.0135124489557824,0.320269227396693,0.458710958617968,1,18.15
0.00187055050876669,0.207527260412185,0.421592723407118,1,57.38
0.00461128669751608,0.201349729968315,0.583022225799372,1,30.19
0.00247877247863369,0.430093004896945,0.642862326189877,0,NaN
0.0202044121458029,0.0803253343750414,0.706951980329692,1,9.11
0.00692983979610423,0.177717141462914,0.422644416279611,1,10.38
0.0453780272898197,0.235823263409045,0.614201057420061,1,18.14
0.00239971664309384,0.499201345033651,0.552962183517897,0,NaN
0.0740955365340624,0.496271753552422,0.671974721250723,1,26.77
0.00582402774642582,0.321840986056291,0.659481848762205,1,31.29
0.02901419057997,0.0236580669621867,0.637226550233985,0,NaN
0.00202339922390329,0.330030903906582,0.424784638259466,1,58.56
0.00587135254475726,0.380270358224321,0.59833328736975,1,27.42
0.0784648511168798,0.151275732886574,0.47454658577163,0,NaN
0.0120988843021366,0.205047631228462,0.455660672449779,1,17.92
0.00621122461656893,0.0249530335918594,0.619380017553751,1,28.92
0.00863376535085445,0.382863351356015,0.465113832810184,1,7.47
0.00986919019613285,0.300885882857627,0.434133750715655,1,19.48
0.0251414238821075,0.390680391450996,0.453527168977059,1,24.81
0.00102241595985581,0.417058246079337,0.605259133573151,0,NaN
0.00194677274232897,0.184788840476783,0.789208691202289,0,NaN
0.00365726392114915,0.389635213778719,0.544391719544033,1,45.29
0.0692799746740828,0.276270657185903,0.56289543698361,0,NaN
0.00323718705032794,0.184880661017461,0.445003693291606,1,27.87
0.0181667673939647,0.0862817897508842,0.725244351910174,1,9.03
0.0124323735970987,0.333093411269238,0.665647041745576,1,9.39
0.0459660133986348,0.150115032043865,0.438925263041588,0,NaN
0.00866034895789775,0.164360013870963,0.639513426489733,1,11.84
0.00370732692015327,0.332523556018653,0.504399958329634,1,35.74
0.00367380668935991,0.348617751765537,0.789391435633287,1,79.01
0.0473705387581073,0.428456576158886,0.760531192609709,1,13.56
0.0783929447172103,0.378617073271113,0.503652512050346,0,NaN
0.0358354355355501,0.425094835848865,0.736949878028216,1,15.42
0.0721720175021831,0.242140111675184,0.740466210626906,1,14.92
0.00856326653561521,0.0218793868141293,0.691634922041621,1,16.82
0.0494327740409312,0.299684945096442,0.793799084966253,1,2.85
0.00358695972834389,0.488581639887622,0.537942083885409,1,56.54
0.0124795756869358,0.165039548701754,0.534595531368028,1,7.25
0.0219465669402462,0.14975081306053,0.76634369773953,1,5.74
0.00191324988236635,0.394890676039803,0.473202151695411,1,81.04
0.0151315277536291,0.0373148785635257,0.647349395928515,1,4.4
0.00208210373203851,0.19376765879248,0.409047289961562,1,46.24
0.0334252897074505,0.258318710776952,0.714868823746171,1,2.49
0.00810070432515896,0.467819141925504,0.718071983288654,1,30.02
0.0132576790938315,0.178755354976404,0.453143921281863,1,16.19
0.0343012010533621,0.111731471340906,0.44720266458334,0,NaN
0.00163474922062805,0.234055088563421,0.690337241147855,0,NaN
0.0514241787890238,0.225179171520919,0.622955203821767,1,16.95
0.0055555220279817,0.456845383912274,0.540532120688861,1,28.45
0.00273917460788322,0.0600953763613158,0.663037276240466,1,67.55
0.00808667486901419,0.434551344666835,0.557361955657252,1,15.57
0.0370771862268412,0.0990593419355404,0.42697541168423,0,NaN
0.050681009645665,0.40291482157151,0.585367581880512,1,28.26
0.00114852491001401,0.316567516846566,0.472196399538395,0,NaN
0.0290448512155888,0.0735914606538685,0.526242438532994,0,NaN
0.0390480334733681,0.38876035559523,0.459427506221222,1,50.17
0.00143586519578086,0.0910191860474945,0.686841166275889,0,NaN
0.0114802287997843,0.202994330633763,0.726331977373072,1,10.82
0.0143327925122034,0.474204661177544,0.526672306901137,1,6.45
0.0994288844603347,0.103212257118363,0.556904445090607,0,NaN
0.0248503598494558,0.178407232576563,0.76342832782872,1,4.6
0.0225845201870968,0.0245874160471231,0.592510848880134,0,NaN
0.0132536578937391,0.207216655704316,0.461636413509014,1,17.17
0.0954732261494448,0.475169492685728,0.783718169447954,1,23.68
0.0547451787173722,0.419646779351786,0.661632014850218,1,18.74
0.00214059887518434,0.433247987619111,0.704769850616737,0,NaN
0.00153490155161066,0.0489423368652067,0.603557831716203,0,NaN
0.00573194152265911,0.22455097313541,0.524788592441031,1,15.94
0.0786707190458951,0.497840259938215,0.747796891758262,1,16.71
0.0460975018251609,0.134609372639792,0.419396652968836,0,NaN
0.00268831144843564,0.347475533394013,0.638408756777721,1,82.44
0.00727945072412944,0.272232948661388,0.42230222283316,1,10.67
0.0750436857868623,0.103461734291342,0.531110183895528,0,NaN
0.00568082052118978,0.425209835224825,0.502793455870842,1,21.07
0.00105505261174283,0.369422024060218,0.71288965472849,0,NaN
0.0257815057005357,0.118636012348412,0.426828719298816,1,12.51
0.0243001096815104,0.43920774483789,0.510992902906713,1,14.44
0.0469629821626086,0.0781166298999573,0.549907602781324,0,NaN
0.0509006789978175,0.350916681404152,0.677959762322727,1,19.18
0.00395599511572119,0.154348229016489,0.660387194000548,1,46.33
0.04467209769998,0.472891969554951,0.71231560566319,1,13.35
0.00646122761233124,0.370730540758662,0.71746902574256,1,34.06
0.0429821173939076,0.0739998319804691,0.463822561784903,0,NaN
0.0443602792501421,0.024971524133934,0.61759658283537,0,NaN
0.00137721140189244,0.474714544740089,0.584107399536659,0,NaN
0.00395751834671914,0.265975765650666,0.478342894910062,1,26.03
0.0358674050710459,0.488100402034948,0.466126417942568,1,33.39
0.00158662155696617,0.177275368445357,0.589641140720004,0,NaN
0.00138593615444072,0.0394890312920697,0.744688125882006,0,NaN
0.00758754256777062,0.442569858635708,0.557535995435463,1,17.93
0.0282573884602418,0.181858698789796,0.412940368629891,0,NaN
0.0349283516565175,0.183209970805896,0.656424165943214,1,7.95
0.0420976895923965,0.341769484425373,0.59434899464662,1,20.27
0.00736230901030385,0.0472383903071074,0.411333141376426,1,13.1
0.00100811367808328,0.0803042445970902,0.72321482653168,0,NaN
0.00295275871755921,0.0571485536722651,0.568670009989246,1,44.91
0.00960815830002832,0.478587575067905,0.548594894606798,1,13.51
0.010967070985527,0.141079516009912,0.630512133936217,1,7.06
0.0492588983901629,0.489645849507504,0.664296250690544,1,11.09
0.00121007691471962,0.0527003619681364,0.569150328127708,0,NaN
0.0231876846958826,0.30504464845716,0.692578577240044,1,8.22
0.00411291901008089,0.0399056537202112,0.670601154716904,1,39.54
0.00163751013873707,0.180663839788136,0.690599829667311,0,NaN
0.0149403049825287,0.13372453753485,0.575572273123238,1,2.64
0.0041751564385944,0.160433218364679,0.57418760453991,1,33.01
0.00225846356761593,0.458824670235117,0.663367856155961,0,NaN
0.0367462632235271,0.326100928013642,0.414117091437039,0,NaN
0.0221275899525729,0.0108839527738945,0.553806131391933,0,NaN
0.00223234585459993,0.0293503941598527,0.573903720302049,1,61.68
0.00585165557854195,0.295773620125998,0.476414317621136,1,12.88
0.0229301479143219,0.442268092471953,0.400736544253775,1,37.97
0.00387452852778113,0.148432158073428,0.728563452878043,1,56.22
0.0468283893314042,0.201149142239671,0.780432323885341,1,6.75
0.0018143506894719,0.446206168914119,0.773035598940972,0,NaN
0.0177950166243193,0.180660251084561,0.685444143911097,1,4.9
0.00435152074165881,0.418473182977714,0.488201555544334,1,29.75
0.0229308189165252,0.117499174147309,0.41121413576078,1,12.12
0.00370596959709248,0.150212979219844,0.412316311187886,1,15.26
0.0145221429472299,0.0654649516647473,0.428649370174802,1,12.1
0.00135557509688104,0.0153709013615996,0.737400519282835,0,NaN
0.00698098017838097,0.247207548753478,0.464961085423536,1,7.37
0.0841292638020419,0.432899391669544,0.662564048162851,1,56.59
0.0361851101382793,0.203922417235831,0.564771828679681,1,19.33
0.00220166512465464,0.452005157945553,0.667724633006088,0,NaN
0.00289463941622192,0.166693403639336,0.508482357532012,1,43.88
0.0886622707417693,0.354221056084274,0.523788175950522,0,NaN
0.0573975933067777,0.432593675132318,0.647909249023778,1,18.41
0.0185338842720204,0.160485921655889,0.650478313725712,1,3.83
0.0016419218048089,0.157586747313419,0.63318155486574,0,NaN
0.0197396461880225,0.401220163977291,0.750054722737904,1,7.32
0.00130593868083232,0.0369839079339161,0.77542476592392,0,NaN
0.00671519419141422,0.132081039276847,0.550047156183974,1,10.74
0.0018033777709576,0.0909402680122278,0.776789543003666,0,NaN
0.00410422277455589,0.380140527020766,0.656062170516351,1,53.86
0.0444934342103321,0.0667022553702718,0.782219346359297,1,11.53
0.0084241389873805,0.0845767197544754,0.55715610791877,1,9.02
0.0886512335753742,0.371530943211053,0.750261424072982,1,31.3
0.0483265261305047,0.364699830450668,0.649165821999437,1,19.36
0.037802603915971,0.195240578768088,0.759472700709234,1,7.1
0.00138411936177812,0.455311052352884,0.568564082449456,0,NaN
0.0316720629261619,0.454686087098662,0.645095514603285,1,14.8
0.0021465194442573,0.294397639266313,0.797808969252216,0,NaN
0.00144099278329459,0.357323228698409,0.466681150437804,0,NaN
0.0350386417106249,0.320697804036193,0.62059229783828,1,11.71
0.0146224378789851,0.0368924327192439,0.41865697826635,0,NaN
0.0118012737162789,0.383254928423869,0.474104147238136,1,10.47
0.00120665511828654,0.291111210815636,0.641975547064344,0,NaN
0.011362041988953,0.142360168830871,0.471579528255,1,6.7
0.00115132222244164,0.370186884377896,0.767053234262779,0,NaN
0.00869503479729465,0.413866853432159,0.738957683678378,1,25.02
0.00218732916425658,0.191456175575205,0.430254674008921,1,47.45
0.0216559198533052,0.339262660101915,0.636051697712162,1,8.61
0.00815823670634636,0.230627231715302,0.716777721648384,1,19.74
0.0186582327280889,0.448287885646672,0.429022604590957,1,15.45
0.0118071021097419,0.406224642517903,0.528439329711747,1,6.7
0.0386566547115864,0.43437917939827,0.61368645541091,1,11.88
0.00769755186651985,0.297254254916356,0.752602802635122,1,26.13
0.00687297728466429,0.0556503102567966,0.771798483022545,1,26.87
0.00128621819062612,0.268084251521232,0.67637743820409,0,NaN
0.00103060019620964,0.176800689982992,0.717115486269045,0,NaN
0.00518749413361052,0.0365589363466603,0.509629501837193,1,22.41
0.00650068609416821,0.392717774171054,0.475537993885279,1,13.48
0.0123694543940931,0.350037793454324,0.731792178995744,1,11.97
0.0172617173826337,0.457046195157881,0.767051460405048,1,10.96
0.00490439736776342,0.456131106518534,0.757544457439853,1,61.15
0.00534111083726876,0.498228818770302,0.756105986571501,1,62.65
0.00205785589501973,0.393619320583185,0.531329407725318,1,89.19
0.0158419002454817,0.372346950704694,0.652694679990894,1,6.79
0.0395797855351871,0.127875371189816,0.512938702568273,0,NaN
0.00391042019451493,0.297603023912952,0.520701110446955,1,33.59
0.0134919046138536,0.120350660407942,0.602176704824676,1,5.48
0.010496332030055,0.0437589652727797,0.46556123038746,1,6.25
0.00175320708004708,0.275354236008923,0.604014368626724,0,NaN
0.0243953286221353,0.0863172727042568,0.563658565798,1,6.07
0.0145750594735909,0.392578130521128,0.65454534795299,1,8.24
0.00377347659961964,0.487619423221405,0.611855294273839,1,65.71
0.00750458734267435,0.106142264004626,0.486149185135934,1,5.05
0.00428740806836439,0.287805363154625,0.766233394158995,1,59.5
0.00275987635329918,0.147701314662382,0.647559536713886,1,70.33
0.0107812079527985,0.0942885476261034,0.406567026880443,1,11.62
0.0129261301134982,0.0111839240568873,0.622400977731686,0,NaN
0.0350274233766445,0.0461287887009959,0.558763692576982,0,NaN
0.0111338151861908,0.290542404234404,0.561227653745674,1,6.26
0.0360610006017754,0.20231814700696,0.426810042460202,0,NaN
0.0169404631699964,0.384511848048501,0.627411889038889,1,5.61
0.00301685641240748,0.298546491066899,0.646651427327652,1,70.35
0.0299056100422256,0.397631013744411,0.682258681379009,1,15.45
0.0299940520702148,0.077824708230961,0.402196104842231,0,NaN
0.00129230207775764,0.407285475286608,0.625888606558583,0,NaN
0.0507593078957021,0.168317238958153,0.773445881265688,1,15.98
0.0228732874552915,0.346518623891934,0.466895090994499,1,25.72
0.00828101640058088,0.0489887422826754,0.624401505793924,1,16.46
0.00115187605909035,0.335883082410651,0.573645777065003,0,NaN
0.00104898369844834,0.226780249707774,0.586826603631206,0,NaN
0.0448609243740196,0.300839650067105,0.520652380052528,1,37.5
0.00390871531994458,0.45879952082932,0.506941208945253,1,41.77
0.0272220325506985,0.0553120795911605,0.690332724837243,1,14.43
0.0182533756201578,0.314225367114742,0.550446015200883,1,16.84
0.055272416708216,0.263470508236024,0.660082495680241,1,17.11
0.00114084814341846,0.172199401073973,0.623017955452161,0,NaN
0.0038177570641106,0.118224101402764,0.71423537624881,1,54.31
0.0189088961175102,0.038019839517284,0.679560328805267,1,7.23
0.00212883026869373,0.327377513073858,0.753041226391256,0,NaN
0.0243475611569201,0.336667527901605,0.55328026783362,1,14.38
0.00523685417365056,0.159044838813083,0.659852874726244,1,31.52
0.0227009334596915,0.457305202946289,0.555508998151307,1,16.41
0.0227318086068391,0.37880525095419,0.479757538813442,1,13.77
0.00224074645208015,0.397590362275417,0.690484922642211,0,NaN
0.0912414148346477,0.0605758845228866,0.727018168966316,0,NaN
0.0164827620447243,0.378325173382377,0.763896338052908,1,9.31
0.0158247054481557,0.235008670570875,0.418365404840046,1,14.86
0.00279360347681466,0.392897728301803,0.727220945726195,0,NaN
0.0879419898301938,0.369122695293203,0.671023636389514,1,63.18
0.00427111328074736,0.211684172502453,0.420490754565681,1,13.36
0.00129199626607241,0.164231705351348,0.597094629145097,0,NaN
0.0367173955774963,0.0565415701895077,0.495631311141313,0,NaN
0.00462430794643258,0.435726899908095,0.649593620843948,1,49.61
0.0547854104523608,0.142911491011499,0.412789588151641,0,NaN
0.00179958666637996,0.131346914298582,0.794168723030188,0,NaN
0.0369439555955887,0.271147190229166,0.551438713598552,1,20.19
0.0663877821665669,0.457904262814159,0.544449848414118,0,NaN
0.0644189227210952,0.0683696430438949,0.413931076067178,0,NaN
0.00129686909055271,0.466063030431501,0.635998478916942,0,NaN
0.0137239599876605,0.442258156396011,0.739806236674642,1,13.43
0.00584018066986279,0.235686907575493,0.427041999422761,1,7.79
0.00985186664407121,0.372797139002479,0.60893100415166,1,12.01
0.00337378293360146,0.416797406199256,0.406710484957172,1,29.54
0.00378989910168259,0.0795315512968328,0.413188220836871,1,11.06
0.0950511422953167,0.447994422504348,0.465241789982742,0,NaN
0.0054994429353443,0.074338166735837,0.586919830927651,1,19.26
0.00388822268669252,0.332205200304796,0.749425968827102,1,67.33
0.00235880293264672,0.143684272070115,0.432356402253141,1,41.2
0.0194646144446532,0.382404582807814,0.763843607572667,1,7.28
0.00123068922730523,0.263550160067897,0.680638019368984,0,NaN
0.00213671211727517,0.446223171899487,0.669047904124377,0,NaN
0.01770129653538,0.256256596732147,0.612727779767368,1,8.01
0.0143002591080744,0.482638563692788,0.627669677603777,1,10.25
0.0207966447511096,0.469369014775261,0.424624085178911,1,27.2
0.0406166934918676,0.0587050707885308,0.643467546157765,0,NaN
0.00393818307638813,0.025834531703725,0.608773180559292,1,38.43
0.00132769326916827,0.333717601591174,0.639086942512555,0,NaN
0.00230013016077551,0.446670267821685,0.781333652574338,0,NaN
0.00717483531081517,0.0460371714606689,0.795212696309146,1,27.79
0.0554921430702736,0.381901377033671,0.769266416510379,1,2.49
0.0263073677153049,0.48204865998336,0.518704117096309,1,14.43
0.0454153463283813,0.451537915671363,0.749680270266975,1,13.87
0.0180245739905972,0.0272526169079907,0.76245432255346,1,7.77
0.0103858742508961,0.290572077907058,0.695274784820742,1,12.59
0.0206192048164344,0.433765033159244,0.456095347754709,1,15
0.0030848910388981,0.30056694162957,0.605346651369029,1,61.75
0.0201381281847715,0.487017756402608,0.766485719956486,1,9.75
0.00916442452002512,0.0641459037425247,0.605850589764077,1,12.51
0.0407761700582886,0.0434042179683708,0.555537257649296,0,NaN
0.00666734282889974,0.395461262143897,0.447990891124785,1,11.11
0.0149609329325703,0.401052712703117,0.501088024227487,1,18.55
0.0450443008002249,0.0279993797566323,0.672652050612683,0,NaN
0.00951250320657057,0.352956209394135,0.540708798329183,1,8.58
0.0338729418192558,0.149222241176866,0.506388217722696,1,20.24
0.0957964818560183,0.296345871948778,0.615422584756829,0,NaN
0.0381686252391742,0.386887412723318,0.63443923109922,1,11.76
0.00888450158799283,0.278973179642799,0.430567972337596,1,11
0.00297574107549549,0.426366473044509,0.561231745166277,1,65.97
0.0328884217125017,0.275329385611986,0.547562881089049,1,21.32
0.0860807080245284,0.386828104223714,0.538523349182065,0,NaN
0.00152093883614173,0.184345488925842,0.477277776968727,1,90.13
0.0189203236865616,0.163485063420719,0.783337517086339,1,6.02
0.00485323564466537,0.111988604937684,0.533248861580323,1,19.34
0.0133182412055434,0.448473040343311,0.601664017246004,1,9.11
0.0027565130559917,0.396778829112187,0.540371325653473,1,65.27
0.00146006219501934,0.41318776840722,0.430416776772042,0,NaN
0.00888371618396465,0.161760914642211,0.742198232441996,1,17.55
0.0223022776114038,0.168876197983702,0.584017526234935,1,11.17
0.00141789168256018,0.291290316326421,0.737130094378861,0,NaN
0.00732822081299389,0.137326445616199,0.675023626728655,1,18.64
0.00417547785602222,0.168625971887654,0.418428818410481,1,12.62
0.00306217008088226,0.219045139092255,0.646228751204086,1,65.02
0.0718641461915606,0.423911133869547,0.75311895523597,1,16.68
0.0346971361007229,0.285690539339676,0.521194273947793,1,20.37
0.0236130907650384,0.258537896722107,0.645034063852727,1,7
0.00395146317185443,0.0511136665783191,0.685643100542205,1,43.7
0.00366468486289704,0.124263775356786,0.526977661529959,1,31.73
0.0216914334799494,0.132776227914546,0.449417857365775,1,22.2
0.0137257141335748,0.146411473411032,0.499027333466772,1,5.66
0.00118547088972219,0.0351603871051388,0.729266349687009,0,NaN
0.0211158750305889,0.140913653165848,0.520875947151412,1,9.61
0.0035617970462054,0.316621162652408,0.684936268391263,1,64.27
0.0100584423189162,0.498081559031019,0.520178515613241,1,12.1
0.00299145863480588,0.0748379587751195,0.759023960041392,1,77.7
0.0950629151436053,0.0428741518186264,0.546249545459787,0,NaN
0.0102135948843479,0.113892031850366,0.5150138545797,1,4.45
0.0229045120371972,0.318978483662897,0.557273320567221,1,14.91
0.00123244440854408,0.0737164290098315,0.428095273886385,1,88.35
0.0148452485527953,0.281424699778352,0.75632647474856,1,8.58
0.00653150620973803,0.270457511760932,0.657616072776791,1,24.59
0.0184320061487292,0.138073599188857,0.643684111013434,1,4.11
0.00377964210539782,0.382043593901203,0.493557631298565,1,35.35
0.00510699258365497,0.0211219387170562,0.516574862673751,1,20.45
0.0325338790063408,0.328318852590183,0.643040680225529,1,13.04
0.00143268990799629,0.443338140240472,0.758201076614804,0,NaN
0.0391945078700688,0.267676856583928,0.418058170156307,0,NaN
0.00342669258157297,0.164267244878101,0.494202936620058,1,32.11
0.0464270535137817,0.0797680737216578,0.47754083291881,0,NaN
0.00340317779226458,0.375101089613006,0.697541815045516,1,73.76
0.00356647477014015,0.0655749796678782,0.419592285122094,1,15.23
0.014067471217044,0.332106234183495,0.650680394619845,1,7.02
0.00370362869830452,0.108175588251799,0.563749617446957,1,35.6
0.0539281813885618,0.418700525501785,0.702940672442986,1,9.48
0.00137997422452537,0.214297988255124,0.697005407136665,0,NaN
0.00331177580068413,0.479642431601786,0.6748762987933,1,85.98
0.0553031484479162,0.370456630498638,0.591447358034157,1,27.04
0.00310241630233685,0.168050805359031,0.624409314211309,1,58.24
0.0053375980195953,0.0758993202673207,0.495044605031321,1,11.29
0.0238488789132795,0.347163370886263,0.415607804898422,1,36.06
0.012365979847016,0.137800664186838,0.742635731304945,1,9.89
0.00324770891468765,0.235644368099799,0.461066375989877,1,31.81
0.0109357296832727,0.20190644473931,0.785842604636391,1,14.5
0.00818869401856347,0.0692330889898182,0.76595787476418,1,20.53
0.0366756370047839,0.453294554700011,0.516760103044968,1,22.01
0.0357345311924131,0.0373943935132456,0.485217518940607,0,NaN
0.0165106991204903,0.351436974279818,0.763153086482291,1,8.54
0.0568222222287224,0.27683282572617,0.701247097387207,1,17.15
0.0232535121834986,0.447949069487199,0.742332580152581,1,6.68
0.00299816463318367,0.209731083233041,0.419142116488865,1,28.09
0.0651997505130451,0.0168400007735934,0.552679973451759,0,NaN
0.00196945181922851,0.158761859318495,0.746931961650829,0,NaN
0.00263239710043785,0.161857174219248,0.567297610743064,1,60.54
0.0591946584458381,0.386052885191387,0.497018289757998,0,NaN
0.0280697777951257,0.155796139803268,0.476271181411123,1,20.79
0.025186562403418,0.47883708049857,0.760586811812407,1,7.09
0.0597621632811847,0.40860130768804,0.746569877397283,1,8.78
0.00307527895031785,0.122921137543287,0.650590214262923,1,61.09
0.0270183406443237,0.226913260423758,0.713114233077419,1,3.4
0.065406925493654,0.129870368157624,0.695132916938519,1,18.94
0.00193071861100493,0.422693914048773,0.788586488395383,0,NaN
0.0331530206760645,0.429886878755125,0.704820713966262,1,15.61
0.00164005103976091,0.235114878200174,0.553633608016419,0,NaN
0.0038652990268816,0.233181186530718,0.458898607373799,1,23.21
0.00243745029324845,0.196404571124958,0.769818592162053,0,NaN
0.00243765403916503,0.330974764039713,0.557691477201785,1,74.05
0.00423302321867185,0.0255503227588045,0.720728911363466,1,46.39
0.00391613199943087,0.376001755962997,0.636253710057628,1,53.98
0.0151065587625766,0.409596588734431,0.757005003749557,1,11.16
0.0425743484938834,0.409442358282442,0.622051107859698,1,10.54
0.00169422746299915,0.0287934183671611,0.739394171542804,0,NaN
0.00253482542897862,0.0840753887597867,0.691213796685523,1,82.6
0.00261865297508785,0.371624143364725,0.746868488505229,0,NaN
0.0106155954757158,0.367092290976438,0.645319990193481,1,11.8
0.00252043445831555,0.480074281846359,0.473777419344764,1,68.34
0.00560706635645321,0.332969138865004,0.695642043652096,1,37.47
0.00453411965393689,0.488279052311931,0.414084503963652,1,24.34
0.00186742869971905,0.328970076584506,0.415740137874933,1,62.44
0.0674460551006762,0.126982288625511,0.743743784891941,1,9.94
0.0165752235222139,0.0137277289109276,0.498472623160983,0,NaN
0.0173136755542969,0.492411655318847,0.791724476017801,1,13.1
0.00285187673738519,0.474675804560875,0.549504302694313,1,73.59
0.0036492619713621,0.288409811791922,0.624032508768223,1,51.98
0.0197677582941854,0.43737756613567,0.738254641774306,1,7.77
0.00175380803816518,0.36459757989703,0.506696099849205,0,NaN
0.00471087060256856,0.0839178449425667,0.667162371603049,1,34.43
0.0292329443762255,0.312665771820929,0.710130246636887,1,14.98
0.00284512415304997,0.370778943539877,0.423960258676248,1,38.52
0.0122597404010396,0.238476939975882,0.759583168356805,1,11.18
0.0354566925056741,0.0379971128679558,0.717797064623396,0,NaN
0.0893418734267023,0.259420392283056,0.410300719833004,0,NaN
0.00788438033289843,0.128760525385575,0.760404708805735,1,22.17
0.00545753227119326,0.0407690243764383,0.439703651021058,1,17.44
0.00100784375273864,0.261630005855343,0.552028547311468,0,NaN
0.0205481931651239,0.361612650364152,0.538030385514419,1,15.76
0.00706679592793837,0.0929741475029729,0.648460335348326,1,16.81
0.0595540463263308,0.341770898947595,0.471524074318588,0,NaN
0.0333332636834934,0.0883679461370034,0.439138219435971,0,NaN
0.0156482768129513,0.448097314589644,0.499090901400046,1,18.64
0.0492783494838298,0.0475424751602119,0.506619015309845,0,NaN
0.00517090881178392,0.345187639360465,0.594967756882853,1,31.11
0.0338504227447743,0.114533926566565,0.491535336410751,0,NaN
0.011221626949426,0.204110339633605,0.729063699085349,1,11.52
0.0754677182628206,0.0603420823436964,0.419353016280727,0,NaN
0.00898577899032535,0.31122033678117,0.796758943673067,1,23.52
0.00291738642849561,0.491502207928424,0.628826660538049,1,93.02
0.0304542709576047,0.067338470028235,0.452150560610244,0,NaN
0.00620799633248212,0.0777734995711479,0.474860836578738,1,9.05
0.0016063155738055,0.174637795500732,0.583487210886043,0,NaN
0.0376153386354711,0.0935291374395918,0.656559455404447,1,13.82
0.0624131030561304,0.192456245842348,0.522638802445928,0,NaN
0.00235898964029982,0.364952793850607,0.562681365910062,1,80.63
0.00693809241029833,0.0352762766213973,0.777585601493141,1,29.47
0.0618949185261365,0.302110670163235,0.605417675478844,1,34.49
0.00129751303821195,0.101058003059755,0.437400684232908,1,89.02
0.0089332666261424,0.0333420119940685,0.673087832605443,1,21.67
0.05495554435292,0.46423691567879,0.564545199148906,1,37.85
0.00912730416629212,0.357900086726855,0.776946693076884,1,23.42
0.0111938615324072,0.22295948287705,0.604829019289562,1,7.09
0.0515462091683713,0.239835006095508,0.783417137726248,1,7.62
0.051196058514002,0.159711722329406,0.688128959183147,1,15.26
0.00142630753135048,0.160768359766234,0.462721104961173,1,91.14
0.00808795018491068,0.376564720218823,0.613685156750324,1,16.97
0.00410222473636859,0.398289173286636,0.48751067396869,1,31.47
0.00645781754623002,0.368453370982275,0.583970385463998,1,21.52
0.0413670807174191,0.133325781859151,0.632457892173579,1,5.48
0.00961213897436983,0.0347125089042435,0.459498554485795,1,11.44
0.00367834391936497,0.446930375672894,0.52520817735277,1,46.57
0.0143937270655388,0.0417089331388342,0.424206041539535,0,NaN
0.00497574115738508,0.420111865413769,0.538957372084163,1,30.41
0.0540272676194766,0.030348192623027,0.556527349825558,0,NaN
0.0459044823531647,0.0223771267664119,0.468551295966722,0,NaN
0.0460518428074482,0.0162871185365125,0.586675856055009,0,NaN
0.0475837936952896,0.451130221626712,0.602821274983319,1,20.02
0.00422125858036601,0.288151818990095,0.709584460070867,1,53.88
0.030444054985414,0.0627203060261067,0.677832968397217,1,13.85
0.00128445213994333,0.204495999157027,0.53863429328913,0,NaN
0.00370122705121577,0.193684537028569,0.546742432806836,1,36.61
0.0070968803359852,0.458050448071824,0.664058537040524,1,30.54
0.0914148997668731,0.316299144295119,0.640048871796569,0,NaN
0.0577197096134916,0.384522161881741,0.687560128683157,1,18.15
0.0877418447839826,0.0152186474127145,0.628614148218798,0,NaN
0.0134707002014058,0.271478620336914,0.425086720689348,1,17.24
0.00157692613517826,0.121782014503564,0.576231399357601,0,NaN
0.00323419482555984,0.072286713873641,0.720651479603141,1,64.59
0.00109448546567086,0.254964947299328,0.609198243982353,0,NaN
0.0911753863150384,0.439736662856902,0.584041263656424,0,NaN
0.00304122696850301,0.289042706428333,0.749721707356944,1,86.73
0.00131518788609655,0.0676041032806642,0.460561830078759,1,91.46
0.0348135402778595,0.108100915526799,0.747296755030612,1,9.26
0.00137969440077016,0.466616668681208,0.432301198848722,0,NaN
0.0376182119847427,0.488879467849326,0.608680688371519,1,13.04
0.0093509593786095,0.161779602509495,0.447406362981943,1,9.17
0.00208408453631139,0.213486077141966,0.766336414165301,0,NaN
0.082298683420263,0.109767879476215,0.46003581406624,0,NaN
0.0214487811254759,0.376853849228535,0.482580792215133,1,14.61
0.0759886925476411,0.117586095741089,0.579720091760421,0,NaN
0.0181577334676379,0.29515046905608,0.45909070221427,1,15.08
0.00267827659013635,0.100308336053083,0.433157024731515,1,31.24
0.00827939152372764,0.267953680006404,0.666681712429212,1,16.6
0.0602805206611479,0.115574725203401,0.488110263342084,0,NaN
0.062120264771091,0.157760926308496,0.500024238699041,0,NaN
0.00451798435776522,0.0686665976167209,0.666079410291623,1,35.33
0.0126015271190909,0.16978619499473,0.730195279322973,1,9.02
0.015488090788014,0.325941037639809,0.738051688757299,1,8.45
0.0178391883400678,0.172183388192846,0.484563430369563,1,12.75
0.00210238489685819,0.138900136534611,0.790259625387952,0,NaN
0.00856279270276813,0.399325810089638,0.769773238350903,1,27.2
0.0867858813099923,0.310646901972663,0.564195544229507,0,NaN
0.00676627555802825,0.330067967857844,0.708563967922762,1,29.45
0.0498182855038571,0.0830446473159271,0.597727510124571,0,NaN
0.00986630920721112,0.342115106400763,0.578371291661505,1,9.54
0.00256675017906344,0.0865027892086158,0.679146169511613,1,79.35
0.0155218334085231,0.34191355893393,0.449803329955303,1,16.65
0.0233275059054252,0.388729955325334,0.631832588016422,1,16.54
0.0903817550629429,0.21937843659632,0.510722213836132,0,NaN
0.0281549402007064,0.482809469050661,0.691221589150947,1,17.64
0.0113712564164843,0.326032646746255,0.434339888630664,1,19.26
0.0450276335327535,0.427255943908164,0.483994414767391,1,58.51
0.00397976462128771,0.111140689098659,0.59019825091883,1,35.51
0.00114879488094401,0.179035243783795,0.771179974861676,0,NaN
0.0149987931311739,0.362817735608183,0.550486284837974,1,9.8
0.0512754605847127,0.171673875284195,0.745970748583475,1,15.9
0.0116724168174546,0.278568647138373,0.417365466901898,1,18.26
0.0027445740587645,0.414381224465017,0.626509828260481,1,84.62
0.00559300434524657,0.168435453051072,0.42601732310322,1,5.97
0.00880989043963992,0.136678411137983,0.50424129998783,1,4.63
0.0429498216871676,0.0564682240234148,0.425258173501315,0,NaN
0.0375959808551099,0.0435396078742813,0.519054091891994,0,NaN
0.0126282217388411,0.233622473608568,0.764070919562289,1,10.93
0.00133842243056651,0.220316593741385,0.559621429574329,0,NaN
0.0303630509860068,0.360933942682283,0.687969472553266,1,15.14
0.00104650197856235,0.347792866337854,0.504166294498696,0,NaN
0.0306529357807644,0.18154966087727,0.758464302177287,1,4.5
0.00211793415152494,0.15405328691722,0.473737041647911,1,57.76
0.00349332889610891,0.0471371095862507,0.574791496225182,1,35.54
0.00874277841221869,0.126181636569803,0.458619745118497,1,6.26
0.00205131795643354,0.36700804705117,0.556559807433257,1,93.59
0.00506798928432605,0.0793802563398506,0.761806216940521,1,40.17
0.0404971876923417,0.0881361361899095,0.74875078196441,1,13.75
0.00636331993280983,0.369735896275488,0.596868488880685,1,23.56
0.0709799499671483,0.432674524934225,0.47233455911232,0,NaN
0.00867604102153078,0.412797749029927,0.674631183008088,1,20.62
0.00116056909944674,0.445090119750122,0.792943558890523,0,NaN
0.00788058364105604,0.41413867089481,0.663727172180617,1,23.22
0.0184296076416822,0.291122557006503,0.719166305091729,1,6.05
0.00600912320756488,0.396954888040765,0.423823714895462,1,11.45
0.0185755383787609,0.215914717886695,0.665628875620996,1,3.85
0.0170097297869116,0.443798590710048,0.644603004858333,1,7.21
0.0316360290919736,0.439809235564369,0.706745302384581,1,16.07
0.00170812789495184,0.0666547275699585,0.481635810336526,1,70.68
0.00809266498940543,0.422315299755194,0.552629537681459,1,14.96
0.0836043817925148,0.0462048472367778,0.410065988063973,0,NaN
0.00297529616422234,0.0876133218014166,0.773456969095304,1,81.55
0.00147453446665759,0.0470214425947433,0.669022206455175,0,NaN
0.00100952693472976,0.0404621200647129,0.678067560041637,0,NaN
0.00427029813266808,0.0868600710813242,0.50982012826087,1,20.1
0.0107247289233572,0.359877641199534,0.628714633678661,1,10.67
0.00506371697755196,0.292891675866822,0.40197708536899,1,9.92
0.003504674961351,0.27692000771013,0.436825621201057,1,25.96
0.00115212996118498,0.299456727422802,0.401850929581663,0,NaN
0.00409684599834498,0.194586515832629,0.466206124213068,1,20.61
0.0147246120218408,0.142287498566921,0.522883859724175,1,3.94
0.00556465028963721,0.273874081809986,0.716268290309963,1,37.5
0.0127021767592974,0.37848453552356,0.661031648315734,1,9.81
0.0140864400742742,0.426950697168604,0.570099464257045,1,6.62
0.0930123558779987,0.386444436610886,0.61580578701123,0,NaN
0.00575052664568742,0.0617367330473305,0.520401915414348,1,14.36
0.00438010949181109,0.241630804842328,0.489027488255378,1,22.42
0.00107385778505075,0.121156945087679,0.408703120154841,0,NaN
0.0638931528433492,0.394086428121565,0.407458835842596,0,NaN
0.0111107204501523,0.106336320681614,0.643613891079503,1,8.27
0.0329449424546907,0.356297861916639,0.541278496364833,1,22.62
0.00530962546397061,0.257732094014952,0.706309761119808,1,38.46
0.0126890690071479,0.463258602746819,0.760439686120758,1,17.14
0.0165137806645719,0.265302273142913,0.471609847136692,1,15.82
0.00884389618190213,0.366700484071159,0.750376603807872,1,23.12
0.00110324383662954,0.378584752647102,0.472419319089198,0,NaN
0.0392119672851852,0.0733429998772898,0.744020890477693,1,12.68
0.0224458887626467,0.101920188446214,0.468486002129929,1,11.57
0.00896334775586301,0.205948305566684,0.77421075298586,1,19.81
0.00472206099885218,0.207095535995369,0.476009384254962,1,16.9
0.0913434921633622,0.226080552290611,0.455193501568296,0,NaN
0.0431847138038342,0.225428530292604,0.721536752387822,1,8.32
0.00327808086462716,0.123448642150506,0.656503345766576,1,57.22
0.00136579327732145,0.07081239655075,0.562823109953596,0,NaN
0.00264852416181102,0.0637825337206303,0.611822488603453,1,61.41
0.030851879139243,0.0227240374911067,0.797647981166723,0,NaN
0.0087743618197945,0.491295205593764,0.78055279865589,1,34.12
0.00415101163274429,0.493892443415806,0.741168444941509,1,80.06
0.00171611966109946,0.47635068473859,0.445459472534484,0,NaN
0.0054747289527763,0.0103407531530095,0.521262573561581,0,NaN
0.0822294746569397,0.0689671501280268,0.684764892773937,0,NaN
0.0220278333980077,0.167921220809671,0.715593515519736,1,4.68
0.0582376976696712,0.0637110266033867,0.689585019251284,0,NaN
0.00550513605869991,0.0102416315852022,0.440777435514279,0,NaN
0.0021927432163474,0.458197704550863,0.799595519352182,0,NaN
0.0163040461732174,0.0945824923954377,0.441228163297035,1,10.8
0.00253145196898002,0.2118261747251,0.502313103150113,1,53.02
0.018315871288134,0.101967729668477,0.753508978735854,1,8.21
0.00226031486628553,0.314988950967914,0.663307473755639,0,NaN
0.00227198760189872,0.31666586739179,0.750582261464058,0,NaN
0.00316980446140152,0.326331200840103,0.753648847349959,1,85.65
0.0476620342238717,0.29724836626728,0.5947492331803,1,18.42
0.0128538176276406,0.0353210209939736,0.695789030853784,1,12.17
0.00621347609468539,0.220441494756974,0.711889017051574,1,30.03
0.00614248024927299,0.185042242171521,0.663788978554324,1,25.52
0.00312063145696219,0.0974539944495868,0.421718012219809,1,21.16
0.00929432769474229,0.451888537610872,0.792977237310266,1,28.47
0.0970633408497218,0.0809272907424793,0.604666629436674,0,NaN
0.0724037566610717,0.383658761615861,0.786409509013368,1,16.8
0.00660007165627799,0.125880376010244,0.43900886318816,1,3.54
0.00496828245074247,0.0742745782036947,0.70182669138576,1,34.86
0.0297191235449214,0.230394025140997,0.479734192639605,1,20.8
0.00303780776236848,0.109650055688154,0.707264147381958,1,70.46
0.0278781276825943,0.310729408975438,0.538308723324739,1,12.2
0.00244190589290725,0.0674393263940675,0.4723153539568,1,40.95
0.00282852627399246,0.186668737697776,0.561757489805282,1,55.3
0.00730012436092575,0.337837968343143,0.782885138476407,1,32.42
0.0978322465691319,0.403868962824274,0.719275678488782,1,69.88
0.0334721565133059,0.113784156975522,0.531607539837176,1,11.01
0.0137969999336756,0.380812153648338,0.784510634701148,1,12.78
0.00486513762127171,0.308167997611381,0.546036888050853,1,26.76
0.00933110416418559,0.303994097348631,0.610251608475115,1,10.99
0.002397979897157,0.331268646686592,0.415300795790728,1,44.47
0.00107354641615335,0.465085186220893,0.633191882368316,0,NaN
0.0388564445660457,0.153900893759527,0.418104072854784,0,NaN
0.0149138339479906,0.358569325236738,0.614544507204043,1,5.85
0.0107557655479908,0.113364209663036,0.565566003151603,1,4.65
0.0091696374192411,0.420784089848713,0.663964255451477,1,18.61
0.00350422307578502,0.427854706562093,0.592611248299513,1,59.32
0.00563955952651139,0.368285897174189,0.787787705688253,1,48.04
0.00109113578186836,0.126914050668728,0.497081899005965,0,NaN
0.0133958578350969,0.491500057968724,0.721047810307156,1,15.74
0.0971440751752923,0.200526221510593,0.661011365234369,0,NaN
0.00784472521823046,0.359745255232496,0.440946793769097,1,7.3
0.069742530212322,0.349469446103639,0.533182365497835,0,NaN
0.0071095219566708,0.319920584066049,0.772874181172296,1,32.13
0.00108329713330406,0.157239921540254,0.755611482006014,0,NaN
0.0268496664579425,0.0825470102876272,0.783664942261708,1,8.13
0.0412841860599087,0.160168693176156,0.731238467483345,1,17.03
0.0180871876503987,0.45553498021917,0.657125189704733,1,7.23
0.0176995468071352,0.068050829329573,0.767588944760293,1,10.95
0.00123711912216713,0.136216603381963,0.780521425853745,0,NaN
0.0108563968276708,0.0202542994230779,0.43522005092493,0,NaN
0.0132631489720766,0.440545253243386,0.560871637654115,1,7.69
0.0060670839030102,0.303096364500032,0.430020342485664,1,8.51
0.00164458612693282,0.183942712433213,0.497915597039128,1,87.68
0.00341023848598685,0.0650217084874375,0.506881818442189,1,28.18
0.0103483281255757,0.468679827015291,0.474470771169536,1,7.82
0.0722640894675217,0.0823211647370618,0.768280013458433,0,NaN
0.0010585471548145,0.0770081929201489,0.748627684078165,0,NaN
0.00595515967640748,0.363797692236525,0.751434120399408,1,41.19
0.0493812725640884,0.130750918286427,0.444689421385081,0,NaN
0.00521345192276845,0.333232915108199,0.71186488115928,1,42.91
0.00148535263285736,0.100226351120068,0.404071822917338,1,65.18
0.0103072383889036,0.171438930252524,0.520332061713656,1,4.3
0.00208488668208433,0.199436594552161,0.774918554237169,0,NaN
0.0407931258875729,0.392057866196175,0.470984910474292,1,49.54
0.00523869702761841,0.285568067429855,0.588029906222197,1,27.72
0.00325546823222756,0.192169461392291,0.553149014020445,1,44.64
0.0102464428131804,0.486298574407069,0.664225809496061,1,19.43
0.0598172843386421,0.107030158052661,0.441753666977294,0,NaN
0.00134768155098282,0.187850383504665,0.581485442760495,0,NaN
0.0666559980979229,0.426873443653931,0.511773192164996,0,NaN
0.0134241397850278,0.0392873851625683,0.646386529949106,1,9.62
0.00119011396942188,0.337452210124426,0.534177187680214,0,NaN
0.0397835427096202,0.150034757453148,0.772499620848034,1,9.03
0.0136420541090322,0.172226620638645,0.694967803981266,1,6.74
0.00114487183135703,0.0178711969030871,0.570205821975077,0,NaN
0.0239821649360732,0.394246563766682,0.792325935345481,1,6.24
0.00370867625262618,0.392045835239955,0.639191404035955,1,59.38
0.00767443293104559,0.3756648603556,0.677549699088241,1,23.5
0.0120388235710832,0.215372870992965,0.460308550167912,1,18.09
0.0269973101003511,0.106216530517401,0.699673068638529,1,7.6
0.0205766319557259,0.355203551291747,0.694514941253894,1,8.65
0.00482563439789991,0.446637111973693,0.596431803964798,1,41
0.00261351214024536,0.481727281413642,0.449977728387487,1,60.61
0.00136374492781357,0.0859353838592434,0.723041946230863,0,NaN
0.00537081689576901,0.250395557075689,0.639367270199391,1,30.6
0.0632815250145903,0.347393866423601,0.742762858124155,1,17.58
0.00103056135588925,0.47623281614226,0.76001872959358,0,NaN
0.00774107300686956,0.0305467795857356,0.748356870932377,1,28.42
0.0757436470238678,0.22684486092961,0.532239448341343,0,NaN
0.0115321924339351,0.359292218531751,0.775562808503564,1,15.87
0.00375830581165239,0.020683461072,0.728156432473514,1,54.91
0.0126259695336343,0.435016036402368,0.7440843248948,1,15.17
0.00496085695178793,0.23404686413463,0.74000977340294,1,44.87
0.00186173128358734,0.126845889160106,0.42037512330479,1,53.38
0.0348604303242918,0.293285354171991,0.761747773522163,1,6.5
0.0823593876465518,0.355030125710341,0.568964422981956,0,NaN
0.0126249098123154,0.380238729615355,0.546401391503824,1,6.22
0.0295465568262782,0.118500427685051,0.502377917250895,1,10.7
0.0313966955756555,0.164617158919683,0.568962122094013,1,19.42
0.00116914975836783,0.18301362643779,0.578583411057783,0,NaN
0.00178479934830607,0.366727080899938,0.648550343044112,0,NaN
0.00115319783592696,0.115573402335356,0.523350907702312,0,NaN
0.00100070138105896,0.108712995243924,0.426971915835286,0,NaN
0.00614718284736056,0.32185043051973,0.721101576566176,1,34.8
0.0267478356273299,0.138740566579543,0.513531342301609,1,8.68
0.00312568287972119,0.105130897388219,0.632032175564897,1,56.08
0.0574404961071218,0.468594330814953,0.625822730953428,1,27.96
0.00905216720444981,0.49641130783132,0.778501166157521,1,33.61
0.00593375705473096,0.0712471777251183,0.425662394233639,1,11.34
0.0738953180711881,0.283540388727051,0.768971689936642,1,15.24
0.00611246220664467,0.414157849719202,0.473432850023553,1,15.7
0.00799692821519805,0.457263252053812,0.613668116955125,1,21.62
0.0023096436183784,0.149942301401509,0.649109638976433,1,87.59
0.0462099543678712,0.464301504918483,0.685589450377774,1,12.15
0.0485991194077464,0.253276475121448,0.785286754159137,1,7.68
0.0238083165970388,0.0658098026546593,0.774471708227722,1,8.28
0.0788709349247054,0.16048477773168,0.744261820981297,1,18.27
0.0019950242463313,0.344102201979472,0.625278041139824,0,NaN
0.0667482608092599,0.493243029094109,0.726009544016067,1,8.64
0.0290800291604209,0.345143291930632,0.521212316208966,1,23.62
0.00388780290289356,0.145343072770141,0.646095489658093,1,45.46
0.0307639552733974,0.263954980538872,0.695569513483036,1,2.2
0.00110866907716238,0.207695126618036,0.464371368351062,0,NaN
0.0170254622749751,0.0618804977223043,0.772799610713706,1,12.06
0.00268987039678443,0.320309164056004,0.402674860820797,1,35.1
0.00152618480935872,0.0496915804511768,0.464585929704156,1,73
0.00344901165425931,0.0757253175284851,0.428718470190569,1,16.53
0.0775650848071087,0.0296326855359105,0.697632041278731,0,NaN
0.0074505183262564,0.118466663443887,0.640226147923772,1,14.96
0.00238914040251293,0.0950446693287938,0.477957593141676,1,46.67
0.0391425242020473,0.465646910910319,0.596217520704667,1,11.79
0.0500745144229392,0.100551566161891,0.491113806060408,0,NaN
0.0022103102419623,0.252200664529077,0.79429547031309,0,NaN
0.00785718027805696,0.47555050116554,0.552934036928939,1,18.72
0.0429811303193903,0.186346740383919,0.457786804737061,1,37.2
0.00649518141801521,0.0990386300889726,0.733189117035342,1,26.71
0.00725495884740369,0.216510896318834,0.613301672991412,1,15.74
0.00326269027392209,0.0111864406353992,0.665863764567768,1,63.87
0.0124769191017951,0.300042454922168,0.543139848684878,1,4.67
0.00401221943518609,0.392537399900712,0.623552135634852,1,51.77
0.0592055023518849,0.235701264005115,0.768367327882602,1,16.03
0.031960263778332,0.440942169144395,0.788137236776509,1,17.03
0.00815692241444242,0.0176162122564791,0.796936768013077,1,23.19
0.0371714203286066,0.265044144915761,0.435557209429126,0,NaN
0.0307801956199135,0.361669977087521,0.618160628630144,1,13.55
0.00146111043874645,0.346788413796305,0.644517420356837,0,NaN
0.0237004175650072,0.194731203173124,0.56198785943825,1,11.66
0.0172397498497343,0.208457194542419,0.621786670021066,1,3.79
0.0126770976423178,0.214556259752602,0.737951502770856,1,9.9
0.0523270240560396,0.408443390105171,0.52615800065452,1,55.47
0.00148505663008226,0.116508875688445,0.446142268220442,1,79.1
0.0849071901582535,0.0857699627650756,0.720872026017728,0,NaN
0.00112970673261355,0.106428147149305,0.711219835755154,0,NaN
0.0709268333363934,0.0658006490061693,0.474649033363632,0,NaN
0.0566383865685088,0.279357869130312,0.412469302963976,0,NaN
0.0073418037048299,0.475604040805851,0.593120334481159,1,24.28
0.0251823906341615,0.31370576794396,0.492102481424996,1,24.61
0.0182628779569897,0.490686326438489,0.465406079186076,1,17.52
0.0942821625076681,0.324477708979646,0.65461088286292,0,NaN
0.0082341215510928,0.199587842295371,0.50468980526017,1,5.33
0.0372132849050015,0.0660433785654474,0.54324194223649,0,NaN
0.0195054378377981,0.15950659959623,0.692269599782464,1,4.83
0.00579186333629853,0.421289126690968,0.608244105266243,1,31.53
0.0117790248474309,0.313430172388386,0.641904086814634,1,8.66
0.00175179692545165,0.36775470683106,0.550525313842579,0,NaN
0.0624320975998265,0.189791936124246,0.724311886060728,1,14.61
0.00114173861892891,0.179889989312743,0.406361196685505,0,NaN
0.0335283003790888,0.426324713648548,0.775823611714471,1,16.24
0.0128791235782851,0.483243297962009,0.597087030822627,1,10.73
0.0641888077915822,0.329596216229713,0.789251623149545,1,8
0.0287575247647241,0.0222719193723384,0.629729208653875,0,NaN
0.0117456584856304,0.0843184488916506,0.419792969769131,1,11.07
0.00263432194082959,0.0295353336065085,0.599991898776667,1,55.08
0.00125298417038666,0.243235459294957,0.661619749692192,0,NaN
0.019103355093984,0.430573539645914,0.415803306782357,1,27.61
0.0572940242514858,0.258152925559867,0.6308463647929,1,16.61
0.00183620390472615,0.100333189363963,0.480582935485259,1,67.7
0.0612315330366831,0.412881314651329,0.694137200575648,1,17.87
0.0181057059113667,0.0882455914435437,0.568916791593071,1,8.07
0.0366478107462392,0.30242284239014,0.518295787425404,1,20.05
0.00257191114072075,0.19706839479317,0.793908476881959,0,NaN
0.00836700940394406,0.392077644527524,0.738007920713928,1,25.3
0.00295903170408882,0.342771473689274,0.718861952299256,1,88.05
0.0975611250595075,0.378592561940608,0.768024867289896,1,38.32
0.00102744933223079,0.442651905763529,0.601360762122874,0,NaN
0.0374904266841904,0.0173923289227615,0.438374734412644,0,NaN
0.0028638941557185,0.281260370594042,0.687807654449781,1,81.36
0.018448306049756,0.016219029872195,0.448089539840804,0,NaN
0.0998002442859798,0.0174532913151343,0.776106320509921,0,NaN
0.0151391012048113,0.195327103196732,0.758082331606729,1,7.58
0.00131486778928924,0.419177277324682,0.592938357501491,0,NaN
0.0661181809667994,0.235564773232714,0.527484210367928,0,NaN
0.00310531917727729,0.449951957687684,0.660467235445188,1,83.8
0.00610445249052371,0.124672026514737,0.619373997925708,1,20.13
0.00339501014362733,0.379849443879511,0.557029100045122,1,51.38
0.00559379363669833,0.179976700256084,0.773705057293565,1,39.45
0.0115477698104098,0.246437964592366,0.495285841680832,1,9.65
0.0115870239448534,0.11295965451267,0.518082825088877,1,3.5
0.0665265553262894,0.258716307437872,0.599648202790819,1,42.26
0.0407239279755832,0.367868269762875,0.759884872391071,1,13.93
0.00136222061268441,0.229487759182887,0.494002295021489,0,NaN
0.00813296091301427,0.1492573922755,0.572695171162099,1,8.55
0.0156728319936289,0.489882420381893,0.770762258049315,1,14.15
0.00628636237303165,0.29600312948275,0.445228822540495,1,8.93
0.00219232412820572,0.472010836175219,0.485729864347349,1,82.22
0.00743824656117934,0.1799734658202,0.64807570404045,1,17.14
0.0645920379394321,0.213755754711,0.51407850717056,0,NaN
0.00146878082185014,0.344561143189897,0.441705224451293,1,93.66
0.0054343280580636,0.0165630541369294,0.767504630661292,1,45.18
0.00235529933577752,0.216792242160311,0.630283830455401,1,85.4
0.0082660631577606,0.0208909151053899,0.663200223590036,1,12.48
0.0243864311218131,0.10799451793964,0.478607810587929,1,11.22
0.0112645169243615,0.376234403734684,0.617333713807405,1,10.18
0.028924229470397,0.209290064038006,0.622788925975043,1,10.96
0.0014178743913597,0.15382080345291,0.713822047932979,0,NaN
0.066408464109947,0.241123426987204,0.559662444231971,1,67.84
0.00644256143367118,0.219730902071659,0.77803365586573,1,33.91
0.0097269478705572,0.128823365838967,0.749047684599943,1,14.97
0.00314150658807933,0.21755118575546,0.620946584407446,1,58.75
0.0144959491777467,0.136007859823479,0.483894170101346,1,12.86
0.0193996621470215,0.41922392735605,0.741063998954728,1,7.58
0.0231874137033056,0.492653805030462,0.791592773631864,1,8.8
0.0363939661224112,0.394884096016277,0.539519161581506,1,21.41
0.00517601647442553,0.0327346957681442,0.54113305589386,1,25.29
0.00678434129497396,0.0735701688337138,0.792898511209602,1,28.89
0.0073520449290519,0.209177780261671,0.713076292476413,1,22.88
0.00116418387344768,0.292376285456311,0.660187332834067,0,NaN
0.0155252848958209,0.207965726484474,0.783577694841981,1,8.25
0.0324696991158621,0.467208439131341,0.774816320722167,1,17.24
0.00105073619696258,0.274067950844048,0.72971653263643,0,NaN
0.00124974546018368,0.375794291026857,0.441213908590228,0,NaN
0.00104537292623425,0.100988648220297,0.589135883837746,0,NaN
0.00199466285622241,0.430508438877013,0.589395810513671,0,NaN
0.00257329511474108,0.130272776360583,0.422716457389185,1,33.72
0.00503630646055107,0.238089678202748,0.584390071269075,1,27.58
0.0139378097881078,0.226091358242682,0.531762813631286,1,8.67
0.00527219055780545,0.496253114186052,0.687140329890348,1,54.4
0.00554838427125528,0.290636980232481,0.55213384649264,1,21.59
0.00525002017048,0.217894575598814,0.697250756169654,1,36.61
0.00173799892028263,0.316979733773936,0.741147879197624,0,NaN
0.0901577259439466,0.0954279039015085,0.780251118957949,0,NaN
0.0474867715461255,0.133482388759804,0.513848186535221,0,NaN
0.00531645279114274,0.403029362916859,0.547984530109453,1,27.66
0.0974515504143983,0.143153227380634,0.503787722728007,0,NaN
0.0100778826128663,0.0326690275443137,0.670533249104469,1,17.27
0.027369131577325,0.0655111222171106,0.584525864403506,1,13.09
0.0742734159090326,0.480695375417262,0.611560042867503,1,69.22
0.00534063536194528,0.494897603891893,0.586286349702912,1,40.28
0.00672066314263222,0.0542645704394681,0.73768150308511,1,25.38
0.00896356018869776,0.381105638698267,0.621613356687518,1,15
0.00143021577806398,0.140629327103222,0.454110989219254,1,86.76
0.0222837161164258,0.424830789569897,0.534817187069804,1,15.64
0.00169670306040399,0.0611720488330663,0.634946348468925,0,NaN
0.0269732626995256,0.132179220091414,0.565669087793091,1,7.85
0.00291674494193955,0.43613858445147,0.726171161900237,0,NaN
0.00400521283968186,0.179704263730504,0.784244945601861,1,61.89
0.00367950704193551,0.0855561729879665,0.69777459558929,1,52.9
0.0134223019770022,0.171131322712129,0.400532759729706,1,13.66
0.025522554869479,0.227625496571436,0.464545189070264,1,22.15
0.00611253969762229,0.276575230224955,0.501847888417555,1,13.08
0.00127493177667553,0.129863353292308,0.63307559553992,0,NaN
0.0530664899320885,0.305123410576916,0.415988323583442,0,NaN
0.0153763465559143,0.178123832029222,0.444893386741208,1,14.02
0.0297185939331617,0.318737604376911,0.712552171448747,1,15.32
0.0666525302767669,0.397882603300726,0.659484535036261,1,25.79
0.0266994952088048,0.30697728608519,0.694578236959036,1,15.25
0.0869144257884334,0.348093724820954,0.767947948561899,1,23.32
0.0410265925783274,0.171173774898376,0.437926294024252,1,45.53
0.0091626246501169,0.344540052892492,0.46929878997865,1,5.68
0.0208596943911716,0.470275863142009,0.455228941258585,1,15.54
0.01743693439238,0.105079234542692,0.650593590963375,1,8.6
0.00783979000363154,0.226078819322396,0.66357893337435,1,17.23
0.00719601703013128,0.427286155512482,0.682930066960963,1,29.28
0.0596348632910559,0.31389653361603,0.656476924110587,1,17.07
0.0102717763211613,0.49686618974903,0.691341521188323,1,22.16
0.0520706060259163,0.0339751989813712,0.443287454728149,0,NaN
0.00840758265667276,0.458812798104804,0.668663937179809,1,24.2
0.00591325975277699,0.481080967433897,0.431966897070775,1,16.9
0.0136921804046362,0.0180537429175852,0.636762859996714,0,NaN
0.00525331041512356,0.0160126383926359,0.635922123978687,1,29.2
0.00183818052759409,0.0224629886845196,0.791431904495283,0,NaN
0.0231782892160653,0.279782516821964,0.745375234983171,1,4.69
0.00757973903004877,0.0271349064465258,0.576079150461666,1,16.1
0.00327289427681188,0.385394743620555,0.799935714396535,0,NaN
0.00460586856525957,0.444049017223252,0.41988862841356,1,20.37
0.0123970738862266,0.367481305469984,0.599480709511589,1,7.65
0.00934165836295761,0.120073287054402,0.449192266563699,1,4.47
0.00787906220903093,0.438280722927974,0.656570100280556,1,23.97
0.092297848043296,0.0772004393360185,0.456463705058932,0,NaN
0.0325144955231419,0.486223287047253,0.571557019013257,1,13.4
0.089503534552786,0.283709418251411,0.702661757621933,1,38.92
0.00898040504850536,0.030518283966265,0.540401399782678,1,5.27
0.0598327457796176,0.0957183123816137,0.542361817371229,0,NaN
0.00257993261215734,0.0438849941030832,0.437098973735318,1,30.46
0.0313019032385504,0.311447500089033,0.509372820207143,1,22.09
0.00320458254468078,0.159805901854872,0.706177744331416,1,68.04
0.076717915661231,0.338797827948866,0.452765643074051,0,NaN
0.00218575719215217,0.227845759671857,0.543198135582428,1,74.27
0.0013565379888634,0.254546291995534,0.580866480151579,0,NaN
0.0367543424133015,0.445062020573699,0.763113650360538,1,15.89
0.056402035413944,0.241252344014318,0.718456921500387,1,16.55
0.0017739599484381,0.339403265463642,0.428153094277,1,70.77
0.01507624166738,0.218429429841194,0.713066307490865,1,6.62
0.00229164357288924,0.241346594129419,0.413515388524833,1,42.72
0.0102960588160052,0.466591632806616,0.636305603680912,1,16.29
0.00530296826002754,0.117035039787378,0.780820414376029,1,41.4
0.0381355538916825,0.234687909804553,0.732324055192628,1,2.65
0.081473526109115,0.226101139305447,0.649613517512724,1,40.71
0.0279453581814696,0.335104542649874,0.506596377345742,1,23.8
0.00399710253751248,0.284928164308783,0.789192266941438,1,67.71
0.00140739501876061,0.253540044160802,0.513581643367205,0,NaN
0.0982616506156181,0.0645846218056205,0.430122774388234,0,NaN
0.0527882517525257,0.303802863171925,0.715587205352981,1,18.62
0.00117952437809679,0.415263450478541,0.774769492775127,0,NaN
0.0554866286587366,0.0784582855460028,0.690176832349671,0,NaN
0.0141912352133333,0.193310603048303,0.486475006895035,1,16.49
0.0736035172281627,0.0225669099885649,0.417401969839774,0,NaN
0.00305673040346894,0.206809444850847,0.713968307279339,1,75.6
0.0181484576585975,0.308185935231095,0.757273563801766,1,6.98
0.00199608828328556,0.462831966962236,0.79832182868042,0,NaN
0.00197694650149942,0.0221504808844636,0.764505639147782,0,NaN
0.0022388696929744,0.0540720980716827,0.686277439660499,1,90.84
0.0789702118696529,0.0882635791864893,0.591572857533477,0,NaN
0.00138258071732154,0.373124369314616,0.668933384852289,0,NaN
0.051745669142598,0.159991687814531,0.774733222206499,1,15.71
0.00211432943088314,0.4465152165612,0.635434767535045,0,NaN
0.0777269510018487,0.0962621087054783,0.699025445866275,0,NaN
0.0156785601530812,0.332410096611227,0.61753279077975,1,5.5
0.0377564424358244,0.1249554170841,0.727907092554117,1,17.08
0.01257415633184,0.298639210456407,0.574503911269399,1,5.87
0.00536941782283316,0.182954665908397,0.798316477411548,1,44.24
0.0359482893144732,0.48342550084358,0.409896349181087,0,NaN
0.00424667858767458,0.225689238482231,0.652199971320406,1,43.62
0.00561012507459761,0.461689489408794,0.489329848207754,1,22.98
0.0162307784256758,0.160990747362957,0.415128989649176,1,10.96
0.00533223880139562,0.419573540986232,0.635300893125427,1,38.33
0.0917138380316883,0.0785437399735833,0.44661348861499,0,NaN
0.00325231390232604,0.275429251024882,0.434603963375409,1,28.82
0.064195294005196,0.112789755309778,0.525843921441882,0,NaN
0.00193742283893021,0.265141190492326,0.464894404004888,1,67.9
0.0889024175820081,0.0413860069842647,0.741858183449442,0,NaN
0.0635656423564768,0.465222300741745,0.563808088509768,1,80.43
0.00216598975332965,0.24740364210333,0.587869536094956,1,86.17
0.00418752906945315,0.0506006518201755,0.653264502013639,1,36.67
0.00100667999732045,0.238513477027136,0.484427768725086,0,NaN
0.00107219837435138,0.400829519861235,0.54721897043566,0,NaN
0.0238470432440434,0.360339448570367,0.487431504831357,1,13.34
0.00183713743818633,0.13054353842053,0.50643394183547,1,76.11
0.0600450614019008,0.178663064362243,0.701755993515379,1,14.69
0.00799426788081367,0.358113824557442,0.498590010096194,1,9.43
0.00328533727371472,0.466299894399594,0.646267032080677,1,78.27
0.00641681851119153,0.31924055528805,0.678212877667629,1,28.66
0.024316945799307,0.104806110132427,0.522829689885273,1,8.41
0.0012213609642832,0.318876187083356,0.499929595536265,0,NaN
0.0110612466083767,0.270411212271262,0.470480579191438,1,10.08
0.00349031193996058,0.436928246489484,0.645445130433861,1,68.92
0.0033024577962731,0.428724409008044,0.462984055842361,1,41.25
0.0448676226942564,0.338584435500333,0.490382957146745,1,46.94
0.0336858497126213,0.168807178334521,0.595354630330443,1,7.6
0.00314979201922701,0.371460996143001,0.654410378486965,1,72.87
0.00403214068643976,0.369815245614071,0.535802055169801,1,37.76
0.0707713620643533,0.0722995746017277,0.404056119490473,0,NaN
0.0252804110874119,0.455903035857007,0.552859164887564,1,15.13
0.002523120993822,0.339447545256358,0.451069652063274,1,49.48
0.00569329214511416,0.452385006341197,0.756734523318904,1,50.62
0.0178197288304531,0.132594521645548,0.641080592092542,1,5.3
0.0108614833962188,0.0196446158446486,0.727893040961611,1,7.81
0.0780365538717325,0.455622779643138,0.447449986954058,0,NaN
0.00676884825747984,0.464251960681432,0.437922004485344,1,12.79
0.0786865744694762,0.168202535205966,0.738501423749494,1,10.04
0.0191789051477305,0.36731808294277,0.6735398899102,1,8.64
0.00206679222436135,0.164782474274196,0.692858709392759,0,NaN
0.0861604550349719,0.382434638701885,0.43676396126923,0,NaN
0.00244507993342289,0.308393510689763,0.757980976110167,0,NaN
0.0027979626418767,0.494148391603717,0.49652594462958,1,69.02
0.0476896380051819,0.206978991474513,0.712362546200142,1,16.96
0.0349542563077818,0.210654889532996,0.560960213031901,1,19.69
0.0231404677661179,0.132071096293271,0.746296425858258,1,6.19
0.00270623509041958,0.488922560400194,0.474209562217598,1,64.49
0.00543842587732466,0.163331710514811,0.700804815090292,1,33.7
0.0126175681324759,0.30618344173418,0.553373956563018,1,4.78
0.00107010976494733,0.198866786640293,0.666174013309398,0,NaN
0.0269793231823196,0.408430989692344,0.539942389931681,1,13.68
0.0214949500646405,0.479857963900523,0.602966848287307,1,18.19
0.0203454244478176,0.220438062837476,0.739799417427297,1,4.86
0.0234692309153141,0.257086296320174,0.547406423812285,1,13.54
0.0547862821705471,0.0586116824361207,0.419058734786701,0,NaN
0.00698057842266309,0.329415009273305,0.644183480482354,1,22.48
0.00153583393408299,0.256816613729308,0.465656369350319,1,90.07
0.011413617300754,0.345809183615755,0.457068519234763,1,19.53
0.00280984142119839,0.011750658928895,0.570023116373992,1,57.02
0.0158531102387887,0.333371644833608,0.601240758551868,1,8.28
0.00111577867614036,0.108085092841612,0.454960407489698,0,NaN
0.0128370834969494,0.470375922128233,0.678200529516017,1,13.66
0.0509941569934451,0.154753001668342,0.417052699002274,0,NaN
0.0735160092513173,0.302374229412296,0.407410711857175,0,NaN
0.0377894670545526,0.0147962788907672,0.656382215851262,0,NaN
0.0180574774740291,0.26798644267321,0.516499366912494,1,15.98
0.00240765450622792,0.218479649060364,0.618548145309019,1,80.96
0.00158578721358346,0.374799530134668,0.485142487711268,0,NaN
0.0582864359289404,0.449228643285781,0.728934790155095,1,9.63
0.00219002184804254,0.0531809047519608,0.680075059096356,1,91.74
0.03562755590869,0.418191692815994,0.691222833888711,1,14.56
0.0165842350045479,0.384112673210085,0.422839786229888,1,15.8
0.0102882871277714,0.450251182219708,0.606452289803686,1,13.84
0.0145294055092564,0.135252112641222,0.788641253983414,1,9.17
0.00238372668742473,0.484509343024962,0.416575349168359,1,60.18
0.00480244771193984,0.264682428943338,0.656341567865139,1,38.68
0.0502180735101203,0.327681611411765,0.5421751862185,1,36.56
0.00325945626892991,0.275974293808198,0.669232034984304,1,66.45
0.0596878954378951,0.0694557555868883,0.416242578344136,0,NaN
0.00763503888586247,0.379061784757549,0.720831674010506,1,27.12
0.00312239826382086,0.046834567000948,0.461691878915077,1,25.96
0.00206230887427056,0.0488207335585101,0.741263825253666,0,NaN
0.00241234626895402,0.312164715007589,0.611379977783577,1,85.15
0.00201431419643638,0.382277872511421,0.64599937019715,0,NaN
0.00365189467230926,0.232772348960497,0.672839039923584,1,56.44
0.0136021221972572,0.316182929199123,0.776692049040567,1,11.01
0.0628397946763451,0.349626643561537,0.791434564413729,1,8.07
0.00212632642465056,0.327755149047512,0.793168325977984,0,NaN
0.0398108832184254,0.259795560041512,0.650939371862441,1,9.73
0.0109216533313948,0.214706852192555,0.421933772757512,1,18.46
0.0247310055440607,0.0759207464872712,0.546789773858016,1,14.01
0.00126071798154087,0.0734959271113668,0.71433981199498,0,NaN
0.00247624098414328,0.409651604653339,0.746775544983741,0,NaN
0.00121548234462173,0.307622962552121,0.798671900754481,0,NaN
0.0146561855946171,0.0780232715334093,0.48918158963649,1,9.28
0.0102065043728369,0.338842178559252,0.689278394047289,1,13.91
0.00244176379882358,0.325868828787263,0.414547736270417,1,43.27
0.0314850439339669,0.377277398930384,0.523271350337957,1,23.01
0.0156875960391688,0.427498287462485,0.439742190553118,1,17.01
0.00295270583422138,0.363095105324518,0.627485532846189,1,73.35
0.0107802936166269,0.456211750940255,0.780247902838161,1,22.47
0.00250829569808413,0.356473183826014,0.719518077176121,0,NaN
0.00110776561762195,0.0623518525703552,0.647429937326325,0,NaN
0.0433904826402257,0.0284054014072763,0.446145648635208,0,NaN
0.00544853601663812,0.194680620643528,0.491662524854464,1,13.33
0.00457152636420953,0.0955248076969548,0.709911855533095,1,41.44
0.014788017876011,0.164732268564945,0.689834760250593,1,6.3
0.00234134818944284,0.391100206890913,0.543830555060253,1,79.57
0.00697033868761036,0.291107662983045,0.593237833825912,1,17.3
0.00328431861382971,0.165489344266887,0.789028602877273,1,78.6
0.00420784000102454,0.287878950826752,0.540826761896393,1,32.29
0.0590711411845581,0.0146048253511218,0.667250996814325,0,NaN
0.0787018576457568,0.216445685971117,0.743432021093863,1,13.78
0.00228212269795936,0.194292319650558,0.481317299395936,1,55.44
0.0112513610735404,0.160084100837193,0.740124774266455,1,11.43
0.0171507873967895,0.415936703421304,0.442750583549566,1,16.42
0.00101068593242057,0.287744994097551,0.504374462762777,0,NaN
0.0616922783420863,0.150754980811109,0.728508032982709,1,12.85
0.0292204215408347,0.497945875707053,0.403375360722814,1,47.86
0.0407542449313634,0.0514624612918408,0.653339427239682,0,NaN
0.00331197294914794,0.416682794353184,0.626888579889576,1,67.88
0.00353603610162698,0.394420704206816,0.467682133608438,1,35.39
0.00113006417294681,0.0124025652013958,0.559024496211216,0,NaN
0.0525655438687301,0.428802534406839,0.481956675665345,0,NaN
0.00123185909868129,0.0375011073147189,0.489404708946556,0,NaN
0.0687979944602664,0.377985968825181,0.679222551972084,1,25.47
0.0998515683744649,0.455372076122758,0.722209542617824,1,78.07
0.00112276578177166,0.402375475119727,0.529166133057652,0,NaN
0.00609785094504714,0.369083500929058,0.589114681819276,1,24.42
0.00587611486982957,0.431406873628539,0.422984659648246,1,13.19
0.0248879695027229,0.0795018059797595,0.418272559110007,0,NaN
0.00306352645201103,0.457620636013414,0.553418252916244,1,65.72
0.0618408960609744,0.454477888997404,0.680807165147233,1,18.07
0.0985310842885654,0.474507044028919,0.774676783372968,1,39.37
0.0442487081495323,0.204501811231943,0.66397457975039,1,17.4
0.00952862442618755,0.314959697703078,0.680202527257984,1,14.58
0.00120495700925791,0.259320232607952,0.711885318223945,0,NaN
0.0170437885254818,0.451493627257396,0.692818288448409,1,9.02
0.00258522429822684,0.380042141790284,0.513786874237669,1,63.17
0.0406580953196857,0.329571244325501,0.771247975192294,1,13.67
0.0308485976551871,0.181713670920092,0.508075362398239,1,20.21
0.0688079544700662,0.364266133921335,0.742688142349647,1,16.78
0.0172184519652789,0.141814100890859,0.675260711744801,1,5.16
0.00468963387006143,0.0450612017403195,0.475359293995532,1,18.79
0.00149788198696268,0.162412452269977,0.56808160718423,0,NaN
0.00170060490466473,0.284335556624435,0.66705009994495,0,NaN
0.0591206330073306,0.164673590707505,0.792318536958927,1,14.68
0.003090204650493,0.0211515814194707,0.745314202096537,1,68.34
0.00269898205149466,0.222464847326601,0.454150480665323,1,40.47
0.00632056134320581,0.389617168402921,0.434874504374101,1,10.81
0.0247528339518641,0.299154374101254,0.478609427629179,1,24.07
0.00303605682398507,0.300554964314083,0.585675990290507,1,59.68
0.00117673259471194,0.212257522706899,0.708197788298982,0,NaN
0.00677256076146932,0.307699646575396,0.431789459559204,1,7.54
0.00127293199983783,0.492884012342706,0.737059374110787,0,NaN
0.00934893032634933,0.366483776307244,0.445983211898219,1,11.01
0.0434326927889975,0.435611240233239,0.406681551645479,0,NaN
0.0669404430793996,0.394098099480821,0.477483093150995,0,NaN
0.0266525894019173,0.345008071413928,0.755357403411073,1,8.92
0.00151877290796887,0.247597090555456,0.733287217064061,0,NaN
0.00941554043240864,0.0224909606876289,0.534291148342462,1,9.39
0.0230301510019879,0.120427785374231,0.621883519795806,1,8.41
0.00750232435806276,0.419122172125799,0.758349125289175,1,33.29
0.00416152698568178,0.205831091536679,0.576047981653817,1,34.73
0.0084080728266389,0.229007152297939,0.785756049299119,1,23.29
0.0024242101370175,0.253036086069122,0.408615957116083,1,39.19
0.00159989804660892,0.450085787659502,0.55571688936826,0,NaN
0.0031490686235411,0.18135230502222,0.47141843644345,1,33.24
0.0693949238251438,0.324082380443475,0.790301664066561,1,16.63
0.00239882605544785,0.0363653949650878,0.761233871604418,1,94.7
0.00285158939917677,0.496381446884848,0.530599838236466,1,75.83
0.070613594617681,0.472418257335374,0.724338749654707,1,17.13
0.0537184576637954,0.36206598019324,0.751702624502889,1,9.66
0.0408847003089241,0.185138293339476,0.454510587340254,1,37.49
0.0783846165287861,0.343751174876762,0.572554846549273,0,NaN
0.00356724978016265,0.476074641128815,0.41283224292728,1,32.75
0.00620364432669873,0.0431989764350765,0.73077972068955,1,28.65
0.0875829334635983,0.294776588690019,0.537413511996875,0,NaN
0.0532905646971517,0.305668844767274,0.667056459985153,1,18.05
0.0553087847659548,0.215842653727842,0.429364400883324,0,NaN
0.0225160222516911,0.350380579315459,0.736569875770468,1,8.76
0.0149564271397407,0.353686837279549,0.758166886876824,1,9.85
0.00260061973125305,0.169345727668717,0.797940258271701,0,NaN
0.0347132674909085,0.150263781946873,0.733243335442159,1,6.91
0.017054806070615,0.108283762782871,0.705906518628565,1,7.64
0.00906574805720979,0.482491033832022,0.601476503576881,1,18.68
0.0049911219047328,0.296991458387794,0.791836690453221,1,52.41
0.0309577712837661,0.137891350868154,0.635976966146329,1,7.02
0.00149285246194718,0.0501721130934204,0.54998233552135,0,NaN
0.00209972205744645,0.165894188685693,0.581291978230963,1,83.27
0.00372003936134004,0.0393353928610733,0.577946087125238,1,33.7
0.00109384772028036,0.107597329392096,0.603924758209345,0,NaN
0.00713060620196816,0.41675027159288,0.480154225268029,1,12.83
0.00345618533046606,0.369213361774215,0.610718709172761,1,58.17
0.0017193913698219,0.386239261597686,0.781764989536471,0,NaN
0.0013451413427813,0.0221952278446088,0.568816045822078,0,NaN
0.00291997105871618,0.0715453013689363,0.436967101536237,1,24.93
0.00615253517647428,0.11348459997007,0.643924392200373,1,21.76
0.0316544235186019,0.366082212024113,0.784519261539858,1,16.06
0.00531547068987398,0.0485824887110114,0.74718122044722,1,35.26
0.00459948805372882,0.400533492324322,0.714554875160681,1,55.11
0.0181242270447718,0.475495813105873,0.731395857395383,1,9.99
0.0948433447185199,0.154855579645734,0.646801809673617,0,NaN
0.00100183041344768,0.17856435711003,0.495857866499047,0,NaN
0.0373644502306966,0.455552027626871,0.651016182901411,1,13.24
0.00232703632352308,0.376871004641844,0.646759053705443,0,NaN
0.0201188276931583,0.423360691064481,0.686397175779871,1,6.4
0.03849058782413,0.310275465080494,0.749514454890495,1,3.06
0.0989251698482836,0.364968238224158,0.563661771705174,0,NaN
0.00231977723614306,0.315666166771619,0.541266101434274,1,73.8
0.0762376488988978,0.167243132155748,0.502242706580421,0,NaN
0.0803422426116957,0.447524271024509,0.795220843184135,1,15.84
0.00196506457409573,0.438361389642664,0.464897400293098,1,80.79
0.00139509318889978,0.328403519180459,0.716034376456821,0,NaN
0.00291798340160169,0.129814525780437,0.404282860820624,1,23.46
0.00543366857866402,0.134878890711382,0.764875184743835,1,39.13
0.0429273151913543,0.0286366715273543,0.660332926635096,0,NaN
0.00538555722166634,0.0510376999363795,0.404592418951778,1,16.09
0.00844796352245806,0.212255066675046,0.56640839598323,1,9.3
0.0116247024024963,0.238343191149328,0.619263412940493,1,7.19
0.00380128381017916,0.258769351496364,0.712436531208788,1,60.16
0.00255730787625337,0.279745921810114,0.629866132249376,1,81.14
0.0125404593305811,0.282066116482146,0.485646409558078,1,18.51
0.00261075076927126,0.044187216660236,0.744179005792849,1,84.08
0.00375606226960647,0.126929726878541,0.552234086111444,1,34.26
0.00163960544035416,0.377756333416637,0.527575588500142,0,NaN
0.0101814516710994,0.405006575484917,0.50082338178836,1,7.28
0.00595501987622248,0.0295269110076342,0.649677501684595,1,29.82
0.0729770817831491,0.161054186346016,0.5328199849524,0,NaN
0.0282853142486199,0.239314884551947,0.400028397277382,0,NaN
0.0188575287340124,0.205746630443804,0.409169453589346,1,23.65
0.0172174654716965,0.22528248622979,0.636707654552356,1,3.92
0.0275035241495184,0.232507369517742,0.419634110358639,1,30.15
0.00126714131359232,0.372645502568541,0.561919517838231,0,NaN
0.0452168074306652,0.474522280138323,0.750954740094164,1,14.1
0.0509843250967067,0.229831930730128,0.753789885677846,1,7.09
0.00141920723696297,0.32739100461637,0.602713306822252,0,NaN
0.0525243888009465,0.187579373405052,0.492436462322061,1,62.77
0.00205452091506238,0.320851127360171,0.692582845911059,0,NaN
0.0167021873425278,0.4753269995772,0.560169181509145,1,10.35
0.00100022265969989,0.401259724106139,0.674547927808095,0,NaN
0.00103277910289428,0.256302250633285,0.794247998301572,0,NaN
0.0160995269983468,0.0300553689449121,0.441369164534078,0,NaN
0.00514903929883631,0.0326332402998556,0.568748777928604,1,25.82
0.0044576923822855,0.351858523958012,0.545191090285849,1,32.83
0.00302628339235518,0.341963114145372,0.633300947941743,1,70.43
0.00329066876843084,0.193684617502757,0.481893845080588,1,33.29
0.0206046824617845,0.425184101321039,0.570816376951969,1,16.79
0.00464349348110252,0.270323156539258,0.774807616298011,1,54.26
0.0534390756638169,0.186846797804364,0.698597416182209,1,15.85
0.0412335620958978,0.0208063472678769,0.739809570838891,0,NaN
0.0160277971844407,0.275963643274789,0.573513229892113,1,8.64
0.00156113157174391,0.174201549486603,0.711242881899764,0,NaN
0.0178511609810306,0.231457937260393,0.704779626171156,1,5.11
0.00819800434836339,0.0107308463952696,0.406868962060301,0,NaN
0.00762894227029416,0.118566387633709,0.548568274321016,1,7.9
0.00567202515212273,0.0397378780402902,0.545616949654866,1,20.63
0.00900951373174762,0.157607716256588,0.767355672059302,1,18.64
0.0455615979424897,0.0983922946345325,0.51881505578509,0,NaN
0.0170768130368273,0.312880756523081,0.665439816604514,1,5.38
0.00102502924129286,0.138020694945279,0.74899948666004,0,NaN
0.0707421278239142,0.18897509301249,0.636788735360134,1,17.43
0.020413770320569,0.234422399817982,0.569683289719093,1,14.86
0.00809352912963732,0.384475791122844,0.551857426565556,1,13.35
0.0185200914030609,0.325462986023965,0.694061810535221,1,5.44
0.00159119966366002,0.393642693213472,0.413794807728378,1,80.73
0.0467741489385579,0.030452981591483,0.464207369362837,0,NaN
0.0754393639756066,0.284122700406208,0.468808679930332,0,NaN
0.00431407350643827,0.27565807116219,0.732103142454512,1,54.52
0.0109538627784119,0.124042284660556,0.680797524998132,1,9.33
0.00202118378076743,0.150211682875232,0.411069170682135,1,46.8
0.00681782304997382,0.394122078758343,0.607500755918085,1,22.98
0.00179253290287224,0.0631883029224102,0.65257107003616,0,NaN
0.00976837178214055,0.294515395121549,0.473800150218377,1,10.23
0.00162304679801694,0.174365902974924,0.48273950793036,1,84.13
0.0281023731837312,0.0852799338047392,0.749331819979031,1,7.23
0.00309916583619872,0.0117562462479016,0.724166095204825,1,79.36
0.00514203194497375,0.444108908919543,0.735712259790081,1,53.71
0.00598200069577397,0.164471087247779,0.461674523335646,1,7.43
0.00362881387279369,0.159665525617484,0.728470325229208,1,61.29
0.0051286721013338,0.427212434402544,0.478114062385786,1,22.2
0.0081752603252259,0.179528034738455,0.634252540522392,1,13.35
0.0123872268219155,0.0288398687028024,0.552006237738759,1,10.53
0.0349780129506687,0.0434464526464227,0.485290586002152,0,NaN
0.00110402781822729,0.318885890974317,0.723488544288278,0,NaN
0.00262658433424096,0.0157608750651582,0.559518666077075,1,58.71
0.0314884994076421,0.298078222687082,0.729088758034531,1,14.51
0.0119478794829129,0.465281008218844,0.609818213728674,1,11.87
0.00230488816732817,0.336974304696523,0.748504478696629,0,NaN
0.00250976133793598,0.35256224604957,0.47556408130477,1,55.54
0.00102194912086152,0.387773315062328,0.611958475282107,0,NaN
0.0555415240784396,0.478126914535308,0.750911600194336,1,12.41
0.00116016947857919,0.252072365102759,0.61244067707715,0,NaN
0.0146935074672364,0.377576787076597,0.7033408051677,1,9.14
0.0113335226315192,0.191357334050395,0.596799975004394,1,5.84
0.0202063310822337,0.229874988034086,0.45696036205931,1,12.37
0.0040912094351081,0.340588441307247,0.699905109956687,1,57.55
0.00353324172149652,0.404130320143018,0.519986719412822,1,44.87
0.00433661063855666,0.142537641210705,0.705396371711631,1,45.94
0.0011670150320184,0.184932179654005,0.670192750850154,0,NaN
0.00266555893772663,0.0835110465883359,0.568620048838255,1,55.3
0.0477852021838084,0.3824353410239,0.657322454622191,1,9.79
0.0291232275340341,0.11181992473846,0.575339037091084,1,6.99
0.00957426428298007,0.061328342105836,0.577825885662943,1,12.98
0.00204315611003125,0.350268913109327,0.772323194192741,0,NaN
0.0030611285585726,0.0358137981274018,0.643470581216389,1,52.23
0.00857056665870298,0.283568076251487,0.671400269772884,1,16.2
0.0516271880291116,0.332618482256676,0.723339735569579,1,9.09
0.00391033963765948,0.358330177872034,0.505333446304993,1,34.3
0.0360242447219217,0.101064172216272,0.639750682627964,1,14.9
0.0183016995890933,0.0569254517651136,0.563990579537164,1,7.85
0.00124044840945059,0.385003548796686,0.606242679984084,0,NaN
0.0960045790761985,0.225913414697517,0.712507633531442,1,24.12
0.0341546938070369,0.4261467115259,0.423994522177105,1,63.99
0.00252849974598357,0.365204215659007,0.701873163107288,0,NaN
0.0899968120617296,0.168680900697601,0.638831536946547,0,NaN
0.0877631650571173,0.231199886471061,0.598522161135941,0,NaN
0.00254485286292274,0.38387225012924,0.791906133339351,0,NaN
0.0275046931225753,0.0255176204982203,0.463259211478094,0,NaN
0.00474383218361588,0.3908683572418,0.657983111347007,1,45.66
0.0543212256256538,0.330779640779756,0.418262539737074,0,NaN
0.00574110510408822,0.0604512572491772,0.778787734280169,1,34.62
0.0627145314984371,0.0759152390417786,0.525151933133805,0,NaN
0.0022278279891181,0.392587294570192,0.47721652954599,1,68.01
0.0383913942094056,0.447724947713871,0.708305803029744,1,14.58
0.0196552315824805,0.114643347730918,0.477349070483642,1,9.44
0.0234338229771141,0.0645305991093184,0.602365008290322,1,15.67
0.0413756085418119,0.0869435084231991,0.549349854520023,0,NaN
0.0299154654364929,0.455567746309189,0.464275814593632,1,23.92
0.0239899149396709,0.282290860327426,0.475142638756587,1,24.17
0.00296187688793898,0.15690999342932,0.652907231026797,1,65.91
0.0173946157346872,0.249778119409691,0.703305686656922,1,5.58
0.00458745448276812,0.131409887412536,0.661283167071812,1,37.34
0.0784584595571333,0.0684095489611007,0.662742481238748,0,NaN
0.0237129490782943,0.42216562530522,0.458555228711338,1,25.92
0.00740361431403559,0.335464411097693,0.60419567349369,1,17.39
0.00317446129547194,0.197958249267449,0.73691769378625,1,75.31
0.0179195616074088,0.15282510249645,0.624387539708392,1,3.82
0.0808936141511015,0.23036253351362,0.745770128996844,1,13.95
0.00175421820327715,0.410098397514569,0.688025244837608,0,NaN
0.00502461047894161,0.0506475716376861,0.735649334395984,1,36.67
0.0012652404417168,0.453762109349038,0.631156559773306,0,NaN
0.00680146835448343,0.11567049627219,0.458673826184,1,5.13
0.0723918849077149,0.440003562829395,0.437183482267295,0,NaN
0.001178576397166,0.468560481584055,0.50614317395015,0,NaN
0.0284109390081071,0.23856893700592,0.63375199887673,1,12.49
0.0607120637019806,0.173412240858381,0.425472906690866,0,NaN
0.0339567669468896,0.416191665351654,0.549179833056054,1,22.61
0.0131940417446864,0.224326470922346,0.60730868554872,1,5.47
0.0166328464578812,0.130297881967174,0.451322115506344,1,10.31
0.0519062796321087,0.310648176419558,0.493972521593228,0,NaN
0.00599540079366439,0.0664992898292222,0.753006006757886,1,30.69
0.00339108755394252,0.156912994630431,0.701165657246987,1,62.67
0.00129649576466169,0.267518679024474,0.491693887088237,0,NaN
0.0121295866711231,0.41561271544839,0.446325645477389,1,19.13
0.0021243703942843,0.316095143246782,0.400150328875758,1,48.32
0.0255516829143828,0.0146631166455709,0.701200581899421,0,NaN
0.0015205128980282,0.184607119782267,0.668164845901753,0,NaN
0.00159652740328431,0.413100945310998,0.569287989666895,0,NaN
0.017274192414628,0.057818784356198,0.442542931763282,0,NaN
0.0414996378760017,0.108483802445514,0.569279214321413,1,10.78
0.0434167811478492,0.171169071511184,0.509339930574146,1,19.13
0.0141914298859904,0.111168532452428,0.661826738896714,1,6.89
0.00195581440954121,0.286219255885133,0.525870994452923,1,84.22
0.00889658595576257,0.0738062550841404,0.737066682798108,1,16.82
0.0231658759428136,0.123531701187757,0.712416820986937,1,7.67
0.0217513221714762,0.08899709678034,0.456477486594009,1,11.31
0.0023636105820253,0.332779113540162,0.657522374680002,0,NaN
0.0731886908206063,0.412828247742543,0.645498430052164,1,42.06
0.00123989355572822,0.334093917939295,0.499681265945098,0,NaN
0.00306786466185586,0.0281988631431207,0.68730769751149,1,58.88
0.0414630176174387,0.0813813952476121,0.417582060711209,0,NaN
0.0313096413349397,0.421954636573362,0.491806812054725,1,23.05
0.0045542026995457,0.148153999447932,0.535300605323161,1,23.64
0.00976479789755331,0.0426508585776053,0.430861381354247,1,10.46
0.0173528317349221,0.194287368006373,0.56663465951278,1,6.86
0.00479074744376115,0.335129469081184,0.654203645829437,1,41.66
0.0148988961196591,0.374930068965205,0.678202240103457,1,8.11
0.0524998828796646,0.442543712548265,0.782883676724319,1,13.23
0.064753805132973,0.166977548665545,0.665435193492454,1,10.56
0.00997213302947442,0.345851491137916,0.799649903374634,1,21.09
0.0977293605048737,0.143720861381067,0.677364133692732,0,NaN
0.00210870104984839,0.113085027535388,0.566292293269112,1,76.65
0.00478997582221292,0.132363768782837,0.557483072903117,1,23.76
0.0113014235960906,0.464977192997167,0.581089541497263,1,11.29
0.0407076845976685,0.255565521311513,0.724130552587411,1,9.51
0.0351119577546881,0.0677322078323439,0.647340091568243,1,12.55
0.0085552460917353,0.149570842881311,0.507648095134189,1,4.79
0.00752342114664159,0.19191265916933,0.59169626671547,1,12.75
0.00340677866713082,0.13506083597317,0.456455057456062,1,25.23
0.00108501578610687,0.180757023880879,0.501008786006352,0,NaN
0.0206124667806216,0.23086626965042,0.761832678260947,1,5.66
0.0382410168066455,0.0802818666824563,0.503398734634121,0,NaN
0.0745771092104733,0.36641614618766,0.72924741017265,1,24.83
0.00364099364752031,0.103674080084162,0.610777464283368,1,42.9
0.0051893284981801,0.210109839129285,0.495941163018224,1,15.9
0.00650602989676679,0.0905172857401525,0.401011877791152,1,3.75
0.0148359702616732,0.14701265772834,0.470910208104832,1,13.21
0.0104033267536351,0.363543912527854,0.688504365883524,1,14.2
0.003924290930459,0.169703656415253,0.58193515890223,1,37.27
0.0038325806742611,0.344683158493464,0.76989125727803,1,72.11
0.00434301939286528,0.243237175184287,0.556617736444355,1,31.29
0.0805973484214371,0.206091055289542,0.75103701594097,1,12.8
0.0372524836196101,0.0121478847446844,0.640571255836839,0,NaN
0.0263648635563564,0.322868247046512,0.446805916244438,1,23.13
0.0495597996655274,0.0578973719048457,0.633906243381565,0,NaN
0.00119029967513597,0.123055431080589,0.478395165066441,0,NaN
0.00542596792425614,0.415497883477309,0.411304669508806,1,13.4
0.009816855445663,0.0956576185185827,0.60162920366275,1,8.22
0.00219801758651066,0.433791902513046,0.628455833245941,0,NaN
0.0101246025539059,0.455092970653115,0.665455090778903,1,17.53
0.0578003135742354,0.412821635396729,0.515078735142519,0,NaN
0.00927018780396954,0.27040468791047,0.437037457517444,1,10.78
0.0819233588672376,0.167680604653326,0.617232258629369,0,NaN
0.030131522552683,0.190086847024113,0.410584273593512,0,NaN
0.00990130844495355,0.169193634357548,0.666114613771399,1,10.75
0.00624930384243527,0.430265734562343,0.699452786268133,1,37.63
0.010386938760112,0.261916034076622,0.63350253116214,1,9.63
0.00244489083440192,0.369596696755501,0.691436026695204,0,NaN
0.00198687946915967,0.232897414218879,0.607446522132492,0,NaN
0.00978245642806259,0.393150571341078,0.466173191814532,1,10.22
0.00820773921240359,0.13699576457191,0.648703494789879,1,13.25
0.00152490571809189,0.135173337647956,0.6137602490289,0,NaN
0.0285089489000717,0.285151162334717,0.740879950769685,1,7.42
0.0526459582432169,0.273961780468441,0.668646830361843,1,17.56
0.0129867062320006,0.280444579379207,0.764273246113147,1,10.94
0.00209523052491196,0.430585534818011,0.581105122229722,0,NaN
0.00736959146647461,0.126235395959322,0.644697350109629,1,16.04
0.0736291637482265,0.307506104298448,0.494662334054296,0,NaN
0.00612733504898466,0.354670387844853,0.670254103097648,1,31.63
0.0954868559259426,0.327276831021637,0.579702060213676,0,NaN
0.0243985749895838,0.0558712582650664,0.58734962086743,1,13.52
0.0171487304641957,0.471490917527869,0.652604663527749,1,8.31
0.00308557745370096,0.325329161885298,0.460613094722337,1,38
0.0101889090167467,0.279569721451765,0.496523047155373,1,9.06
0.00118453181288202,0.402613400610184,0.665406015285032,0,NaN
0.0686240670512479,0.111934587391692,0.561249260386012,0,NaN
0.00498690391723051,0.307915779543994,0.487319989907004,1,19.19
0.0570887097191374,0.141280496380276,0.554154371018945,0,NaN
0.01981853206626,0.281962140356366,0.529963226441939,1,15.46
0.00541515603033812,0.309097773501377,0.43558505165722,1,11.82
0.00332440997751699,0.470576688231674,0.76912540502654,0,NaN
0.00636525172435722,0.139640912860947,0.712132318881924,1,27.19
0.00986227375601415,0.444363399146476,0.580874825590636,1,12.98
0.00824463249723009,0.192751314373754,0.552683816763435,1,8.19
0.00470179972592535,0.361714623424847,0.691980507398169,1,48.35
0.00134245473059229,0.237505993558269,0.551082285046602,0,NaN
0.00794828933521741,0.491523957346034,0.638517272875758,1,27.06
0.00946164692027275,0.486285188412773,0.675461757470893,1,22.77
0.00258457739375819,0.185099765812448,0.572595178072524,1,63.81
0.00236597602409078,0.27697645564505,0.783000835010942,0,NaN
0.0655582694180075,0.387400349715664,0.734952200417736,1,17.3
0.0350917711595991,0.319024904631481,0.637437779570002,1,11.78
0.00344221196134794,0.143803637824411,0.403295046017237,1,16.24
0.0668316254286471,0.271588773204889,0.490056452588017,0,NaN
0.00911154732436152,0.0652418851061051,0.506536817284292,1,12.76
0.018596253622204,0.333857818223412,0.734378836524695,1,6.25
0.00962548482861616,0.405351902303023,0.628968134563891,1,14.63
0.00125238960532675,0.402741696985345,0.576420560198756,0,NaN
0.0143644679175216,0.493855542543821,0.699699791338075,1,13.41
0.0635753242651535,0.173741628253305,0.637340797167134,1,9.14
0.00161166359803512,0.423043118755801,0.747366453568493,0,NaN
0.00411086951030184,0.395782198653229,0.56238435786093,1,41.66
0.0486693043935501,0.0229949590424867,0.684182350258278,0,NaN
0.0794902069418536,0.0344450245882974,0.498252561222044,0,NaN
0.00490650298408977,0.0639393882092762,0.783189995308899,1,43.27
0.026847081013154,0.441419616116991,0.510411802996074,1,13.61
0.0522373945023473,0.0343607149270363,0.442901424862312,0,NaN
0.0292044605518434,0.217896939374768,0.625010274002269,1,11.23
0.00173433175533642,0.48083266140593,0.423653993555948,1,88.62
0.00209094069098597,0.0740920743019097,0.721088206206605,0,NaN
0.0956736628229737,0.267509824696282,0.683436861166955,1,77.91
0.0126403857375727,0.309113232957837,0.516632918927484,1,9.64
0.00138630021653621,0.274948189095706,0.760206508344286,0,NaN
0.0755066520398681,0.492038286955944,0.762277602025581,1,7.8
0.00153723282986746,0.339211595144707,0.690621408326778,0,NaN
0.0490439218376487,0.0763819667818806,0.724257232642983,0,NaN
0.00438881735393351,0.0604562121975459,0.702358664444949,1,40.5
0.00696447188668852,0.12673640785808,0.735839971559538,1,25.04
0.0303114090881721,0.333379798166338,0.414311479684976,1,42.01
0.0114422987294585,0.49880762747679,0.553658910556517,1,11.48
0.0635095492779137,0.394240481721478,0.464880320965876,0,NaN
0.00828649283102483,0.162041137378311,0.671723725690305,1,15.27
0.00305251192593781,0.335450203149655,0.673159326823694,1,76.37
0.0650395190978393,0.276427682888674,0.46569185297372,0,NaN
0.0894137644328482,0.290633788840857,0.738112315591805,1,22.47
0.0557458542319569,0.400220165912957,0.621649613969384,1,27.68
0.0956151694942042,0.141100980137621,0.776426001956349,0,NaN
0.0148580088859556,0.459511489229154,0.414880828888816,1,17.73
0.0708644824858002,0.216293418112409,0.418211791299095,0,NaN
0.0278142959074922,0.378159576547894,0.424159436979595,1,34.1
0.00198912356942095,0.150302681402694,0.785789428842301,0,NaN
0.0066477206095995,0.302629677179816,0.586067478609343,1,18.47
0.0121877806042388,0.44143959173258,0.489955275047702,1,10.44
0.00117002237351684,0.474325207548832,0.661336266515755,0,NaN
0.00597893745681112,0.200539241869373,0.74956776909734,1,34.58
0.00288108382842006,0.375984391335099,0.69644240589982,1,89.48
0.0457620467492906,0.462662997208472,0.468816217303953,0,NaN
0.00478678328722224,0.211313809739027,0.708134734859919,1,42.74
0.00183571871382876,0.446754268385823,0.742170571988027,0,NaN
0.00661813952515865,0.344359423577518,0.459831810757916,1,10.11
0.0351557450097917,0.279474365620552,0.620721063520353,1,10.74
0.00846117265588435,0.372967543506051,0.763070149054936,1,25.82
0.00155320782429678,0.206393547017493,0.777560438376344,0,NaN
0.0775427684430362,0.28378630424362,0.52695812680483,0,NaN
0.0572879221267294,0.313261959690745,0.585754339672037,1,35.1
0.00158960314724125,0.369015751265472,0.635686172440138,0,NaN
0.00813402579437898,0.0207203574734367,0.433718789871033,0,NaN
0.00455127859772988,0.10227613094687,0.430050316303291,1,8.11
0.0127319448310555,0.121370619823237,0.534868410755318,1,3.44
0.00631380742041469,0.484472558779101,0.490891873499213,1,20.94
0.0931238461405914,0.495478012060375,0.584807401649953,0,NaN
0.0119178744106684,0.254235756597907,0.795201563871823,1,13.24
0.0287089052662916,0.0751192817625297,0.535681279263485,0,NaN
0.00138223947871507,0.213665500074766,0.769888572703782,0,NaN
0.0325974458429943,0.195903825810061,0.626063607029359,1,8.81
0.0644633438859922,0.369496125547536,0.552497958298133,0,NaN
0.00328360864321694,0.104580122247,0.756139238001377,1,70.89
0.0123501624014149,0.212691993590331,0.401311736768763,1,16.56
0.0731763871415684,0.179053464839347,0.658235209447666,1,18.13
0.0630800030212538,0.297977059100233,0.504241204676513,0,NaN
0.0271466588616736,0.0184506554885719,0.491168454939218,0,NaN
0.00301412394646371,0.0588176483256186,0.686807008721462,1,63.4
0.00201018726639586,0.212291065310765,0.515775947221855,1,74.51
0.00110964689124954,0.161802803862114,0.653375720816287,0,NaN
0.00622461949414237,0.315838301590064,0.48007552883227,1,12.02
0.00276699716954656,0.238256978028144,0.719343017796047,1,87.82
0.00176909906449401,0.197369118527819,0.762714974290418,0,NaN
0.003946770565353,0.0320780854032556,0.675841517567975,1,43.18
0.012891204347127,0.498314562702947,0.473572613437886,1,10.55
0.0084162646199752,0.299736248588295,0.599614722422943,1,12.58
0.0278458748414934,0.0848568663267847,0.50342353068072,0,NaN
0.0193801722827791,0.498210233026631,0.622124124686929,1,6.99
0.0054050296631606,0.343595290379675,0.781123846234637,1,48.68
0.00144415365676476,0.239918676561535,0.451415883169756,1,91.01
0.0486422769358746,0.276563981162756,0.668922783223715,1,18.47
0.029873852170961,0.303179128538248,0.424960447093439,1,42.1
0.00125318151660855,0.0852568702423934,0.434042948526665,1,90.13
0.00598517082292655,0.0493975662109013,0.485316199014163,1,16
0.0185197025574895,0.151111366439682,0.459884536452631,1,10.58
0.0602621765293027,0.0657085495764119,0.693792571220199,0,NaN
0.00672522773837934,0.227026048222486,0.563234556420243,1,14.54
0.00180089169011872,0.440563925544627,0.61088650084123,0,NaN
0.00512210190805295,0.113652702427039,0.467299035469855,1,9.38
0.00183098057185188,0.18863375611632,0.620670701379966,0,NaN
0.0196861330527468,0.358089986365724,0.541995123673835,1,16.41
0.00306145845278391,0.218388680684376,0.702934006942258,1,74.33
0.0960345762727389,0.102337656205467,0.461094368179801,0,NaN
0.00799107819103612,0.48761239033822,0.76884048025198,1,37.13
0.0306430948613735,0.108882542506908,0.550226864816484,1,6.53
0.0884255884424625,0.451539383247366,0.744181317579278,1,32.24
0.00244122888001963,0.0842375182543013,0.449263086809912,1,38.46
0.00279725758321432,0.136238253318782,0.691270837301722,1,76.18
0.0141397796482604,0.302550671528076,0.469635424312982,1,17.75
0.00103039556092051,0.234901561561064,0.753175189048529,0,NaN
0.00142096472473759,0.190031469061858,0.465094768407162,1,93.74
0.0123866337382467,0.451563806561044,0.571156647377015,1,9.27
0.0065429058959174,0.0526483005303644,0.635558297052996,1,19.75
0.00124720005056553,0.310163189629181,0.416138670445965,0,NaN
0.0249864162577811,0.234137007507952,0.727810862234622,1,3.58
0.0188788036435561,0.27947294154738,0.480370281477838,1,15.01
0.00705681806758773,0.0322114599481333,0.688298266612708,1,26.83
0.0315694879287749,0.262737619869109,0.764512294284816,1,3.36
0.00751927656027459,0.481416693977871,0.702950014753149,1,33.52
0.00293237959167255,0.233193616217788,0.60463313968527,1,61.97
0.0111372117971685,0.225446478603247,0.45768711543955,1,18.45
0.00535358069004372,0.207859665482787,0.42198545828447,1,8.08
0.0027977034137584,0.0583022283723011,0.643987539758253,1,62.12
0.0311164066729058,0.294526543224718,0.532204058844986,1,22.34
0.0072774206298116,0.392987311813261,0.447653810523558,1,9.64
0.0106500317573087,0.0812187184955232,0.439803526542126,1,12
0.00119458669645459,0.100676718198208,0.690110962654469,0,NaN
0.0456896330544742,0.0958709607624466,0.739453657905907,1,12.69
0.0117725797813209,0.10994117827822,0.59501104940867,1,5.97
0.00367744757886326,0.105796153229733,0.765674706845005,1,63.19
0.0172115580700314,0.476013718435174,0.673267331559754,1,8.99
0.00292675332165118,0.278878600948314,0.711181638267553,1,83.32
0.001582122593475,0.0671223368253177,0.541371265797646,0,NaN
0.0169130586087106,0.196610103321431,0.791197207301918,1,7.17
0.00779019196144476,0.292202022183574,0.57988500520706,1,13.02
0.00680272787435112,0.209646724080234,0.75943449617532,1,29.56
0.00227060997728332,0.34327634923962,0.414382353973711,1,48.88
0.00238263730841095,0.0560153204781096,0.450078478887672,1,36.48
0.0110181197557467,0.238065979053238,0.468709361029023,1,18.18
0.0326492996269438,0.340892676413607,0.747555888212122,1,15.31
0.00221818168620295,0.49227355871971,0.487936009395502,1,86.99
0.0056806088188404,0.46213670420822,0.759574903944279,1,51.94
0.00103167667728374,0.0772272949839464,0.456901493916292,0,NaN
0.0675946539109219,0.405885565047163,0.729922214765256,1,17.11
0.0195537144206327,0.180981929984612,0.582655002704087,1,5.03
0.016854556534723,0.34001704557456,0.790362888188835,1,8.7
0.0989545088576472,0.464597429590626,0.771268764767268,1,47.14
0.00167592777166413,0.141463872602169,0.778457655322874,0,NaN
0.0626032528304001,0.436282532006965,0.443804483043333,0,NaN
0.00864656217110491,0.321244641601498,0.64039751975343,1,14.9
0.024015662950466,0.261813444055465,0.617909236161439,1,14.71
0.00562799480138385,0.285884442737004,0.481549062244886,1,13.77
0.00180968805739961,0.319119376457666,0.606064607293592,0,NaN
0.00443560612319115,0.416606959746779,0.735776386801598,1,61.66
0.00431416031530587,0.0876112771080903,0.742871121978389,1,48.17
0.0400350135030489,0.142121220353798,0.744242518795342,1,16.99
0.00178557657944322,0.138610181825618,0.759541248701771,0,NaN
0.00808622445890545,0.4297000269634,0.729888920616834,1,28.13
0.00223015635782318,0.0727661518229852,0.4328794840027,1,39.26
0.0103240365343966,0.36645285183106,0.594789208641608,1,10.35
0.001869402995317,0.460772146401984,0.486186704854107,0,NaN
0.0029657803498618,0.226528641130164,0.488833444942736,1,41.38
0.0022529958671866,0.144944732256978,0.455247522076742,1,49
0.0522038032945142,0.192436573621617,0.794691688918795,1,15.97
0.00300379437387206,0.369655701865871,0.63590984732242,1,73.9
0.0429064582516221,0.128790553725975,0.407569587468835,0,NaN
0.00390390125736656,0.359333253981364,0.709942032396684,1,63.48
0.00172110145575759,0.401177738071111,0.60344598553578,0,NaN
0.00383618558254455,0.439323287923411,0.482176093095154,1,36.53
0.00209881424927472,0.15251332104582,0.750177626330012,0,NaN
0.0304554221253852,0.36417676528876,0.722226217405106,1,15.77
0.0360413731876995,0.398121843956637,0.679128563146082,1,13.81
0.0127736309403954,0.188940764750735,0.7638689678056,1,10.09
0.0407562412078695,0.429651783605179,0.783004303181871,1,15.16
0.0111204332672093,0.214801057776508,0.64117256498491,1,8.38
0.0108669851123253,0.308065785224911,0.470242095579978,1,10.34
0.0139833981647077,0.253444644474863,0.7384851298112,1,8.73
0.0206302634620986,0.0962626560475181,0.451878429388553,1,12.16
0.030929851927203,0.114427958727645,0.578167325156779,1,6.65
0.0350841140971927,0.336099879957799,0.519758248885395,1,21.15
0.0284681028266477,0.184143591323021,0.436047978022739,1,19.39
0.0297179326607863,0.361094038365724,0.432426627989586,1,33.08
0.0597279872691925,0.0510354152225861,0.756676247798728,0,NaN
0.00179163188452991,0.288976312663777,0.738817296408863,0,NaN
0.0242528689068716,0.110308489377524,0.419787831938349,1,13.01
0.0117348598601498,0.153710146170294,0.699139829587776,1,9.11
0.0453869250849561,0.170682277189478,0.76840880573404,1,16.62
0.00152996007401486,0.266265333752506,0.449071574990721,1,85.63
0.0915664031587363,0.339750716629395,0.68417241770856,1,70.57
0.00236499386759945,0.48155101355894,0.560827067773361,0,NaN
0.0155038693903489,0.200783531018251,0.754047670710626,1,7.36
0.00301664457579548,0.317815955077702,0.784264617128619,0,NaN
0.0685525886128657,0.16583331028354,0.514481687357076,0,NaN
0.00221920721069803,0.406187820590013,0.790985850354877,0,NaN
0.0132969792102197,0.404542048249419,0.545759885309684,1,6.21
0.00453981153232292,0.151321441978117,0.687471865780211,1,41.45
0.00121619300375638,0.341724492421077,0.73341810969592,0,NaN
0.0018781368450571,0.482441882236064,0.452878879428476,1,91.06
0.0902131356229911,0.329690702382976,0.532047990850659,0,NaN
0.00194243557755482,0.335037150922818,0.766254720947489,0,NaN
0.0294477647614695,0.0609815484422774,0.775871705621187,1,3.32
0.00163942159912644,0.0213972728306532,0.443229325714453,1,59.46
0.00165771733385069,0.148090489164347,0.745112013797606,0,NaN
0.0905196416945457,0.291303686394948,0.768781238313627,1,22.51
0.00668209487751066,0.453156692676612,0.420268817881917,1,11.27
0.0675458780608082,0.162707483999658,0.569290858481908,0,NaN
0.0410287110513382,0.149482381253452,0.629980241342747,1,16.74
0.00129057159713379,0.362127821751863,0.760457753015051,0,NaN
0.0272759314825259,0.431448187673116,0.403102184826394,1,46.24
0.0548669046811888,0.358341486855234,0.47021486478128,0,NaN
0.00293505819315497,0.0867154714922171,0.764785423349607,1,81.47
0.00206627756004502,0.346169056127158,0.655959402952614,0,NaN
0.0730507751069783,0.151946101701239,0.4794088034054,0,NaN
0.00272224347870163,0.2749599018664,0.781025410849243,0,NaN
0.00631707771100411,0.326066112431474,0.714489772978421,1,32.88
0.00255050484297235,0.420029735709088,0.465219920374037,1,57.06
0.00491363379458755,0.178550007547949,0.499652015064744,1,17.25
0.0155786184016341,0.493326343526789,0.649580302357136,1,10.05
0.0123279946871171,0.29287306065051,0.561213607767454,1,5.5
0.00150236306752582,0.390938389220006,0.588161396454966,0,NaN
0.0198331950675621,0.467613120773434,0.417439390822821,1,27.62
0.0372472604683979,0.369181185586047,0.437289524226223,1,69.97
0.00810017643325667,0.463163831829017,0.625700137444704,1,22.5
0.096428117865126,0.398832434746934,0.513511524838489,0,NaN
0.0614889296186169,0.493129846838989,0.614471822897757,1,28.29
0.0653332823106851,0.125420123772575,0.591402517855591,0,NaN
0.0510478152334075,0.335234817409844,0.574301717494268,1,27.28
0.00794325138739762,0.204057291851114,0.58744202908959,1,11.29
0.0584238871394872,0.168752255246601,0.748327767149844,1,14.75
0.00416348050150863,0.178075131904358,0.781568339828926,1,58.75
0.080515368076264,0.466441783785691,0.464759147121906,0,NaN
0.00108764925237417,0.440474256236261,0.602868219816416,0,NaN
0.0497849829757201,0.391295842117698,0.543782894802549,1,37.49
0.00569062510611688,0.222200401837648,0.642312759014322,1,27.46
0.0791959482336535,0.363490905807422,0.526469271060746,0,NaN
0.00397221859611623,0.42637547122177,0.71023916428772,1,67.61
0.0395220223283875,0.437622525379449,0.550033117421957,1,21.07
0.00123077183516193,0.410225841345793,0.799605183048929,0,NaN
0.0494857289816736,0.126033307055863,0.572362348407434,1,16.7
0.0676898742790749,0.199353266745238,0.449122763195572,0,NaN
0.0421405936573393,0.0993405506490529,0.636310745374224,1,12.4
0.00762981044035639,0.137968962305227,0.794323349902673,1,25.86
0.0249161339587729,0.12037776210034,0.473887415774983,1,10.49
0.00333326179919912,0.438845774677487,0.707585768130538,1,83.89
0.00487857145762333,0.492995877945978,0.417673597053406,1,22.39
0.00128570545994007,0.33986060146374,0.422693666467653,0,NaN
0.00297889776148315,0.286783990374621,0.660378570621528,1,73.25
0.0106799106210636,0.317189022418188,0.612015339338295,1,9.07
0.0169069844953022,0.353797547548567,0.549476264096891,1,17.28
0.021175950188886,0.160570591520468,0.437158785416484,1,22.34
0.00139348989539735,0.0240018501039407,0.553817932429816,0,NaN
0.0277967993911721,0.153040037372612,0.485263828112761,1,20.75
0.00527770716898302,0.355462262510311,0.686047967985767,1,40.76
0.076192605207598,0.277770290062292,0.543132804104109,0,NaN
0.0537333022156489,0.227947852289935,0.444327575815547,0,NaN
0.00188766851029308,0.0274219441072011,0.489305461313822,1,56.66
0.028997974818425,0.158261810285431,0.501676712381952,1,20.45
0.00459371491880032,0.322466085657873,0.790098044091292,1,59.33
0.066018929629842,0.216138592992748,0.592170212396654,1,34.28
0.00810654323543122,0.290341092582896,0.569934338375177,1,11.46
0.00606555570861826,0.476091839139559,0.63317835310007,1,36.72
0.0369186726593715,0.283458114075852,0.794621642956452,1,3.25
0.0345946730907338,0.0532289976740284,0.551399064904863,0,NaN
0.00272494035206163,0.107709696471791,0.541230333245298,1,50.67
0.0079520128128024,0.0116195233621248,0.4766500445497,0,NaN
0.00180613983542565,0.344096170507874,0.587226591963333,0,NaN
0.00176260985621539,0.403805301272053,0.430389187181242,1,77.44
0.0105636764888466,0.436818123984162,0.674175856539606,1,16.01
0.00104987190567327,0.312084568377711,0.733018800347932,0,NaN
0.00131072364321531,0.265783342360123,0.553543501793043,0,NaN
0.0271206110572005,0.360009215282996,0.71124624664627,1,16.15
0.0539967332040965,0.0687266850188346,0.529451829890053,0,NaN
0.00114011663911705,0.340832639552616,0.495726332324928,0,NaN
0.00727171082509649,0.139289662365362,0.699423033072696,1,20.83
0.00107859135096954,0.475589714402074,0.433793609740992,0,NaN
0.0321603405995415,0.311158861762605,0.485406463872871,1,21.14
0.00306099168170831,0.358906107295864,0.56261181010844,1,58.55
0.0349208364190687,0.269362722050129,0.716949109161025,1,2.57
0.0940524623244536,0.192746495944802,0.574400587203934,0,NaN
0.00276326470837463,0.449134256185808,0.694186125081923,0,NaN
0.00334858101106547,0.0438768047446077,0.435435835250172,1,22.57
0.0230190845639741,0.0842142499447225,0.545655875922247,1,6.28
0.0085997085248599,0.060042964635226,0.754831259842854,1,19.24
0.00189281284905266,0.27209020249175,0.432447307913215,1,62.36
0.0332073021706983,0.0257207925247102,0.509367949252523,0,NaN
0.00134458724605554,0.469977932616933,0.406126515805632,0,NaN
0.00297187057355992,0.336972824900337,0.625116942097607,1,70.5
0.0162318326255077,0.447411267550624,0.584643478897529,1,6.11
0.0718199928826652,0.164105656436903,0.453948453932663,0,NaN
0.00278835149626939,0.479376445707304,0.795708583178502,0,NaN
0.00114427934864082,0.190300577029833,0.685267326583077,0,NaN
0.00776229983479215,0.302237850180557,0.539061891663499,1,10.81
0.0146481556684581,0.0815904080199754,0.470681229137073,1,9.69
0.00812722620909494,0.215365037974519,0.521045877771638,1,6.96
0.00693714378102548,0.20790587920793,0.75691350270493,1,28.42
0.00307960394308609,0.373058933514444,0.506987343887475,1,49.21
0.0169880608643132,0.0910265513050524,0.642866434705609,1,9.6
0.0401436186336523,0.464479869988138,0.783288734868266,1,15.71
0.010908387821149,0.310200943872612,0.755361769716559,1,14.95
0.0328069589078944,0.237032148088833,0.498480869163498,1,20.18
0.0202486452906797,0.301482692050207,0.401949102438529,1,25.41
0.01618833455566,0.478112273693701,0.599494880938503,1,7.5
0.00231675330520915,0.35961665482007,0.42519070847155,1,50.49
0.0754068329579375,0.440228803916252,0.714255620917485,1,25.29
0.0431968757455602,0.157103522205724,0.742882601808549,1,16.75
0.0120550487525156,0.416901578567921,0.574180226540304,1,8.46
0.00103214835950788,0.457662596664678,0.639089116164182,0,NaN
0.0261456259175793,0.143445869734446,0.454986709164444,1,21.07
0.0229463503684753,0.0303384479555176,0.574697667691551,0,NaN
0.00148282756055058,0.280353292613363,0.471176081369017,0,NaN
0.072808051916109,0.101518269237946,0.547505756410143,0,NaN
0.0352372040681373,0.351352844477447,0.466537126352018,1,41.37
0.00461609693280938,0.212469141008052,0.683445363618009,1,41.89
0.0215955477185064,0.28001858537463,0.798587275555784,1,5.76
0.00737955331306579,0.445585639864782,0.543303147183256,1,17.62
0.00898029129056969,0.369194119025858,0.797811555908757,1,25.71
0.0351815985776416,0.172463649454995,0.642137800447669,1,7.27
0.00593400746964027,0.198967049749389,0.481545321867386,1,10.11
0.0239589688031863,0.0418654854969825,0.572927674939604,0,NaN
0.00400343968076302,0.25821560270956,0.686766835497979,1,53.02
0.0257985991962855,0.355944148320221,0.766082800027473,1,9.11
0.00563806259731192,0.0752304912867196,0.666186533998024,1,25.87
0.0833432260894228,0.256196516850314,0.55960347620719,0,NaN
0.00859906801155388,0.0666800861632089,0.624487651925109,1,13.37
0.00435993154488762,0.0878790879082696,0.61007910338385,1,31.88
0.0175665619260912,0.392857779501283,0.425173562238175,1,15.39
0.0492752447912651,0.322156358614041,0.432442089633598,0,NaN
0.0750703460983289,0.43234863644442,0.7034895076101,1,24.95
0.0296777760055967,0.327332853092047,0.798410727345758,1,8.66
0.0459014367114736,0.0381647320695236,0.403738103029688,0,NaN
0.00164665050023913,0.174153910877756,0.50758863944938,1,89.76
0.0472288538612196,0.0990152079512858,0.55352181783047,0,NaN
0.0264241485583312,0.383233930507673,0.794897996161265,1,9.55
0.0307868400460548,0.178972828732649,0.615036777699397,1,8.64
0.00276677631694145,0.46540243558487,0.451359997859448,1,53.87
0.0542762638211991,0.170725842863336,0.535254034426458,0,NaN
0.0108362372989439,0.341101361919718,0.406793386393118,1,19.61
0.0694095904796196,0.261024809931602,0.55841563664171,0,NaN
0.0138548799100331,0.495960844109283,0.621878401490205,1,10.96
0.00299007935063118,0.123743687723481,0.719282879247238,1,74.33
0.00808083672568057,0.29092225761287,0.647772700443281,1,16.46
0.035952611941762,0.379662258083627,0.626348018761034,1,12.08
0.0335738411533169,0.369754637936511,0.786162837918399,1,15.89
0.015225029332406,0.287761545430706,0.63987798748127,1,5.53
0.0242639233741791,0.481207594842408,0.576646801610101,1,16.39
0.002089303414828,0.125570115504026,0.708245204944664,0,NaN
0.00445133476909493,0.048540859182505,0.5242622348373,1,21.7
0.0963113747256683,0.0966810412392672,0.498404956679915,0,NaN
0.00307986149925657,0.309539181200951,0.593201609814177,1,60.08
0.0249333381402104,0.487216582757077,0.68616631041419,1,10.07
0.0407548305491811,0.0956712387601166,0.588155355831281,1,11.35
0.0544572677896628,0.0637575842258332,0.718004572656926,0,NaN
0.00131997392608535,0.0577009900740739,0.426337921226372,1,77.45
0.00496255136716665,0.232964862149384,0.751768656570622,1,45.88
0.0202673891344323,0.223976307303785,0.452479826956473,1,24.83
0.00183761052659279,0.273370527377003,0.691645203448227,0,NaN
0.00158947742650754,0.448158001099811,0.583178790353059,0,NaN
0.0822041084280136,0.206508390080574,0.747310682207717,1,4.39
0.069794068699415,0.0204835989316479,0.777983670636474,0,NaN
0.00775356793297718,0.309371177307645,0.596067668156724,1,14.6
0.0549969381944534,0.204441151883903,0.460764627008753,0,NaN
0.028604163321804,0.247980355502393,0.743958927442679,1,3.42
0.00345265059859998,0.275858185512323,0.652303050696374,1,59.34
0.0709724499343198,0.299987883326397,0.746522038686583,1,15.78
0.0780325761647119,0.476048590285651,0.426681791703601,0,NaN
0.00202900641221222,0.253350319748099,0.427210954641293,1,54.7
0.0295385538296929,0.155075826294779,0.467499575258061,1,20.37
0.0220830320040241,0.441051561958177,0.740569355265121,1,7.12
0.0111003590919755,0.401263145192449,0.44019209705336,1,19.42
0.00491327036564601,0.0387572439230443,0.725458427385829,1,37.29
0.00472702124108451,0.416172798525476,0.689985339996658,1,51.37
0.00829055463147736,0.113617352099665,0.535936049173016,1,6.24
0.0319039467940782,0.269086175431202,0.560482330304329,1,22
0.00236244946302426,0.0232000658353884,0.549859780162995,1,55.34
0.00108898969091414,0.192271140484038,0.532339101202254,0,NaN
0.046352447403858,0.345763044157598,0.668935177257591,1,9.73
0.0213909582979877,0.223830198614212,0.654296552769709,1,3.51
0.0239632752013755,0.184328557235766,0.527413956429068,1,10.37
0.0179096034383698,0.0228938475312448,0.77596836501565,0,NaN
0.00862414680829629,0.0761996881721409,0.7754051233975,1,19.6
0.00370444588380875,0.467270203548196,0.789298745917159,1,91.59
0.00206206406484851,0.274016289182716,0.405030178953322,1,49.46
0.00436919801745911,0.182306928887875,0.709250693386106,1,47.15
0.0316533252265817,0.281204325470288,0.552048916248375,1,22.25
0.0014101160700267,0.492685959731954,0.578846696577801,0,NaN
0.00384076343867393,0.0592146561763136,0.53449021742795,1,26.35
0.0144028289531023,0.459317760132929,0.601904889132558,1,8.6
0.036792021002291,0.0353251385494233,0.506706754236799,0,NaN
0.0118910258293826,0.273633557572233,0.775904900333746,1,12.89
0.0157851424986309,0.212345062648271,0.785635738264264,1,8.18
0.00166625115903428,0.471220281618958,0.704402872278623,0,NaN
0.00675356289224577,0.149714960029041,0.485038720298297,1,6.7
0.0362420253683582,0.255818876448922,0.736481452694298,1,2.08
0.00396424649198412,0.295990589523245,0.60759299626119,1,44.95
0.0357127559707114,0.348174270443739,0.651163623462302,1,12.57
0.0170228730893421,0.435316972778655,0.410578552808355,1,15.86
0.0718454176628997,0.107163018408406,0.745905553116579,0,NaN
0.0113354749756457,0.425155031341541,0.415522502096865,1,19.96
0.00313700434316724,0.188273186074368,0.428051118608337,1,26.67
0.0742813221640672,0.0389415605570264,0.49253709407189,0,NaN
0.0863557217583826,0.405290954617985,0.41522735336634,0,NaN
0.00456079202810672,0.465722964090693,0.418369049981191,1,22.38
0.00305975019418267,0.361095218599302,0.412583176628236,1,32.13
0.0110575095496037,0.160202484704837,0.733599567712356,1,11.51
0.00644291318334463,0.0665878172446873,0.455720974663234,1,12.38
0.00181835662445011,0.088063707737524,0.777781270488822,0,NaN
0.0604753368388939,0.12161144864916,0.41069846582101,0,NaN
0.00479923651236531,0.363241070882596,0.481619126905412,1,21.85
0.00135361436287632,0.30218204099649,0.644994176158052,0,NaN
0.0516356208944927,0.096520945561269,0.469379809821842,0,NaN
0.0224313873033911,0.293973847420653,0.480732332504724,1,13.28
0.0132862795703996,0.0587396382374237,0.401644871527003,0,NaN
0.00353301939373417,0.184670592003698,0.572791300262626,1,42.55
0.00102718409489602,0.257845268724461,0.50518389492502,0,NaN
0.00276773856209502,0.463254738217078,0.597797147047175,1,84.39
0.011587383595818,0.443675815916198,0.448133841804138,1,20.5
0.0776697197379656,0.0934598453385554,0.786235248381648,0,NaN
0.0264104889521887,0.250915021390787,0.466903532268617,1,22.17
0.0470995157490131,0.380817617833781,0.5919485322231,1,29.28
0.0368272062216414,0.420169177692386,0.628130144857964,1,12.57
0.0619427641125937,0.243116283973986,0.711065626387908,1,15.94
0.017899010203359,0.478646146557844,0.452520687266283,1,16.72
0.00771815147287378,0.377297988922182,0.47635155254977,1,9.5
0.022903030469273,0.153078886300434,0.574408557534986,1,9.55
0.011814262112811,0.133967679085142,0.748856712129414,1,10.71
0.00557532282809675,0.457069872725629,0.586365858455884,1,33.29
0.0656001592458723,0.349809570115637,0.702766589064406,1,16.84
0.00216640650732228,0.0405274120678294,0.713382784082461,0,NaN
0.00964041453535551,0.418096118340644,0.451783986434433,1,10.72
0.00355844827445242,0.421291265261346,0.631427741665356,1,63.8
0.0752339480325665,0.187547984396286,0.61373663603235,1,49.51
0.00118982931085608,0.148823068545802,0.655923064079723,0,NaN
0.010453415035941,0.38102693772966,0.474961114731404,1,10.45
0.00936767611000717,0.300097729963097,0.495625767262609,1,5.59
0.0013399205656496,0.461103739530821,0.545013261701174,0,NaN
0.0183031786704926,0.30719179380835,0.469641073318789,1,15.41
0.0012884386386143,0.184840763162503,0.676428741045787,0,NaN
0.0923946742459137,0.170170180623346,0.645126490461887,0,NaN
0.00118698355282329,0.232784074953577,0.501331148168476,0,NaN
0.0750886050362319,0.286737296464307,0.418283749877583,0,NaN
0.0714626936015888,0.232420846856963,0.747863757898176,1,14.78
0.0401133747797275,0.343945719476792,0.54289732744308,1,19.99
0.0146168705260888,0.292366525988549,0.672105518128449,1,6.75
0.00817842962844871,0.455440285679507,0.759346623671471,1,32
0.00111578040981466,0.0992624547250997,0.531138220174797,0,NaN
0.00305560875115479,0.0135135604329639,0.721412730432114,1,72.23
0.00257074487759424,0.39835860696728,0.719599900313911,0,NaN
0.0178384100564888,0.250936972103688,0.740018723558689,1,6.12
0.0118514212040545,0.11524326129856,0.789109401763593,1,12.12
0.0128723078605941,0.41897390093893,0.726221477072624,1,13.16
0.0403001394358405,0.219978767983422,0.51692222607201,1,28.76
0.00240767954723659,0.49449462217939,0.603354489234377,0,NaN
0.00606864167108956,0.275168819389496,0.499477965990586,1,13.08
0.0088378195558259,0.111232344102585,0.714309355626659,1,15.2
0.00180305857715901,0.241763103341845,0.687276824978388,0,NaN
0.0172693551186733,0.475893265309358,0.693935972087487,1,9.41
0.0589029074117915,0.285198690213621,0.491105052390287,0,NaN
0.0355311281350533,0.261875634968513,0.567456426957341,1,20.4
0.0153398465516425,0.35163474905053,0.796110149597697,1,10.56
0.00219136115222476,0.0866037533192045,0.452316116640757,1,46.27
0.0283607523747065,0.0423496176716001,0.55011140053021,0,NaN
0.00102638064758038,0.200660781493099,0.414406404226079,0,NaN
0.00136529990203416,0.331519027935867,0.701063367735011,0,NaN
0.0042038552591615,0.176242875582535,0.598956762869942,1,35.97
0.0225844821212625,0.339289128431542,0.72335659859109,1,8.83
0.0139902097207355,0.466054371937315,0.655567054924794,1,11.07
0.00147952252382587,0.495431918802771,0.421820669444336,0,NaN
0.0234725246249062,0.481012811868655,0.562172637509654,1,16.6
0.0474006563168584,0.208959956215676,0.797996641565677,1,6.89
0.00549482698764925,0.130536221940196,0.56659067738708,1,18.97
0.0391698990434162,0.397982552182378,0.412843468497142,0,NaN
0.00785057825540664,0.0266874498232658,0.407386123568752,0,NaN
0.074771817783813,0.420382810874671,0.718399318911797,1,25.2
0.00324794799113627,0.108643006358456,0.745072234719541,1,70.44
0.00135210699347287,0.0392438934606747,0.787471980777201,0,NaN
0.00180154066018611,0.122475109539353,0.413231359907175,1,53.93
0.0505600456190596,0.343217045339309,0.411318527150854,0,NaN
0.020259357701409,0.148288713197197,0.568795980188668,1,11.01
0.0858226482992619,0.461581614468111,0.516940169803368,0,NaN
0.00227920539599011,0.391913111636842,0.434525878966367,1,56.16
0.0660390393906307,0.103248824180386,0.439671829615809,0,NaN
0.00175422373985253,0.0337281152664758,0.764009472711955,0,NaN
0.0132266239414049,0.183295022728524,0.492708578951018,1,16.83
0.035228737944372,0.290921404666563,0.521107524138664,1,20.27
0.0731400230888862,0.0167936777866717,0.506864558642379,0,NaN
0.0853519937561666,0.42076979659576,0.409153253563017,0,NaN
0.0290609842702489,0.204977181425766,0.606091551228224,1,10.61
0.0117140482123289,0.281083002591771,0.793296968553682,1,14.23
0.092186580867526,0.32424242529679,0.534650183161794,0,NaN
0.0174035417039155,0.44415531344046,0.442683850687646,1,16.53
0.0339766215136807,0.436851088605633,0.635531273413105,1,13.61
0.0187706730624849,0.376416004502176,0.450500530654918,1,15.28
0.00958905934099199,0.452748031747393,0.533502377220252,1,11.67
0.00645035628104138,0.120438127354481,0.705604532634277,1,25.51
0.00509526695991284,0.480452935985632,0.64495780994438,1,48.29
0.0148109239152102,0.112146819240113,0.430686145962472,1,10.54
0.00118525816255271,0.139242164996547,0.633486912887808,0,NaN
0.0276617525557895,0.449291976794113,0.47010839048886,1,24.38
0.03057689231733,0.068113432886131,0.590716291910608,1,12.86
0.0821875659441663,0.271439939674233,0.654041690539372,1,48.04
0.0310667504232285,0.129087480817689,0.65153543840695,1,6.82
0.0866069628684789,0.427738859933766,0.668342878433017,1,72.39
0.0136587173661407,0.0114041696536183,0.431985682847961,0,NaN
0.00177364908985335,0.175328602970742,0.642800026677377,0,NaN
0.00182557242195314,0.294991032954322,0.747201437603432,0,NaN
0.00231992421200842,0.188215127165655,0.435622611314123,1,44.64
0.0299512589306807,0.310223939890357,0.770640645881238,1,8.19
0.0127600001608154,0.0125708861994095,0.581386590773317,0,NaN
0.0220918921591024,0.186717682949184,0.410028611075242,1,21.31
0.00739408907037198,0.341907849340829,0.5513900007294,1,13.77
0.00290286618954145,0.271144989281341,0.420771155163817,1,32.04
0.0946780227787743,0.218775381849936,0.457113167977216,0,NaN
0.0555822385076315,0.425564443423837,0.771228200408634,1,2.02
0.00112584530190511,0.203356158159646,0.550805918287626,0,NaN
0.00248959218696498,0.389624763244357,0.540877874377869,1,72.9
0.00167101219706384,0.347794284336407,0.484817286943919,1,93.66
0.0531566110391125,0.471810086727777,0.742065652257261,1,12.53
0.0488406656316715,0.0716784885236237,0.491796455074101,0,NaN
0.00419252356026093,0.405344414245385,0.510589505850191,1,34.02
0.00135476881887822,0.196495851707301,0.567390652534346,0,NaN
0.0201504800646023,0.474103196069647,0.716102750834381,1,8.05
0.0107565265336025,0.487887385371419,0.452297879310663,1,7.28
0.019420721495695,0.270592893167994,0.452747665438759,1,13.96
0.0245774678860785,0.209580623836852,0.676688569740304,1,2.31
0.0347469169224488,0.157862428649452,0.732831704019537,1,7.14
0.00538611872965236,0.493565471037217,0.644869956370323,1,47.14
0.0258539720495296,0.0838623534259794,0.790280142670267,1,8.16
0.00302716899779899,0.385626970062797,0.470944817509687,1,44.64
0.0561498518423549,0.453199280026545,0.693519352423978,1,9.32
0.0453603827483477,0.141190030528802,0.74072989014899,1,16.17
0.00317731904127407,0.440979275530294,0.421500462122004,1,36.63
0.00183305879084749,0.428347220308324,0.781176934603551,0,NaN
0.0123846354073919,0.157430632916318,0.420763709918449,1,15.06
0.0025660960098964,0.223980628286462,0.478708402148583,1,48.43
0.00236729262116703,0.0541734600057524,0.401808374036755,1,28.36
0.0766612731727395,0.329161537974751,0.638289643150002,1,49.01
0.00567082441342805,0.323699402664118,0.579670016083249,1,24.71
0.00769811941169871,0.014307138636911,0.486674387035136,0,NaN
0.00150252702799498,0.176290438079123,0.456056254816609,1,84.28
0.00386657139590301,0.0118282473135676,0.719066141398282,1,58.96
0.0039100117941031,0.358562654736656,0.577398896446695,1,44.34
0.00140411483604505,0.138410491641061,0.51009676407364,0,NaN
0.00126087824971118,0.398174202217755,0.520169916410382,0,NaN
0.00201243770777008,0.174684859672494,0.74494563373669,0,NaN
0.0119852108752982,0.161677427758365,0.612348459653593,1,5.6
0.0484579958210887,0.399303940558801,0.424307073936212,0,NaN
0.00172469058945621,0.466209271821114,0.703703681299232,0,NaN
0.00566729639958071,0.0717224719323249,0.520000640478298,1,12.65
0.0360592863012686,0.331546597786852,0.738673494427408,1,14.17
0.00608644042274918,0.352426736694291,0.591491559917226,1,24.15
0.00131595737657486,0.279101926200994,0.638011222680407,0,NaN
0.00140335292563658,0.460413076551086,0.593032343650711,0,NaN
0.0162246782088743,0.177974561224712,0.616286325965179,1,3.85
0.0204845767729913,0.390624417865315,0.664592842014081,1,9.62
0.0358624208817654,0.293131825036897,0.514978331883753,1,20.15
0.00176687344547488,0.265605617610247,0.588241727341379,0,NaN
0.0341412296499975,0.422507825139328,0.462140653297989,1,43.41
0.00502361458478046,0.0335286030328316,0.705436065858192,1,35.84
0.00386018088429989,0.235341742164777,0.419414229705557,1,17.79
0.032011232117185,0.375219729919126,0.770411446502255,1,16.13
0.0613057046626008,0.0811545013660991,0.538793368618747,0,NaN
0.00901714443516275,0.079467193704406,0.74047533263205,1,16.52
0.0113815478670131,0.463740103512893,0.616563776105078,1,12.86
0.00356728897022137,0.422617033390654,0.471858294845261,1,37.44
0.0168722300887366,0.0865911799823657,0.713643494338364,1,9.15
0.00172470835886073,0.319216035142287,0.692521178256996,0,NaN
0.0635954366970733,0.487248424863509,0.449786913064065,0,NaN
0.0162076622359038,0.0488113944501577,0.749643761639509,1,12.48
0.0831321381486065,0.425299628655232,0.686071227551284,1,48.74
0.0014732099907049,0.104875142358666,0.430057602155551,1,74.13
0.0732089005256879,0.480919141311094,0.786096535075189,1,6.76
0.0197469255626572,0.346584351643145,0.455317298752968,1,14.39
0.00281460706262364,0.209671328348712,0.681401125366024,1,77.75
0.0432737629862492,0.497843915669064,0.440554071999988,0,NaN
0.060646191850572,0.3460621478268,0.558067954738537,1,60.95
0.0555610128074196,0.197308805421952,0.578394518193432,1,17.51
0.0390557737027673,0.443664393336881,0.483115166155196,1,41.93
0.0064481439808014,0.348800683874431,0.648070507752484,1,26.86
0.00310002954432636,0.0815699122888739,0.418599079492374,1,19.81
0.0819118934179896,0.0947597530640754,0.504055440097416,0,NaN
0.0031707264257203,0.308373020896601,0.643423519183845,1,66.21
0.0017658222208803,0.394650638404144,0.404514008495699,1,68.25
0.00589567994404576,0.325362499628035,0.760596707154616,1,40.77
0.00141883224145994,0.385984786585828,0.755251836654324,0,NaN
0.0132272567500563,0.182781389102143,0.785598420787105,1,10.52
0.0280383077867058,0.426282094717828,0.740712425180271,1,16.93
0.00136276941020999,0.4735077358433,0.67867449598321,0,NaN
0.002064245496943,0.152128078996706,0.478874108480223,1,60.85
0.0027082981521018,0.155095273642931,0.502991119700555,1,46.52
0.00370990559464946,0.267752712790061,0.528355955539023,1,36.53
0.00188448211895871,0.0474801171299286,0.754036022038364,0,NaN
0.0602625067636581,0.3364633929569,0.400508065067088,0,NaN
0.00108122053141937,0.254180534576305,0.774950659542225,0,NaN
0.0201825906467571,0.351663147693154,0.711327807851025,1,5.49
0.00645543522361587,0.280276106123232,0.606959176469793,1,20.63
0.00204388708920998,0.274901440241712,0.509460687973109,1,75.2
0.00744059085919054,0.442406627272283,0.475188193364239,1,12.59
0.0400391734788483,0.187896303136528,0.752409539005983,1,7.2
0.00650972859164318,0.0129174361503983,0.635818691676782,1,13.91
0.00670539287463052,0.0251625164769258,0.572953131574276,1,19.74
0.0889938375951651,0.443870739866592,0.490699872165792,0,NaN
0.00255429100028245,0.259825864042961,0.728608546731098,0,NaN
0.0291747884885756,0.104046149267647,0.755928224714772,1,7.17
0.0277693744219899,0.378607920564423,0.561560506600219,1,13.42
0.0119703219768513,0.214249867932638,0.794636232827223,1,12.92
0.0491364179360931,0.217616625954611,0.428391288891444,0,NaN
0.0250854683596154,0.332160563635251,0.546921788202079,1,13.72
0.00406911173211027,0.144052707024925,0.457979804708248,1,18.13
0.041843829123251,0.0648387943410756,0.793282268737079,1,11.88
0.0242611493902541,0.239204997612747,0.552164130022788,1,12.97
0.00250182975708591,0.0613405984668162,0.411357304362811,1,27.5
0.0025899031193723,0.13911633773838,0.794953398236898,0,NaN
0.00520196611218973,0.0362259824788436,0.434457283213511,1,18.11
0.00184342236517039,0.418952877131993,0.411612525403727,1,69.18
0.0985769742165614,0.101315175269209,0.780204854480486,0,NaN
0.00284123843512002,0.475762817980806,0.783764616003848,0,NaN
0.0563954893136703,0.137632655419306,0.553468623794998,0,NaN
0.003607818783965,0.47996011696868,0.652268008032222,1,74.13
0.0307010643104894,0.0555779937528151,0.480912446039435,0,NaN
0.047303446512658,0.344029437007569,0.611772128640493,1,18.99
0.0149455097010043,0.238485688806718,0.528949503564886,1,17.12
0.00118433680350944,0.323376096871026,0.406994915700156,0,NaN
0.00138914239220706,0.0370173535150716,0.425593433906391,1,66.52
0.00813821578731775,0.482739913166383,0.433262500642387,1,10.09
0.00263400651162115,0.478535818522327,0.603454364483693,1,93.85
0.0221971052418885,0.499241961615265,0.787964242294607,1,9.45
0.00123456936813689,0.0474877431963103,0.484677390380267,0,NaN
0.014292962469701,0.257798119017052,0.780063806135543,1,9.55
0.00268591881082239,0.225328692758761,0.64080163615866,1,75.48
0.0185475099234103,0.339557766583311,0.529543190100382,1,16.26
0.00147560935861923,0.18423454901503,0.461032808915234,1,88.02
0.00543185353607665,0.372011746501598,0.734965202438446,1,45.25
0.0608743962246506,0.0722535628992793,0.429331360456317,0,NaN
0.0094215656021901,0.125055066229843,0.706880036109431,1,13.35
0.0104036768582977,0.400249624729363,0.523441846494343,1,8.23
0.05290558826738,0.405490024203984,0.700125248617021,1,9.5
0.079381813510309,0.281114641268103,0.718257007861392,1,23.52
0.00240272009633845,0.375460375098479,0.424793196414472,1,49.42
0.089841502736237,0.37576080749913,0.443689892420557,0,NaN
0.00431066128879202,0.388929515382573,0.797719604023507,1,69.44
0.00677366639054509,0.369647328710111,0.726208176191415,1,32.44
0.0335236246346957,0.228857754669268,0.630470780892988,1,10.23
0.0401040918649194,0.313280564215274,0.525913084815925,1,29.45
0.0103501558544148,0.383981314507218,0.498293860921959,1,6.79
0.0209560407242942,0.0820394574380427,0.45187946618321,0,NaN
0.0502914909566668,0.0458832899829326,0.480625655871246,0,NaN
0.0850959878463404,0.301939782065731,0.670924877095835,1,39.33
0.0395256790366742,0.404666519700586,0.700422817625012,1,13.43
0.00352245100097637,0.144197904172191,0.565149568299686,1,40.13
0.0233921600100269,0.115278626374063,0.513844344951756,1,8.65
0.00252036289634811,0.223032714697635,0.623904828302794,1,77.78
0.00132696387929806,0.308853853813967,0.715478117970228,0,NaN
0.0888723818598266,0.49460229108494,0.648613532960947,1,74.78
0.00777949808509882,0.428793052898059,0.415739385467796,1,8
0.0559740115107223,0.168375727576138,0.461983867793107,0,NaN
0.0664126511233347,0.182546513784997,0.55991944462295,0,NaN
0.0614103975239112,0.205107280485655,0.589973249750919,1,26.06
0.035439352330492,0.346880138933168,0.663997044888621,1,12.75
0.0010449393026046,0.406189384704372,0.527187452457562,0,NaN
0.0535347525869437,0.457979261920908,0.439010393898328,0,NaN
0.0222738269676523,0.479320702901709,0.746005622522731,1,7.87
0.00456967744163193,0.282520356937201,0.580541755766953,1,33.21
0.0496491642296751,0.0530862741908017,0.532630600371871,0,NaN
0.00375455331280246,0.0499871626174799,0.455966252109694,1,20.13
0.00437265988620425,0.415731692124262,0.621916865926271,1,47.45
0.0138559200712524,0.392041472017394,0.750968166524746,1,11.84
0.00461586160092041,0.284145794107817,0.684281164868015,1,44.71
0.0387646876681094,0.469461463458464,0.446988135219786,1,63.37
0.0125608435259985,0.171660281658104,0.445830813747413,1,16.41
0.0318973194769531,0.328864501874766,0.645245658990544,1,13.19
0.0349061693641672,0.0896860116578972,0.709204671844692,1,7.1
0.0154407892611407,0.428777514147376,0.61707816951079,1,7.26
0.0961262433631281,0.138935652687817,0.598298634191115,0,NaN
0.00107217074120204,0.0759370405183565,0.532269323718443,0,NaN
0.0399976582894613,0.407071506988508,0.691040546300791,1,13.22
0.0242298167037121,0.206076825194931,0.727740827633517,1,3.63
0.0210162354079971,0.458517213983561,0.656614041757368,1,10.03
0.00237845779299246,0.0165953779496914,0.745442123958364,1,91.03
0.0120067081422931,0.139688914714366,0.472470655795993,1,6.09
0.0370808496643358,0.264130925162339,0.680346787396926,1,10.75
0.00452045322384729,0.135206542148567,0.766048909301663,1,49.96
0.00190141711388246,0.0965168774974502,0.491562187969086,1,67.23
0.00314819618685658,0.291625868334961,0.656873731262069,1,68.2
0.0274893745392573,0.299207727463801,0.544274513908156,1,12.38
0.00280330302015841,0.174431285437413,0.591207399148945,1,60.41
0.00152245095115524,0.217966466186422,0.648718195551167,0,NaN
0.00150503726925961,0.0830881021610152,0.45981208509322,1,79.03
0.0409070130646713,0.342204728028786,0.621146728709555,1,10.32
0.00349403317114835,0.206009111616947,0.629578333668969,1,52.21
0.0139196668634489,0.307185394003109,0.765236583584697,1,10.01
0.00834995118280009,0.492763220502932,0.407231474670044,1,8.43
0.0240543991281165,0.256907612010815,0.68566458529798,1,6.99
0.0126534677092508,0.49641931221209,0.507521487599007,1,7.73
0.011922525682214,0.0389563937665507,0.500604352309143,1,7.77
0.00191347023093628,0.248972938687036,0.521763952182934,1,82.96
0.0181942964186738,0.177624102680184,0.735615493490567,1,5.86
0.0968781123971212,0.130552969307493,0.591405615739075,0,NaN
0.0127470501406123,0.366027889754692,0.411668395638873,1,18.07
0.00323725566299177,0.322970550120757,0.551260271874085,1,50.55
0.00155904029719789,0.28356040243903,0.701889723947504,0,NaN
0.052108809699402,0.214401855176808,0.598736568078453,1,17.16
0.00130851970274031,0.301680298395121,0.655803784251877,0,NaN
0.0221552013508433,0.247694535419106,0.451573658844711,1,24.18
0.02730703689441,0.385838582824654,0.449221960609155,1,34.56
0.0724334292779648,0.344855570783749,0.413465601441464,0,NaN
0.0138173371018776,0.270343224565194,0.481345986906005,1,17.6
0.00738349556034687,0.347759183394952,0.505807878086929,1,11.04
0.00613874921901608,0.392881262083976,0.769339949386299,1,42.81
0.0811522696491214,0.201109118824654,0.666433579831206,1,16.99
0.0133599218752833,0.460103661242351,0.547361567425092,1,7.68
0.0705634348021739,0.402191829488225,0.759326957645807,1,16.98
0.00251225097555178,0.212413975381759,0.481305968836538,1,49.77
0.0693335906009431,0.0113521055075925,0.79342026758377,0,NaN
0.0126852660195377,0.390297951826279,0.717733281778514,1,12.1
0.00132830343520089,0.358594506142427,0.425045137722024,0,NaN
0.00100849245239518,0.307125828198517,0.49872484999434,0,NaN
0.0953076024377606,0.385434107275298,0.570172361868164,0,NaN
0.0864628685144856,0.0444237145005145,0.449803122911863,0,NaN
0.010760706883041,0.439839386209845,0.49614744922754,1,7.35
0.0170770445359346,0.0485986124325545,0.654240279434618,1,6.82
0.0344643320327254,0.342933562787064,0.735841052913609,1,14.86
0.0121908598799416,0.0367738112653226,0.432794841256856,0,NaN
0.00110828870437987,0.167838654271946,0.49775335987328,0,NaN
0.00475077409989385,0.0936072335872693,0.780381081028182,1,46.68
0.021011511719462,0.253957468684508,0.548080476782417,1,14.76
0.00330447633005528,0.238186343896221,0.757091178039514,1,77.04
0.00123712160903582,0.34334205992317,0.612379696619771,0,NaN
0.00162436210026899,0.342315769436106,0.519328185677836,0,NaN
0.0363048223822621,0.239083683340554,0.672917839835507,1,10.11
0.0102003924518644,0.415536435127514,0.571228706720053,1,11.04
0.0066976487832986,0.320768709918961,0.690681251027265,1,28.02
0.00841166468708716,0.184594892834058,0.528619250671335,1,6.52
0.00487277202579769,0.335383309460551,0.658399282104936,1,41.15
0.00226925333567296,0.298797758050246,0.738675616198132,0,NaN
0.0398067469569597,0.155311106755845,0.418324067948621,0,NaN
0.00436383369008119,0.400086701199831,0.55828382630305,1,38.23
0.00106944191077883,0.496024247549989,0.620365413194985,0,NaN
0.0528130724669589,0.430996630367852,0.637523737066924,1,19.12
0.00614316746626171,0.390754406257935,0.441961055889317,1,12.23
0.00612265178162009,0.488233247409654,0.604195935595779,1,34.72
0.00786642985193339,0.282080705517369,0.790174384134587,1,27.65
0.00155365620408698,0.433398285068349,0.457170898505772,0,NaN
0.0122709764097353,0.180387591657133,0.429101035205328,1,16.74
0.00144634414474216,0.483043930581921,0.512469190270126,0,NaN
0.0119441670937683,0.0814427393881839,0.465218248627673,1,11.31
0.0223397076925615,0.239790990500989,0.506125735372461,1,12.79
0.0150778513908501,0.0710268191277071,0.5007062793825,1,8.92
0.00468102998224564,0.182038082872272,0.60910954370228,1,31.99
0.0102180251617184,0.0215322114354334,0.560671855275611,0,NaN
0.0845106913575399,0.0734987959936766,0.645187759427255,0,NaN
0.0114400444838895,0.0539319960406933,0.523464838685279,1,10.56
0.0276827135536654,0.229233383966843,0.775985162807091,1,4.32
0.00117660039430117,0.371562587879165,0.655652794013442,0,NaN
0.00159295495678212,0.324391577456449,0.527436256816054,0,NaN
0.00320236908143043,0.049681259812493,0.760858142865556,1,68.89
0.00336707396280268,0.252504801440208,0.555245210167339,1,45.5
0.00129856260946171,0.138926940570049,0.679810971682581,0,NaN
0.0477392117069624,0.396471097299746,0.516920947461111,1,47.29
0.00276102663103707,0.247470799549357,0.49339140953502,1,47.31
0.00238925956425895,0.163999713256074,0.798170945854629,0,NaN
0.0113928667686532,0.426740574497111,0.737561918772832,1,16.88
0.00431394943942033,0.335786952328263,0.547846548217707,1,33.82
0.00266394862660515,0.40705871818937,0.441049319469542,1,48.32
0.0354238444505189,0.228746872070093,0.554620468593008,1,19.9
0.00112129257579675,0.242373254977285,0.718716487737685,0,NaN
0.0343281055436847,0.499578629923969,0.513221372458067,1,23.96
0.0306118741141181,0.0271812194740431,0.748143784926233,0,NaN
0.0439593376609284,0.0635535919854578,0.746646694417771,0,NaN
0.0183962736545558,0.0118579694391829,0.664105313346184,0,NaN
0.0734884017384061,0.113135929320786,0.573978659733458,0,NaN
0.0228972140891344,0.234068536658621,0.444011441345517,1,23.14
0.00299169865550361,0.486148800423057,0.574150925940325,1,77.36
0.00607169364349157,0.444836180536898,0.781108476738103,1,48.13
0.00280365288357057,0.384030740175969,0.440021100239268,1,43.44
0.010810767947898,0.0602139746388532,0.408568398491558,1,15.34
0.031576483433441,0.136756221875865,0.413561210784283,1,17.33
0.0132672669855305,0.275439009131405,0.752779291491545,1,9.97
0.0791709561106768,0.484658179555991,0.700990060918385,1,25.74
0.00149612934712089,0.372018817012142,0.505410005644842,0,NaN
0.00200269388575806,0.346083462316751,0.724185947931785,0,NaN
0.0255424204011728,0.163768677132601,0.594811368112905,1,9.25
0.0875634537594267,0.302081749451289,0.421740462070161,0,NaN
0.0142661967986596,0.291442368339323,0.629777206127742,1,5.75
0.00117453507402019,0.30445077844441,0.454406538640651,0,NaN
0.0239495220765096,0.212780041263551,0.509179729702572,1,11.09
0.0340954716071461,0.492939488271406,0.498766155272058,1,23.32
0.0632483550591032,0.336663318987598,0.614526575175113,1,34.5
0.00150849416617631,0.336791056545789,0.617353911345383,0,NaN
0.0291397797784013,0.0236162437579842,0.783917112591778,0,NaN
0.0387836459583169,0.446423365076877,0.758101229592553,1,15.17
0.00364392122452025,0.272256660473108,0.536960295367579,1,38.85
0.00707294839355449,0.242486112938617,0.403431855133854,1,11.43
0.0161861035469747,0.361813506262676,0.564214399986879,1,9.58
0.00356413526477395,0.29953235861683,0.791442435522687,1,78.78
0.0596607544506124,0.0309652084959255,0.748261341860466,0,NaN
0.00218087353656061,0.192255784238642,0.459549574153954,1,54.23
0.0504581212902229,0.0897832156176215,0.638088249925873,0,NaN
0.00313029343164278,0.0316152873454309,0.636044404132896,1,50.08
0.002323608750476,0.117059545037871,0.691377997491448,1,93.81
0.00244022866019321,0.0623994454716537,0.581243022628217,1,62.04
0.0593660959035911,0.192259934458159,0.473504227182445,0,NaN
0.00214067207500192,0.114608439866363,0.617109916758458,1,86.56
0.00881215787671319,0.229653594427593,0.729043262402988,1,17.89
0.0124686227390272,0.440958182358575,0.662564509057217,1,12.26
0.0420956901892281,0.264094808867204,0.570143052024493,1,18.86
0.098948149599953,0.324594670018291,0.473709049163659,0,NaN
0.0337560792988461,0.249309931444072,0.603694187437747,1,10.47
0.00278304786705826,0.340548852927634,0.690116658643827,1,88.8
0.0482720552789947,0.197711620012343,0.538465285899095,1,27.68
0.0893598499195984,0.487880483001239,0.512869695200183,0,NaN
0.00844615053609699,0.305063510974032,0.474777966217015,1,6.29
0.0328722319455443,0.0708419055488133,0.679986024738392,1,13.77
0.0272960100409128,0.24507643073731,0.673248375142796,1,2.26
0.00914923579584992,0.114263727469325,0.456168093757484,1,4.24
0.00119633083863053,0.4997094927009,0.752319030665927,0,NaN
0.00265858201492271,0.47483038361369,0.757144175927629,0,NaN
0.0179354744679957,0.491154884377639,0.501818796793816,1,18.44
0.00311320345085294,0.264195882630741,0.597936418419892,1,57.77
0.0213674372762133,0.0412403955641757,0.46737740941555,0,NaN
0.0034645872612371,0.35597830453315,0.743228085187417,1,78.02
0.00250006023148498,0.021009952587462,0.623252131000994,1,64.59
0.00287025606539385,0.460918166787177,0.51003924006486,1,62.88
0.00107720215108355,0.263893339889121,0.502424032337794,0,NaN
0.0828743890185651,0.488478019230242,0.759511960324817,1,16.38
0.00151078861754661,0.423817689658573,0.552386107604735,0,NaN
0.00741886822348314,0.36904132984671,0.673029437607507,1,24.22
0.0229421010895014,0.080169848075553,0.522842132804453,1,12.52
0.019771538607453,0.256933072334321,0.693862857616196,1,4.83
0.00230306037978976,0.0432371857911054,0.797878975691444,0,NaN
0.0205298442349678,0.235623505917047,0.624296579479665,1,7.18
0.00391872365571002,0.407987660594072,0.710545467399265,1,66.8
0.0203663008237609,0.0983161951176755,0.736765800337061,1,8.64
0.016716979393764,0.307889561599172,0.590982336365749,1,8.92
0.0091311928107544,0.195357888361507,0.746537682305721,1,17.4
0.0128644698901219,0.235898650208886,0.520650846274491,1,9.12
0.0276980499362941,0.292220533435007,0.457677785586821,1,22.05
0.024962456929216,0.108042570581169,0.511813773925636,1,8.93
0.00260241930907561,0.103396081469892,0.568771876936268,1,58.76
0.00453852042971018,0.0779564478409954,0.725504312502748,1,42.54
0.00145912382736851,0.245486812571252,0.426796708347976,1,82.4
0.00474448606204714,0.165555019987847,0.525831295395752,1,21.58
0.0461496374978922,0.330474766972595,0.568088172938504,1,28.69
0.00474273171089035,0.43836509686803,0.619877143128571,1,44.25
0.0054493495572601,0.27557157680655,0.500289449482053,1,16.56
0.0014067766253087,0.426361220573302,0.746105200743016,0,NaN
0.0014406008508019,0.473042566179788,0.406126965216742,0,NaN
0.0026233184918791,0.379383789798778,0.549146201366315,1,69.65
0.035111329350202,0.419764985434462,0.743236962687242,1,15.47
0.00446880803957387,0.180564872681713,0.787044157432685,1,54.51
0.0149337436940304,0.286413201327035,0.48855556994451,1,17.25
0.00139167342256472,0.165186569203928,0.681980750762936,0,NaN
0.00242736668586896,0.0546068490092777,0.473895121982993,1,39.74
0.00231972900570536,0.0866718056991815,0.508944846144319,1,54.14
0.00110890501229934,0.0272974869544109,0.428384071227676,1,86.53
0.00869656249359803,0.310504569436179,0.508376413281802,1,7.34
0.00109310822486989,0.0961032530933434,0.724437288520679,0,NaN
0.0313643511616704,0.261490463362233,0.76709827681872,1,3.38
0.0843938862588048,0.392026468946277,0.546188531792264,0,NaN
0.0294930352203823,0.183934588470762,0.749427963518556,1,4.35
0.00469535897879723,0.216964150613748,0.60569931917411,1,32.37
0.00892630569463855,0.0661335327514544,0.714702282381483,1,16.1
0.065144499582414,0.0803784687370085,0.594582416397449,0,NaN
0.00833931285048787,0.225395096904539,0.663018826864179,1,15.45
0.00394163650653362,0.0667970648687451,0.539646490259507,1,26.25
0.0561283341369961,0.0124789282887614,0.466630482544699,0,NaN
0.00198816661948249,0.370195200520787,0.427959168432479,1,63.65
0.00446010557022957,0.470411743646163,0.752373782804271,1,69.67
0.00719280107140446,0.236981820337863,0.687131775178947,1,22.32
0.00991019101354039,0.272611361831985,0.780113496693597,1,18.06
0.0020720410545602,0.41057960396984,0.694290917223636,0,NaN
0.0279884485384374,0.397896191129677,0.4054733427136,1,45.34
0.0323321053645547,0.251296993677467,0.534961751840068,1,21.11
0.0439730137884443,0.356180657357058,0.577024636875173,1,19.63
0.0100489570941959,0.409853106892818,0.726469204685429,1,19.06
0.0658022108060222,0.0902231487060861,0.633609124334867,0,NaN
0.00456652540756548,0.151918859431587,0.541676008106197,1,24.64
0.00361022137328876,0.366257954141193,0.679342419313086,1,65.42
0.00136971111040761,0.43490585451023,0.434119786422887,0,NaN
0.0347025021001672,0.48444390844469,0.650030086646214,1,14.62
0.00100302438688481,0.0812401976299703,0.525540015159435,0,NaN
0.00777398400233444,0.284133728505946,0.768848895338202,1,26.61
0.0015085608021814,0.181139995437336,0.605224501719483,0,NaN
0.00197553528547228,0.384253902358425,0.55535732480095,0,NaN
0.00396729621700522,0.198682862566342,0.509004563340439,1,28.18
0.00839049468536724,0.015651084950915,0.495550356809997,0,NaN
0.00803957461419209,0.0790113940436433,0.550326022067677,1,9.91
0.00462111018737306,0.268154477286058,0.620559886335694,1,36.64
0.0132103405032142,0.11532842842472,0.459650428944431,1,11.7
0.0382657325588782,0.171033341835007,0.661470358743408,1,6.81
0.00367391674890513,0.407340630693994,0.673171307433883,1,66.2
0.00918856232018057,0.265123360715553,0.620723816608126,1,11.18
0.0536844824607223,0.079781424907393,0.536744798631397,0,NaN
0.0112873279475352,0.130908678291353,0.474589621035785,1,4.38
0.0261830475941967,0.197477617304157,0.737731572551337,1,3.58
0.00106878197211694,0.345719944268852,0.523933626985089,0,NaN
0.00279508526631481,0.168552750297057,0.699820815722268,1,79.35
0.0421491194280674,0.478128392479976,0.406225156306425,0,NaN
0.00793066784300956,0.106591843806237,0.501568576734633,1,4.98
0.0859023708628004,0.295503594552941,0.637482391323481,1,87.15
0.0171563189808575,0.243265570359935,0.648727033190523,1,4.09
0.0244988069087558,0.312613425299064,0.549619767618932,1,13.77
0.0326068820882274,0.159291938650838,0.551517744450624,1,19.1
0.00637037836723439,0.258442404280146,0.646019607628559,1,24.04
0.0087142056827731,0.107017485525023,0.601689898956966,1,8.99
0.00911934748689997,0.078227476941216,0.587112182438491,1,10.61
0.00433304414315745,0.0306584809387195,0.436515119402337,1,22.19
0.0324751314899304,0.497729265207988,0.647349672426499,1,15.93
0.00110961322125649,0.145299719122355,0.613588626055232,0,NaN
0.0201470280631228,0.413513973815824,0.496387758441893,1,15.53
0.0326743512348925,0.318166700864383,0.46386247130177,1,31.11
0.0263969388984541,0.172600124594977,0.494512146412439,1,21.04
0.00731509663535343,0.170364677470007,0.606056396579464,1,14.12
0.0684969850318381,0.401408307351279,0.61714657291479,1,42.63
0.00356913656316806,0.0782445005902781,0.760602788487106,1,63.1
0.0126466470938848,0.472405860877613,0.426016433033144,1,19.58
0.0515324258049117,0.0159383693512631,0.456005934303587,0,NaN
0.0250106313378114,0.3229481058948,0.731953455863735,1,8.61
0.00857739434147608,0.0784949803715834,0.667574791152323,1,13.94
0.0259371274331216,0.463714866741914,0.75405530654493,1,10.23
0.0255325954857596,0.32526720621289,0.50261700200345,1,12.74
0.00615887179985585,0.370452155352628,0.7055169511639,1,35.41
0.00618342797030022,0.0405148286268626,0.680103470475173,1,25.82
0.0836428445495041,0.419437020205806,0.497689226827312,0,NaN
0.0342365110843135,0.454295287945543,0.527490618661809,1,22.94
0.00192954834518436,0.380150632768183,0.638617332643091,0,NaN
0.0153082707024721,0.0329841908552613,0.745197884987815,1,6.03
0.0494263909869911,0.0490286812531684,0.498844482967938,0,NaN
0.0586985127224159,0.04542225892252,0.725830118363102,0,NaN
0.0418166684389632,0.191419864783285,0.720137908116508,1,7.04
0.0209871928496149,0.0974897173560554,0.677717474477375,1,8.15
0.0289074885945192,0.495130646363396,0.553405900853185,1,14.86
0.0117427538999989,0.0473376518198854,0.429850462961765,0,NaN
0.0882753297247346,0.19857372341639,0.55009040721213,0,NaN
0.00307262864072412,0.359406707245691,0.538356443436616,1,54.11
0.00493339691129174,0.380272383505018,0.753953880284528,1,53.62
0.00681363454667304,0.0459730432916436,0.621117430390308,1,19.57
0.00996805372346488,0.119992148510071,0.5912912364968,1,6.12
0.0119988936850383,0.30542770583482,0.514321048474221,1,9.65
0.0145183393051322,0.264561022609301,0.591276507839169,1,4.3
0.022531020165999,0.201509459731988,0.768224342249418,1,4.7
0.00107839268272457,0.152818155238371,0.785451890717493,0,NaN
0.0361138295049452,0.118812829752407,0.731490764974348,1,17.17
0.0715560730405261,0.158331083644477,0.745943099131891,1,11.08
0.0121679800768536,0.378217169878183,0.576916594835833,1,7.62
0.0155272706161837,0.438801796885532,0.790987790975225,1,12.79
0.0382255790357181,0.297380340771387,0.753200816363973,1,3.08
0.0190122104758303,0.261030766156005,0.619964872820768,1,7.93
0.00198071749140484,0.172261499305445,0.53152529991488,1,77.7
0.0163248527143317,0.366302062272144,0.547655582652449,1,17.42
0.0848503107529004,0.0133509175280856,0.455566111822008,0,NaN
0.0285620967151155,0.363029648647446,0.766138135267047,1,8.98
0.00932066780757879,0.253867677953695,0.654926072654915,1,12.59
0.0588152558449754,0.211701920802337,0.509526350453565,0,NaN
0.00690188490650199,0.453566537807571,0.583089825252485,1,23.9
0.00131055423242699,0.280271631142963,0.716158591005712,0,NaN
0.0256132861908075,0.238232094887221,0.709817052486175,1,3.48
0.0081185642204245,0.341409216426758,0.710246613749266,1,22.5
0.0176052730565392,0.120618504424906,0.774535177628886,1,7.19
0.0154546800516744,0.3693287183146,0.734557550447977,1,8.96
0.0226117380990733,0.203446101967798,0.647290048623465,1,2.36
0.00128648626921651,0.0184871855592435,0.695575242190836,0,NaN
0.00745502099976272,0.129195233217619,0.691635025649942,1,19.3
0.00597282290139981,0.0107315103068701,0.487791136749791,0,NaN
0.00302954299196753,0.364933453089849,0.706840731242549,1,85.35
0.0115071671072461,0.0273845882478283,0.780919741033556,1,16.27
0.00359109885468295,0.0886056767297593,0.545101244082637,1,33.22
0.00172891617342833,0.294544817958829,0.656346368390033,0,NaN
0.00203332407872659,0.0253332356393707,0.592333687209542,1,72.59
0.00642226113038189,0.464034218302917,0.564891556927159,1,25.61
0.0568422333934557,0.0850546657012589,0.750026550049878,0,NaN
0.0243771950759573,0.0554939005363841,0.533036968859013,0,NaN
0.0053720733529122,0.0937389261153175,0.538368998327727,1,15.29
0.00220002435062294,0.177413560872661,0.766155084885569,0,NaN
0.0083575485601827,0.104752971420741,0.786484651617263,1,21.27
0.00269569605103276,0.370090358233474,0.434718139078714,1,43.86
0.0821326211295588,0.289579256997047,0.529426432673599,0,NaN
0.00357632347267937,0.299292814176327,0.448056724819398,1,27.56
0.0323810609506493,0.0813758963354124,0.687655900555179,1,15.04
0.00714266975328487,0.425483813190638,0.464350627601552,1,11.87
0.0206003631961908,0.402812048671065,0.482553812573924,1,15.2
0.00414557049785353,0.152177859421643,0.674320873132148,1,45.21
0.0249781161763117,0.471923100577941,0.495564129989265,1,14.59
0.0195925839744791,0.0785607197246869,0.578072756516899,1,7.69
0.00315032061097177,0.0517076060680577,0.604805544427186,1,46.07
0.097805893208131,0.193889462302008,0.635876236145632,0,NaN
0.00402144652387922,0.0287922575153117,0.506274041773627,1,29.27
0.0269876330040624,0.111010172221463,0.653479919801737,1,6.89
0.00202637121962981,0.272396416277023,0.429846201220018,1,56.52
0.0483025108577479,0.344992253222749,0.533512356910988,1,36.96
0.00113339013062983,0.474516181622196,0.700673554571672,0,NaN
0.0400594039533713,0.374608876627158,0.534702329441692,1,30.63
0.00193412013634133,0.0917825346579709,0.654675258096222,0,NaN
0.00228429742764101,0.411854892898855,0.471392440329501,1,66.52
0.0575440621084249,0.0843211902568461,0.57384876911136,0,NaN
0.00149664005094874,0.254764763198929,0.627205311385336,0,NaN
0.0919626350750667,0.227538167381795,0.681828478928954,1,47.73
0.00331321704037521,0.185473115734536,0.446127363332709,1,27.04
0.0316326411405623,0.497687118429608,0.734999728690089,1,17.88
0.0585002484178292,0.384630105263544,0.7902812999725,1,2.35
0.041825516129795,0.324047685931193,0.761834935802265,1,3.01
0.00205967502007134,0.306959142926633,0.742940736986865,0,NaN
0.00611695484177848,0.168472288806702,0.602589332234394,1,19.83
0.00409131624435668,0.147546235692746,0.755387939398785,1,55.67
0.0503622102356965,0.415260813368637,0.473246037793094,0,NaN
0.00552048264600307,0.155074777119021,0.412466197841307,1,5.8
0.0699967615012817,0.198736311858421,0.742607791564504,1,14.03
0.00451387326807733,0.13581056146861,0.63131708591434,1,35.1
0.021960475287287,0.24254926380182,0.697237487424476,1,3.72
0.0276598398604799,0.0413064467998986,0.760728834653358,1,13.56
0.00679015581121617,0.227214416509236,0.468940590029246,1,7.43
0.013446389028133,0.0103506186755885,0.618616564919553,0,NaN
0.0102312761472997,0.0418829383777789,0.554677509224192,1,13.03
0.031004739766112,0.43560064391321,0.699405040473201,1,16.16
0.00473215677828636,0.425489280682007,0.494839810043051,1,27.34
0.00161089883598047,0.482424157620294,0.457405363816116,0,NaN
0.0308133288398648,0.455236495057277,0.446074413543947,1,34.37
0.0932849868199406,0.365085700342322,0.448888255531448,0,NaN
0.00938597205221769,0.111990710383258,0.499897469192232,1,3.08
0.01407291269509,0.153444569211238,0.686599469528431,1,6.48
0.0042437724212212,0.358402376719694,0.440324677421054,1,21.39
0.0157547212265873,0.464860861794368,0.757172101877849,1,12.43
0.0428116689290288,0.253356882715849,0.730280696819842,1,9
0.0381191124587303,0.0791894070503567,0.641865543374096,1,11.69
0.0024367077148185,0.376806975735842,0.403928944290186,1,43.49
0.0608964068342092,0.198548491582454,0.575502883689629,1,26.35
0.0287046067588718,0.465839974084656,0.640945860320681,1,16.09
0.00255492561549904,0.448238814270654,0.544735672084761,1,77.9
0.00262964823338165,0.269837729525593,0.770881280483108,0,NaN
0.0034460921977671,0.4911890328576,0.566545538141221,1,65.74
0.00562635111683726,0.368062239533304,0.613644011490622,1,30.21
0.0490111354743993,0.197378939685185,0.486863786156109,1,45.88
0.00165643244235663,0.0451523516092093,0.54500775816928,1,86.77
0.00285666145138996,0.457654449491941,0.416203404945086,1,43.77
0.00928805130955814,0.182106483600378,0.756393043354787,1,17.31
0.0628885339712252,0.1126125632798,0.527261285628905,0,NaN
0.0343145056378233,0.0134236269547056,0.46955441596618,0,NaN
0.00386905337117808,0.096029695725712,0.602935916844251,1,37.74
0.0994589958688054,0.437892696708042,0.729393722475635,1,70.08
0.0314048829255065,0.193526112546946,0.603237805243133,1,8.98
0.00716756852256325,0.20595842179113,0.77266206143076,1,28.23
0.00528084518024306,0.0306874544108417,0.463021216211751,1,20.08
0.0602514511409139,0.0388384070000877,0.737344145827464,0,NaN
0.00149533787377919,0.0388581811198588,0.48099701645469,1,76.57
0.00150530614541523,0.290805729075635,0.574796093133768,0,NaN
0.00195188745903093,0.390104367086778,0.693570951612526,0,NaN
0.0436980530729444,0.311755972215138,0.719282711573512,1,10.44
0.00132239147506103,0.19062641265616,0.72397475677027,0,NaN
0.0124154321008033,0.0544679054592373,0.722234256760829,1,14.38
0.0462297077337264,0.448610878940094,0.474743504635676,1,87.28
0.00131869467725347,0.040693488976436,0.640011823139555,0,NaN
0.00329989986080519,0.124431126207672,0.487882541258107,1,31.42
0.0698643991893022,0.303649729254089,0.677966159348156,1,24.54
0.00636203829001549,0.331231978793373,0.653457343023815,1,27.13
0.0476285281544886,0.185342578385493,0.581595039797963,1,17.69
0.041965921053627,0.20110657511684,0.755870389323973,1,7.4
0.00475871060631076,0.412903312155987,0.745958087099935,1,57.61
0.0015315807634386,0.0409993037881613,0.506745018381397,1,82.64
0.0205408131634811,0.33894189579066,0.777966179428594,1,6.53
0.00503480744436949,0.214016449865094,0.496642544021021,1,17.06
0.0437265283935019,0.352872803093724,0.59548680592363,1,19.97
0.0460811697792187,0.171682025977388,0.43762698467543,0,NaN
0.0162849070892165,0.219072000351803,0.502779876536134,1,15.97
0.00133892696587233,0.292791399366261,0.784578685653706,0,NaN
0.00245679188591369,0.362522693917525,0.760803786329772,0,NaN
0.02147290301922,0.449857286862977,0.728642308682957,1,7.32
0.00197732844093139,0.331771251808546,0.614216711930064,0,NaN
0.00754164338315081,0.311532598273947,0.549565952262845,1,12.33
0.00170540227829346,0.303590824040847,0.751187533798054,0,NaN
0.00764209257811669,0.493012375033073,0.74290178771758,1,38.17
0.0105165139830307,0.41749369227406,0.517057936951886,1,8.3
0.00340826915842303,0.37810621136034,0.552130652906167,1,50.6
0.00769557477069498,0.138675921396702,0.633049752154973,1,14.04
0.0382579672531373,0.228774529896363,0.791479210970205,1,3.25
0.00130949031989462,0.1136214983702,0.779428327192359,0,NaN
0.00387766906552569,0.0217345438899783,0.483393768168026,1,30.77
0.0764748189719812,0.189353888082334,0.740025673245916,1,3.56
0.0785050467766615,0.0412617179207763,0.563830490908202,0,NaN
0.00103382258955942,0.11920170134635,0.419026347923451,0,NaN
0.00183531231736113,0.117784333232375,0.669376357607793,0,NaN
0.00530062410009342,0.355130223418493,0.553954193371709,1,25.97
0.00324579997448333,0.481673516477235,0.435027568427038,1,42.55
0.0313297529269009,0.212182703744496,0.681571301318797,1,2.91
0.00430462993476198,0.0283439939192338,0.712537536614534,1,44
0.00499748569263671,0.213066638877267,0.435161289181978,1,10.51
0.0780611076521732,0.0734175448930624,0.521730881135441,0,NaN
0.00169654374387514,0.38736276877615,0.728522915015236,0,NaN
0.00105046733317339,0.10962221943274,0.637039305325935,0,NaN
0.00252057652748934,0.143188456526273,0.66436055051489,1,81.6
0.00783411504306477,0.346004000193358,0.442914365242215,1,6.86
0.00326248354490825,0.0722495770373122,0.607909833133327,1,46.75
0.0131034019439959,0.0883660784891681,0.568685988641862,1,10.62
0.00479015208562627,0.15732345379015,0.694231616246319,1,39.48
0.00440922947693763,0.0318992335782626,0.563274132529107,1,29
0.0314061926772111,0.185573983827999,0.421687819362528,0,NaN
0.00680983723716964,0.049071424191209,0.517017215522574,1,16.35
0.0396246278884572,0.352893034835756,0.491637732563253,1,39.56
0.00289776909469,0.382788722111781,0.53630112738585,1,59.03
0.077619299356188,0.3573029665817,0.562578746845833,0,NaN
0.0364414703493949,0.330306977021942,0.441361653561266,1,49.62
0.00258633248745287,0.351759591142546,0.443111829196508,1,46.51
0.00120518620501636,0.467404150155737,0.481882442768743,0,NaN
0.0141838275518802,0.27577574534459,0.401752931760063,1,16.07
0.0153756468084864,0.228608176043233,0.738604718150334,1,7.41
0.00180833376908704,0.0361138281202331,0.675036787564631,0,NaN
0.0257576704035751,0.471343861869427,0.415592278774889,1,36.92
0.00615929413131333,0.385258092666263,0.680459485883083,1,33.76
0.0170286380242969,0.447827814990036,0.587899367097539,1,10.04
0.00782608814071645,0.0740616047781851,0.734100023688858,1,19.8
0.00269270319571651,0.461605452163921,0.708160777047585,0,NaN
0.00281466195300718,0.0792345089736159,0.445191900056063,1,28.96
0.00783618276189964,0.118733354302422,0.488780640022861,1,4.89
0.0149472255026964,0.161756465870455,0.727283133509019,1,7.23
0.0253628372488681,0.436887302195654,0.694189569863848,1,17.67
0.00180718994568573,0.428622523444622,0.453568990145372,1,84.65
0.0219656389113341,0.234140841990976,0.515801155622553,1,13.08
0.0165859796664045,0.123514853635971,0.483609332603678,1,10.54
0.0954002774787353,0.310035708691175,0.79800823599088,1,22.08
0.00538402636297744,0.364192570618714,0.731357415182122,1,44.64
0.0196287273913354,0.0815711361033289,0.712995739964602,1,9.09
0.0872742713456768,0.495827932949991,0.710013981632362,1,33.67
0.00375795178856414,0.0814708970028326,0.687223308515159,1,49.79
0.0137173525183875,0.305502811013222,0.587253556269919,1,5.62
0.00150509853956548,0.458520301184806,0.566649574450901,0,NaN
0.00948432045014405,0.386058055422314,0.548843756094416,1,10.05
0.0499246890337761,0.153503576393002,0.644871569977647,1,5.37
0.0697076107627945,0.322911957973132,0.599149960798365,1,67.28
0.00124919584031477,0.180119440284089,0.408831622139807,1,88.22
0.0304305969115583,0.400114534073978,0.788356806437901,1,16.92
0.00157117317088827,0.146604891085216,0.685631409643531,0,NaN
0.00201200215646706,0.457851090975031,0.713867751031269,0,NaN
0.00239317653222482,0.216332835513204,0.781937323935402,0,NaN
0.0019808809587381,0.143974512217598,0.421508776023384,1,50.29
0.00138050998427565,0.0494589117493015,0.684605095211866,0,NaN
0.00138991297498201,0.266831943377639,0.711266879050453,0,NaN
0.00614280769571514,0.334059076980935,0.573946924658831,1,21.38
0.00180135427622339,0.306150376887528,0.798526928403358,0,NaN
0.00131927852852183,0.107017517109899,0.755106126632453,0,NaN
0.00119080700474248,0.0508021054031301,0.634333248046261,0,NaN
0.0118965861483272,0.0607311698551903,0.55966357920979,1,11.59
0.0672297134009272,0.115782568943332,0.554267089138551,0,NaN
0.00232089391083576,0.187445250733757,0.61668214330361,1,82.24
0.0848520445379792,0.177336410593707,0.740510320350956,1,17.98
0.031580735173555,0.272971668952599,0.755046854062755,1,6.35
0.0382392289430084,0.0784730800894025,0.401838835727583,0,NaN
0.0255419288856913,0.261856773962291,0.492414092814063,1,23.3
0.00496086679319284,0.328866194427861,0.74726355645767,1,49.75
0.00106333949508136,0.172016697583858,0.517507669155277,0,NaN
0.00200541589361393,0.147044398817477,0.743129573849412,0,NaN
0.0492533340211843,0.280723120204318,0.424398021647817,0,NaN
0.00292701804519923,0.481767914376791,0.520439579492227,1,67.19
0.0362727849031567,0.468197900389513,0.736858849256955,1,15.62
0.0148910397953195,0.258723795135184,0.632976608541449,1,5.42
0.00204401132454392,0.216058717128981,0.733235111717527,0,NaN
0.0127537756698545,0.0635813781217182,0.609292605700472,1,12.07
0.00131980497307745,0.0902215043895919,0.459749691651481,1,93.77
0.00102450458706371,0.221933877175125,0.595942119586828,0,NaN
0.00106392338162565,0.13810390844604,0.537032063248909,0,NaN
0.0069366389307671,0.353404763546564,0.739694592625888,1,31.79
0.0073515347177883,0.40738467532544,0.79596639363739,1,36.55
0.00259946410012237,0.481464909648208,0.574097277480475,1,89.53
0.0773794274034382,0.109189443243038,0.702387365465683,0,NaN
0.0799419428229859,0.431634922113211,0.562682459027043,0,NaN
0.00957891111965343,0.239929764589424,0.682911250094113,1,13.06
0.0202720035509098,0.189171531266324,0.645514164321616,1,3.54
0.0817732755704941,0.114850872443649,0.623483822827082,0,NaN
0.0183490009455573,0.44303876662159,0.788532142371912,1,10.17
0.00103182836838518,0.208898947616025,0.57751955884748,0,NaN
0.0195980853329043,0.174067766012753,0.707818467933112,1,4.81
0.090611476449173,0.229530961276735,0.77610909038845,1,4.6
0.0393833503485569,0.251168628095659,0.576675538123861,1,19.5
0.0310867135530508,0.0690419510625162,0.730944462320224,1,5.33
0.0147970473316804,0.297542890892666,0.521194764886938,1,17.82
0.00130079288533322,0.291689091088621,0.482588487427038,0,NaN
0.0409994088637235,0.122471505879184,0.795606854844678,1,16.8
0.00338368690786155,0.0310644194566454,0.616959236401522,1,43.77
0.00123358112380203,0.259466870943533,0.632844477533084,0,NaN
0.00244580173219811,0.439148781124604,0.593580155924991,1,91.9
0.0180145075263906,0.490854050695055,0.76105301638753,1,11.25
0.0626642624589769,0.19079025824834,0.771343124751835,1,14.79
0.00300081756345451,0.0355070014897228,0.435243702700927,1,27.81
0.00107189296215678,0.173849002441763,0.741715474473003,0,NaN
0.00150316641595645,0.136647222406981,0.688502554564795,0,NaN
0.00800085430826837,0.432382527158771,0.466663408212294,1,10.08
0.087675637637154,0.149050404501973,0.619094218137997,0,NaN
0.00948071484673315,0.0829084838961798,0.747327260885866,1,15.43
0.00935647657563623,0.299544040049549,0.401355490996012,1,20.54
0.0939778394804247,0.368409265857622,0.614788581289508,0,NaN
0.00166312610891941,0.255760464959401,0.419889639013141,1,68.35
0.00814779292959582,0.241018950444179,0.46604876689285,1,5.28
0.00146265392006174,0.312266853583212,0.445993267542394,1,92.8
0.00673365452597157,0.0193148495838752,0.434890327533603,0,NaN
0.00302737473596068,0.22659225244129,0.742486111623065,1,82.21
0.00109151098802482,0.423241975795198,0.549936211800662,0,NaN
0.0010962326684118,0.375596672412288,0.46577547862684,0,NaN
0.023078520880688,0.296817615063475,0.71963887273044,1,4.66
0.00223569888455351,0.156076578862842,0.614033839119621,1,83.75
0.0233766276732526,0.270806504522577,0.484860495060426,1,12.66
0.0141340441781784,0.200198797378519,0.491838092064629,1,16.81
0.00142167251635861,0.0740779838852704,0.513942927215565,0,NaN
0.0167286892690595,0.200777982398108,0.748191322255252,1,6.34
0.0171448743384032,0.189709328425702,0.658059896198401,1,3.94
0.0776162339567969,0.175466478201722,0.466219024911442,0,NaN
0.00870580174030887,0.259880784530423,0.781485377697239,1,22.32
0.00973984242097242,0.467121562161,0.716686931870997,1,22.9
0.00751211183275191,0.0166992536527928,0.496086026520618,0,NaN
0.0176730851841241,0.445109353866837,0.765287742772031,1,9.99
0.00531238928494625,0.239914182044157,0.72966021630653,1,40.15
0.00176822654816626,0.336710354300833,0.539316796862197,0,NaN
0.0124006185563945,0.23854981221681,0.416027398552728,1,17.58
0.00121351750634396,0.481776438894748,0.473837089005616,0,NaN
0.0871670783120526,0.228364587630019,0.558296591101264,0,NaN
0.00165694728664511,0.337982036433424,0.69206933428876,0,NaN
0.022094002453747,0.252533630593089,0.770171202216516,1,5.46
0.0962863982186057,0.21744757652007,0.527531573609844,0,NaN
0.00570668094645487,0.379659286045064,0.530223246323799,1,21.52
0.00660544098147751,0.288525184378379,0.692942386754055,1,27.78
0.0515605844609199,0.310689658384167,0.788803603178274,1,2.41
0.0466578234820703,0.198596955856134,0.50925022886973,1,27.71
0.00195197939985178,0.251200199841221,0.588297938411796,0,NaN
0.0926634873215139,0.0591421549323853,0.521184142902924,0,NaN
0.00531708175522277,0.0480673616704857,0.505008410344901,1,17.61
0.00112038878407225,0.325237869568792,0.438539296932266,0,NaN
0.0646542200087806,0.162722536437987,0.781682381982516,1,13.73
0.0170777442065805,0.366914389374588,0.662286250234018,1,6.34
0.00237125640670771,0.11467093273609,0.683095209583372,1,89.85
0.00442652458739973,0.44796245184152,0.423244227485495,1,22.49
0.0316293829929541,0.428213093499932,0.448626080206149,1,33.65
0.0160193292375851,0.241607145745743,0.521017894841621,1,16.43
0.00390879949804355,0.114072005009126,0.678318057818631,1,47.93
0.0735744380521774,0.103975403531135,0.529265866625989,0,NaN
0.0882250038189138,0.337133113224951,0.700559999500722,1,47.39
0.0511970768029774,0.219675881407816,0.521053425707462,1,35.87
0.0191506299659236,0.204561689297614,0.693747929742609,1,4.74
0.0971255891593911,0.433965866949372,0.556280940899933,0,NaN
0.00491649078916969,0.164256042295828,0.416146062482712,1,7.99
0.00452281555776418,0.416766134184086,0.728765069864536,1,59.43
0.0013920356375096,0.459165740945778,0.651699072244521,0,NaN
0.00202766987419334,0.342566665244398,0.543755529312027,1,89.08
0.0595482980971173,0.0343163786130185,0.725587574509531,0,NaN
0.00127895901567286,0.0158933380260513,0.499906590205939,1,93.34
0.0251378687866628,0.182382015478815,0.549514203797524,1,10.04
0.00255191556657537,0.226316912141788,0.751626294687407,0,NaN
0.0166331232811079,0.0619660273895891,0.494110366795059,1,14.13
0.0201383064047577,0.301947113996393,0.614008467999451,1,16.54
0.00387596430952953,0.381752427418483,0.522348845410569,1,38.64
0.0664946953476531,0.264066361523005,0.688112255682557,1,15.87
0.00170703918300887,0.168665813943486,0.490012800378442,1,80.84
0.00456606308898852,0.168840791383778,0.416254104443395,1,9.09
0.0591786646399535,0.0632463837576307,0.634007993014631,0,NaN
0.0323842417738386,0.450295855992099,0.614166968394202,1,13.82
0.00251386389662576,0.214193839759574,0.40965109254976,1,35.53
0.0014265165496465,0.121032255520418,0.623267098487242,0,NaN
0.0480895557757585,0.215716996204594,0.631056476622529,1,17.39
0.0014181010335648,0.340431615895998,0.724459901417679,0,NaN
0.026976092391867,0.289815885197901,0.442362277977845,1,21.55
0.0566390158632977,0.165631235888889,0.675434406866039,1,5.07
0.00476289630361285,0.0115714550934938,0.571774964722054,1,15.45
0.0207442871749289,0.39500085315157,0.708448174370815,1,6.12
0.0017589848829372,0.201410640794252,0.495179055567148,1,81.41
0.0153014449681922,0.112619099685296,0.648890078882795,1,6.87
0.0762464108206347,0.483609520579029,0.605936162344626,1,68.7
0.00147232737079305,0.123166318033352,0.623647169471294,0,NaN
0.0133983410527242,0.414011368870859,0.470174598210993,1,19.18
0.0199141103157085,0.408614123205996,0.779609784552819,1,8.16
0.00541041750182359,0.107331130695611,0.432994523595492,1,5.74
0.00285112223764731,0.492340599440315,0.512085999302385,1,70.36
0.00727383256981659,0.0765996816652559,0.760677262429623,1,24.05
0.00901352309316008,0.284939207619598,0.405757136660995,1,20.5
0.00437443756459529,0.418680898107358,0.423143549973106,1,21.25
0.0860018648180624,0.199048647872138,0.690713707006349,1,25.35
0.0504870970204011,0.485416188016228,0.650598134886976,1,10.18
0.00288849050762175,0.151499936367766,0.550964040221034,1,50.57
0.0243718531873036,0.492089851994338,0.402911653194471,1,26.33
0.00180049019272624,0.195822979410189,0.685557741600467,0,NaN
0.0617311580513529,0.0480050710138242,0.627289664221208,0,NaN
0.00116956657962622,0.309364021028348,0.722449112585519,0,NaN
0.00190956471460279,0.313081839816248,0.544550853446892,1,93.46
0.0063640225940183,0.0729041752585183,0.414405378744739,1,12.95
0.015846620745226,0.486877244762685,0.756042811141448,1,13.26
0.0350310112349602,0.204651111438519,0.407500101514666,0,NaN
0.0293994213377698,0.350399381515886,0.416057381561327,1,43.52
0.00940190546217298,0.407557568750477,0.425911244880667,1,11.5
0.0253187835583368,0.496843340015356,0.555878330193292,1,16.29
0.00129199543148879,0.115244330092159,0.59977935755683,0,NaN
0.00388764950371415,0.0273892679643589,0.595721944748957,1,37.14
0.004277970891634,0.0417607839051484,0.680069999363775,1,38.75
0.00111873101260346,0.393639495330301,0.472296465932115,0,NaN
0.0091462776818444,0.390454169670345,0.565168594896834,1,11.59
0.0479770787826503,0.130941879417813,0.549123655079416,0,NaN
0.0247540709986633,0.441410718906343,0.496837936076847,1,14.13
0.00155776240339192,0.141540303037072,0.576316985063412,0,NaN
0.00681360911035717,0.156559956168261,0.785611184487096,1,30.45
0.025393851141045,0.461868359727003,0.650614238134731,1,17.36
0.00808242801206265,0.281729489434156,0.552681984226704,1,10.25
0.00171630982323755,0.454580045854573,0.671582388957094,0,NaN
0.00354512825930709,0.191264959555618,0.739060294354741,1,66.01
0.00178295176040541,0.224558540708374,0.527212961907351,1,89.93
0.0724695856680238,0.323603931672843,0.678255827830482,1,24.33
0.016353083159891,0.391976566985587,0.528023366313498,1,17.83
0.00694053435274714,0.0791467554525977,0.402284806404119,1,13.6
0.00417935920580318,0.448215077501185,0.462375047156437,1,30.66
0.0512411248483001,0.480835044833801,0.787152260062967,1,14.1
0.0561952656369043,0.446939750590819,0.535545675104166,1,64.32
0.0131322365861639,0.141951831244543,0.715955202879665,1,7.82
0.032951454740064,0.0404547793606702,0.643538308246572,0,NaN
0.00272109754393534,0.479062355227139,0.427705000529591,1,52.14
0.0136104627977794,0.376306671982592,0.668399938531279,1,9.12
0.0965060583982975,0.0826052395821419,0.787808004020228,0,NaN
0.0836822923644608,0.158675541789251,0.421510439263722,0,NaN
0.00420448099869749,0.219986637480654,0.486260765203583,1,23.24
0.00150980573841156,0.467908086773454,0.789144984389569,0,NaN
0.0400429003667709,0.483163151960815,0.644999270715271,1,13.01
0.0795318616182294,0.469974034230012,0.431235346072861,0,NaN
0.00165570804293601,0.128636248511332,0.48688891941135,1,80.92
0.0468745317841186,0.274146644946653,0.501399523271095,1,45.99
0.013263367964838,0.0582667961022297,0.717287632689349,1,13.18
0.0026570292284562,0.0103058689307529,0.613262788074984,1,70.5
0.0238350084523138,0.297424362159549,0.584834484743785,1,14.55
0.0236708530792878,0.130220765528421,0.774974811761344,1,6.38
0.0424483964016912,0.465959434706594,0.567172566105283,1,21.14
0.0010411882997839,0.225624706011741,0.704990072833701,0,NaN
0.00218379604968502,0.497563717537883,0.430023302011907,1,74.58
0.00521875927288618,0.261956345177575,0.711624885328121,1,39.96
0.064646883029514,0.153744492714439,0.460824956265509,0,NaN
0.00125834687151476,0.143674454720484,0.536754453370859,0,NaN
0.00298250741827277,0.110266242932466,0.609474152888237,1,56.26
0.00592731961438321,0.300093375152833,0.725204901734888,1,36.19
0.0998818630703532,0.393610023911883,0.686002185735132,0,NaN
0.0116366255064009,0.0199464120319711,0.663665693103016,1,10.39
0.00861043132297621,0.479038519968755,0.678136243413601,1,25.66
0.00619978688891735,0.155332854015763,0.568302501448719,1,15.76
0.0356653899296605,0.0606925745092889,0.591282660039218,0,NaN
0.00594862667088367,0.241686708613328,0.527627089482192,1,15.48
0.032374949934949,0.356100066269504,0.758969128664725,1,15.87
0.00155160584576714,0.0764750255993666,0.446957349964818,1,71.39
0.00214085305906278,0.143515403021314,0.419976399185012,1,44.45
0.00834835327050347,0.484954646544016,0.47105282239398,1,11.82
0.0132747572888974,0.364448264458727,0.596749466748803,1,7.05
0.0060582276986451,0.380168997516497,0.787235611629995,1,44.49
0.0610965549912418,0.329380264435645,0.420753760234635,0,NaN
0.00585647057271193,0.445273700618181,0.796846691385932,1,52.06
0.0169713685402814,0.178189167783356,0.683267306655093,1,5.02
0.0929501786952891,0.426515055913394,0.77723168782583,1,31.39
0.00149160373869554,0.45227901388652,0.412564970375365,0,NaN
0.00629298673071445,0.18656585337422,0.443849159963406,1,5.76
0.00448668601877765,0.371554342887362,0.749286975149252,1,59.16
0.00683716127174086,0.453047215246021,0.659324672025289,1,31.08
0.00572792443299551,0.41651268950389,0.795793874338688,1,50.9
0.00654440715582297,0.247843736328568,0.646704012440141,1,22.71
0.0407899065069717,0.315999613524957,0.64276902036328,1,10.19
0.00849403212228796,0.299515388119467,0.509140576663142,1,7.56
0.0665391245065397,0.221893887056053,0.543693442696539,0,NaN
0.00257968924934145,0.180005005494179,0.615215468738484,1,72.01
0.011078704788053,0.254036246710052,0.465371602899777,1,18.37
0.0153130016735608,0.360160226870527,0.518910786776241,1,18.03
0.0362559335492342,0.423586974068528,0.760631148456408,1,15.72
0.0266278365849288,0.117143309327878,0.653373288841111,1,6.98
0.0766179890373398,0.0116010874624342,0.641431162836546,0,NaN
0.0697006784860173,0.0526804865357987,0.490223228142942,0,NaN
0.0228340687485309,0.108385129694146,0.521386782202237,1,8.47
0.010815403961325,0.115421403987674,0.583121881858824,1,5.86
0.00237194345935728,0.218873672968218,0.596213058072213,1,77.76
0.00180979764711373,0.06136255450912,0.776322684650543,0,NaN
0.00191514487452744,0.173833351594183,0.721950101640787,0,NaN
0.0766598880832149,0.276675289931208,0.747625024279966,1,15.06
0.00233556629371275,0.234533104001043,0.505220183827528,1,60.54
0.00200765407874481,0.351904386690711,0.449572590678727,1,67.03
0.00315079612563186,0.353980423711449,0.560439837327723,1,55.82
0.00212368109115153,0.154224179193975,0.613163010791724,1,88.72
0.0100242336164508,0.0193896903748082,0.400501103005732,0,NaN
0.00486064425346852,0.459584326241214,0.778349034323651,1,64.72
0.0101452278778574,0.275743679682541,0.539821224004915,1,6.41
0.00571414923473986,0.0538995711631865,0.510861384111558,1,15.93
0.00610281607115722,0.39444713105394,0.45836744679351,1,13.81
0.0290945817209931,0.464833488198098,0.499560525285907,1,24.61
0.0207452941032383,0.160290471732853,0.589146677397301,1,10.85
0.00111422477902394,0.345011729503988,0.574918593309945,0,NaN
0.0680226668021078,0.211270214521366,0.736139364856069,1,14.67
0.005168340818175,0.29418105065145,0.736659883130926,1,44.26
0.0180463049488625,0.427210947259381,0.756426571190796,1,9.05
0.0983056717809903,0.205596396625456,0.50039252903136,0,NaN
0.0574902206882381,0.322263587193697,0.701768602428844,1,17.73
0.00887302632003944,0.236969676485113,0.509803866297039,1,6.32
0.0120426386985286,0.0246639988472233,0.491417672148126,0,NaN
0.0461225250460398,0.205784172746275,0.702184435689344,1,6.9
0.0157373669195018,0.284392354290593,0.626279637178477,1,5.27
0.00480431384935391,0.287318163487626,0.591099638120837,1,32.12
0.00366850092733692,0.407737955989981,0.719230797940047,1,73.69
0.00267247778507685,0.11397936704484,0.500199920080829,1,44.88
0.00407086109941776,0.281257284383667,0.610291003008778,1,43.11
0.00633592364247638,0.418582880063597,0.431831502525759,1,12.07
0.00282113350286034,0.451001821819168,0.749869280530867,0,NaN
0.019996362140904,0.124797919050777,0.773221992747849,1,6.92
0.0261263311391494,0.14739258605284,0.447102233776455,1,21.06
0.00213691612264114,0.292420846537351,0.451060827932853,1,58.47
0.00340518739196614,0.363750223317591,0.411121549351095,1,26.78
0.0390390552191709,0.481168031896176,0.409828451824512,0,NaN
0.0268375804989607,0.394265365299614,0.438875459857279,1,35.05
0.0378808122650578,0.0327778999503336,0.424877915853272,0,NaN
0.0776778098813318,0.39001319403718,0.794953545245561,1,16.35
0.00181789873464929,0.369113783125064,0.783161689582943,0,NaN
0.0119693331908529,0.337456215124532,0.552036665829746,1,6.15
0.00281490094218049,0.469275612313431,0.757579799745207,0,NaN
0.0229961078840256,0.052940484400626,0.486179983659464,0,NaN
0.0275886052930871,0.222032767063838,0.594112586912207,1,11.66
0.0435526325814484,0.165494208280648,0.734582142183473,1,16.85
0.00112813521537575,0.158526574275918,0.725618332485367,0,NaN
0.00160454966313332,0.420303289845922,0.595710499221191,0,NaN
0.0690412428199892,0.293654563554879,0.460743917786144,0,NaN
0.00260334449116948,0.366214546779484,0.458307510412271,1,50.67
0.0211455984928322,0.251112783546007,0.516781557395641,1,14.09
0.00388311400847027,0.0598710300246689,0.70795519557732,1,48.47
0.0873415467311324,0.0890346562830931,0.502570430961094,0,NaN
0.00210211667532932,0.110011949132646,0.762113450674522,0,NaN
0.00186852092694332,0.240937136627201,0.77493150425835,0,NaN
0.028995973299269,0.394767726583645,0.665671899611235,1,15.58
0.0260878204320153,0.096129203611065,0.547393954758386,1,6.45
0.0581376586082039,0.212469247073155,0.498263350469726,0,NaN
0.00115333293735044,0.350435696528241,0.672029692460937,0,NaN
0.0299099569478981,0.326885624841038,0.422506939444723,1,42.74
0.0308942842845131,0.492410581077718,0.681051768934622,1,16.74
0.00154811552074768,0.293918886205298,0.779572935735538,0,NaN
0.00463768049909457,0.458387025129465,0.595974672851667,1,44.36
0.00268880127604902,0.430586367045962,0.41050807454425,1,42.83
0.0279628160909512,0.247509582660186,0.759504892124852,1,3.6
0.00154760253191773,0.43611374682809,0.562789293679732,0,NaN
0.0100309151722044,0.0244241129871378,0.605628058091738,1,9.13
0.0288758211706863,0.395825024148215,0.726555899168861,1,16.7
0.0149786444405212,0.387796304198629,0.533035943593727,1,9.93
0.0155412532677143,0.40472704408022,0.464929229174575,1,17.72
0.00332978595809497,0.474130640372798,0.574344178641135,1,65.41
0.0965864877229133,0.467716718170188,0.471351657295798,0,NaN
0.00363872322381362,0.36373878874574,0.611792814348186,1,54.55
0.0311237997597257,0.0714758270324377,0.453036863493736,0,NaN
0.00658354051599037,0.177359701500668,0.548459981434103,1,12.71
0.00219656897088048,0.418480608134634,0.647509375204204,0,NaN
0.00151295484446391,0.0541417619633268,0.497912317065194,1,85.16
0.00391043362656061,0.096766111266082,0.473299216461051,1,19.17
0.0106053451183118,0.317880433635422,0.705489368113354,1,13.37
0.00384089640599694,0.345516333448305,0.523306345476062,1,37.09
0.00668037184047678,0.197974058266724,0.522832446625248,1,10.64
0.0686372757616689,0.230842739090325,0.492502426458438,0,NaN
0.0455973549717969,0.412220613490012,0.780646868010417,1,14.1
0.0120552708759679,0.125511732187577,0.641086365973465,1,6.81
0.0054401241824232,0.391913286780086,0.750817462182397,1,47.94
0.0247277367804272,0.410218675947831,0.684082536062032,1,16.85
0.00389358542313279,0.126003345050029,0.45424743186633,1,18.41
0.0849563210828408,0.0720929855156189,0.55398604725126,0,NaN
0.02827655147819,0.121035149226152,0.512987585510611,1,9.48
0.033900617533776,0.0811492577309988,0.738166405560635,1,4.54
0.0591798372666016,0.407209838080621,0.759836354132561,1,9.3
0.0360761573585891,0.0176525324248391,0.622331625459072,0,NaN
0.0081442268405087,0.0488458328335685,0.496850044730613,1,14.77
0.00345830117572758,0.23794513796839,0.755662121018198,1,72.77
0.00326554048437146,0.0711791713177974,0.494560489332969,1,28.91
0.0112123094304291,0.0489735951134473,0.668043154081849,1,15.63
0.0036716127045584,0.345106947298943,0.596590907957264,1,50.72
0.0320580015720481,0.26681934136769,0.769927203194639,1,3.36
0.0681211493020234,0.253456802070124,0.756940295348877,1,15.27
0.00471606398786315,0.232974104938497,0.530523572861808,1,23.95
0.00524719169722267,0.135719646100816,0.493984696229802,1,12.77
0.00964369494176228,0.148868222179637,0.794262781732617,1,17.93
0.00770191518595608,0.348481000010581,0.461758127273975,1,7.79
0.015611237472631,0.08866641869286,0.560569739653297,1,9.67
0.00194227115585921,0.423940810533738,0.763580264549725,0,NaN
0.00402859423898574,0.284543357490614,0.555309328118248,1,36.54
0.00516418389373559,0.37714968135411,0.790164135242576,1,54.48
0.0237555002854518,0.257858743524313,0.718184375770877,1,3.72
0.003736805768999,0.138598874608871,0.650554891569113,1,48.25
0.0191569051819673,0.0741001705569236,0.703931050838805,1,9.27
0.00767548280873544,0.262889518830388,0.678787892588834,1,19.8
0.0011038835318868,0.0962539037866504,0.781503085561282,0,NaN
0.00216545980069549,0.290670596437053,0.798145088097272,0,NaN
0.075229313702027,0.257580619283423,0.563748410315838,0,NaN
0.00533781555271509,0.25087074730412,0.681078932506058,1,35.35
0.0281171923932584,0.181368762654316,0.774586197303509,1,4.49
0.0136561598652652,0.416181485224465,0.59535946782354,1,7.6
0.0031505485831181,0.367317855206761,0.66683068126343,1,74.96
0.0822857888990129,0.157051970474121,0.592077153238135,0,NaN
0.0767142571029659,0.326742899373894,0.672237447419097,1,32.35
0.0340033150010365,0.499021420231416,0.567117971989281,1,13.24
0.00154531618440839,0.22910877182651,0.669618287315946,0,NaN
0.00294296545899405,0.34589421088335,0.513832127683612,1,51.5
0.0372874839208544,0.137029043832076,0.787763693035434,1,6.61
0.0241205753009502,0.355984737641341,0.792929469843225,1,5.65
0.00877925267440014,0.110150372848192,0.605498787352824,1,8.98
0.0153817504564455,0.239949080878947,0.779271851377349,1,8.37
0.0162022281441702,0.0885828145497508,0.786462544670553,1,9.48
0.0243866812879688,0.389813745431813,0.633756246817088,1,16.38
0.00316295396312414,0.415865108255657,0.487617677317991,1,47.1
0.0211389389908086,0.300870244947398,0.467433938041224,1,13.69
0.00694329147295017,0.368395181972589,0.456779313107457,1,9.92
0.0234699806191313,0.114449607431235,0.512667922104937,1,8.67
0.0156821955786224,0.383739373558483,0.541992825254666,1,17.6
0.00127415206781488,0.0943020356258855,0.499316829152617,0,NaN
0.00133313854742371,0.091585513888961,0.717683649476944,0,NaN
0.00105573568709101,0.0562383806444128,0.57360201254823,0,NaN
0.0122182995401992,0.0942391733516811,0.792549314421992,1,12.06
0.00175761532237839,0.458566954956965,0.789362309801889,0,NaN
0.0883668551906797,0.0127030345615535,0.405685528455008,0,NaN
0.00729323219731808,0.186511052726465,0.577744901273152,1,12.66
0.0241217209560156,0.110558461018526,0.588229630405936,1,7.58
0.00288781409179167,0.228692515254585,0.566986725532275,1,56.56
0.0042925478609636,0.431593189537179,0.776009076750287,1,70.99
0.0440674528745631,0.485589010357487,0.75528513774514,1,14.94
0.00124385735107188,0.325864441672683,0.733998047851208,0,NaN
0.00325741948107964,0.299768332708082,0.796964307481315,1,88.26
0.0044227242080024,0.0620292847541404,0.49712762712207,1,17.24
0.0261431505044919,0.283472482158743,0.518530402379364,1,12.29
0.00314891862922418,0.223552708226851,0.738472015117611,1,77.7
0.00323731098711576,0.412313618218658,0.730268404167024,1,87.16
0.03731424252727,0.369484339595509,0.665535328246112,1,12.61
0.0347375944554936,0.379364378140843,0.798932146056106,1,15.84
0.0416560176841517,0.44180184597694,0.540221490646922,1,30.7
0.00700377814439436,0.485458259509605,0.494828695906572,1,18.04
0.00108890412345701,0.498268373352751,0.644709349730358,0,NaN
0.0865168600485644,0.479520843792124,0.421932631967534,0,NaN
0.0595620845038721,0.213861856627733,0.740408760658038,1,15.51
0.00961015385384343,0.246063078370926,0.436097672451486,1,10.44
0.0144171333374197,0.317345144192997,0.642077101080565,1,6.7
0.00120200936340918,0.339589286709298,0.556313210971673,0,NaN
0.00335571924962065,0.0533532727523176,0.796561540486991,1,70.74
0.00509772441992138,0.0313890498680119,0.69530166870808,1,35.04
0.00113914241363095,0.383821292455304,0.7136439349303,0,NaN
0.0814011782106677,0.403657328311907,0.765416934102049,1,24.24
0.0470100902259025,0.469029023124779,0.754363501399792,1,13.84
0.0578205811844014,0.456276596857996,0.627217443322078,1,27.81
0.00690276658035237,0.113202743830403,0.714312752624472,1,23.23
0.00193027410501251,0.31918241252406,0.798048411469303,0,NaN
0.0107492860670814,0.190746884900441,0.406735054300009,1,18.04
0.00164003257936171,0.312684106818381,0.458809196446575,1,85.15
0.0401043760721649,0.47919605501605,0.760385075644653,1,15.33
0.0467235981236424,0.0533398126891238,0.410071633159692,0,NaN
0.0736095195639391,0.0822016379916169,0.770193717964102,0,NaN
0.00649619471646532,0.0624834697121949,0.751044906478466,1,27.27
0.00184423945181637,0.0781831436420894,0.718691550700485,0,NaN
0.0819149467065656,0.249218988458387,0.703489653647793,1,14.72
0.0704737224421093,0.471742486744999,0.52881796004397,0,NaN
0.016692652051784,0.317116643494541,0.65786911949802,1,5.44
0.0854871386212694,0.0334663061769002,0.670716871024091,0,NaN
0.0044049130761838,0.462813245611242,0.566501112972344,1,44.04
0.00431837817119761,0.0708202987510647,0.699343623465448,1,41.93
0.0232016491960831,0.0244696878600793,0.691883589322654,0,NaN
0.0617600070719839,0.262093007707212,0.72318993024708,1,16.11
0.00299393267742805,0.496292493336889,0.561810237602448,1,77.57
0.047912709782739,0.0771228185493804,0.573198605818376,0,NaN
0.00555028064147718,0.344964340745952,0.521492555377636,1,20.12
0.00324724963444721,0.0972477876131469,0.543503137045515,1,39.28
0.00785668597759205,0.198220730343355,0.478484894414827,1,5.2
0.00881439198079077,0.0504712008661291,0.504528871265275,1,13.12
0.002074714208734,0.222053091383539,0.408179209284645,1,47.39
0.00230352467501456,0.334192780327481,0.633991338437463,0,NaN
0.0105652841571154,0.181145420298409,0.650865874862181,1,8.69
0.0837062810953394,0.42242526154652,0.440910689652068,0,NaN
0.0965704276812945,0.0854621106828665,0.693982103191363,0,NaN
0.0166264789150231,0.240182305721228,0.585654776692122,1,8.14
0.0735112179653639,0.480243096045764,0.512782847548089,0,NaN
0.00413162131000805,0.135021379221632,0.712873509608052,1,49.6
0.0926023614266679,0.142886662697492,0.458649900316435,0,NaN
0.00403802944046016,0.0407520339745661,0.698776825132623,1,43.61
0.0017261751439535,0.346349434608977,0.657840640877841,0,NaN
0.00181891224646148,0.223457591626073,0.51209268846768,1,83.88
0.0013446078884939,0.276609426891571,0.532429050691112,0,NaN
0.0290588891657259,0.0529019561708702,0.563791023549147,0,NaN
0.0249371980495386,0.423861333121168,0.563296891188072,1,15.01
0.027384732904013,0.221923500147811,0.486907700560933,1,21.46
0.0194854683528468,0.211166638662721,0.767204314848026,1,5.83
0.0021619834349967,0.197791054359319,0.54220204301095,1,73.24
0.0164125904034574,0.292483290559179,0.676524389161354,1,6.03
0.00260947411743408,0.473753351730098,0.702958696123175,0,NaN
0.0510072057110559,0.310369520296184,0.681935708247327,1,18.58
0.0232465465599888,0.250822159220191,0.744951177565321,1,4.61
0.00103233075260846,0.069766737575686,0.775355974833099,0,NaN
0.00258186108151356,0.0896347253585789,0.652568979520466,1,74.1
0.0368024618516193,0.344003023158695,0.620141366926266,1,11.47
0.0742922630582763,0.142726449663262,0.499787243851685,0,NaN
0.0137723271798725,0.0834789601842678,0.489280200498478,1,9.55
0.0111832019813869,0.337711346749084,0.514313932088942,1,5.12
0.00536513717831491,0.117962342355761,0.626244607120926,1,25.8
0.073909145729888,0.250156789179802,0.575742254588629,0,NaN
0.00159590935850569,0.473035180261963,0.739566352177658,0,NaN
0.0113400355881527,0.414265522453835,0.515029702619775,1,6.87
0.00401629843475653,0.0604583934459688,0.580583938627299,1,30.19
0.0166925787114977,0.311865928526836,0.543445048677959,1,17.22
0.0123893352026317,0.428049220203285,0.741550616575923,1,15.19
0.00143143558459052,0.323040899595362,0.526379483333749,0,NaN
0.00916787968971313,0.01573538429638,0.654906300765916,1,11.87
0.00484866987090824,0.0327318689577383,0.620199039766447,1,30.3
0.0125661902095597,0.0199027947707729,0.657834476001756,0,NaN
0.00207563817804891,0.213300825728785,0.721875608795691,0,NaN
0.00692874511109045,0.378567624711699,0.594951441976306,1,20.66
0.0925018718485113,0.343806440779373,0.797733816702818,1,22.83
0.0213460536638152,0.499087693038081,0.607962006004544,1,9.9
0.0219954375426846,0.407135902811528,0.490904596070405,1,14.83
0.00752869229390686,0.264096928727909,0.496535992650106,1,8.36
0.0202439374213552,0.31509182792158,0.665313389186665,1,8.44
0.00130001913950673,0.460644733406086,0.642862186779863,0,NaN
0.00368002140938065,0.21348749080852,0.589205668013443,1,43.33
0.0117692611820263,0.142882345703721,0.633276425251505,1,6.56
0.00152000784620617,0.18597577596335,0.619279843796381,0,NaN
0.0131771229689238,0.1505188750281,0.596723008021735,1,4.18
0.00619220629031697,0.216429577268559,0.604470494417657,1,20.51
0.00512052651267602,0.0828698216817562,0.753838362975747,1,39.09
0.0181721268194282,0.295339718888819,0.635347928405438,1,8
0.0277248365695873,0.306307976341536,0.683429465439885,1,15.16
0.00111635617733722,0.212121551069232,0.47423575772093,0,NaN
0.0561985785254575,0.208863456863015,0.746370607013486,1,15.93
0.0239565001195358,0.405031318259088,0.618555758333207,1,16.61
0.00182472216129312,0.342692256232413,0.724965787657837,0,NaN
0.00504699670920429,0.0931608590816612,0.680680701761469,1,32.97
0.00327629702279132,0.318588780981706,0.731914316737002,1,78.52
0.0081476466101931,0.434742999672331,0.780433914242323,1,32.24
0.0417055177023553,0.169835605735161,0.463109061054738,1,29.21
0.00280275314611452,0.405080935275402,0.675162779770248,1,90.99
0.00214922994736401,0.173425361597455,0.420087800148833,1,45.86
0.0212267189525149,0.202194472547388,0.757265282962487,1,4.81
0.00305040588865838,0.171300984158117,0.729848189993322,1,76.56
0.0176358130374691,0.454611272341246,0.516591747529886,1,17.99
0.0573633235672737,0.405311242965275,0.412794584326827,0,NaN
0.00571923810178459,0.494386321387611,0.659719731865677,1,45.82
0.00978909534967477,0.368318704362517,0.767989553748298,1,20.63
0.00138940933336992,0.0985883258944858,0.589365367978172,0,NaN
0.00322951098311953,0.458988233898353,0.604719711912694,1,71.5
0.0206157949818623,0.208237912881583,0.783665732913423,1,5.71
0.00337275807526378,0.386962615134034,0.445818262593722,1,34.27
0.00702058893124181,0.407513148940716,0.703473619230842,1,30.73
0.00232022664624616,0.347925390979568,0.675048137391423,0,NaN
0.00159574990199835,0.0159936280527903,0.411336238161302,1,56.41
0.00437902790424805,0.423098713941683,0.441411812688984,1,23.63
0.0104803226777233,0.367656751938902,0.54635528316313,1,8.1
0.00861209414777735,0.136830821567175,0.630832276187183,1,10.96
0.0910828539095872,0.368227938060948,0.441970781265538,0,NaN
0.00727314619458807,0.21353811091184,0.717936819048058,1,23.7
0.0119662647414314,0.407214435690741,0.593882512047165,1,9.14
0.00287973287203405,0.0153643659042727,0.642100063230704,1,62.27
0.0024699922636354,0.348136227903162,0.606800239619439,1,84.57
0.00348196327189222,0.421113800700348,0.438986977967899,1,33.21
0.001639400526423,0.228292993705729,0.629540113906818,0,NaN
0.00709293624980436,0.0641215965014685,0.406390316656451,1,13.61
0.0204866047889855,0.157237265905594,0.508793270865921,1,10.53
0.00907868991251806,0.38538972400129,0.764217634370668,1,23.91
0.0222979845095845,0.438263847426319,0.433229374318631,1,26.35
0.0207898125426845,0.372540084497309,0.55399381967463,1,16.28
0.00466512116951422,0.019529307591951,0.63931584630876,1,42.68
0.0121929838709135,0.0658861391544213,0.667187538110144,1,11.48
0.00964558129712327,0.0969214648729081,0.558371124235146,1,6.59
0.00202052269390419,0.224563012830448,0.654146718908614,0,NaN
0.00339764692494963,0.465361171959069,0.748066202806322,1,92.96
0.00121078894624622,0.259435260767725,0.596178178567048,0,NaN
0.00215662804532054,0.208282327480383,0.551386744182512,1,76.29
0.0109027617936678,0.426255836209909,0.661109758314709,1,14.23
0.0716756862563614,0.363285976657328,0.432497414488802,0,NaN
0.00999286123903125,0.0266700660619243,0.490600685714137,0,NaN
0.0655090894561022,0.0797186843366761,0.500862087244312,0,NaN
0.0111302608962388,0.273474077066407,0.743400284831779,1,12.89
0.00170468480061369,0.426284046707913,0.495361816941647,0,NaN
0.0037246482959011,0.327111795430271,0.443026242241108,1,25.84
0.0668019652300643,0.0582228791633658,0.514516136184785,0,NaN
0.00484083458963712,0.261778064643045,0.505932691364649,1,20.82
0.00326286717250024,0.250793560184727,0.716740999235492,1,72.61
0.00106427715303328,0.313144011652948,0.798407745264127,0,NaN
0.0568370078917684,0.234793728994939,0.608356747033714,1,26.04
0.0723954232871251,0.0841184094595873,0.474072112253791,0,NaN
0.074724772168081,0.394238292451602,0.463849973709705,0,NaN
0.0242144660793559,0.0420413585180375,0.552206700517128,0,NaN
0.0680969973189033,0.0236584526345583,0.754941674203648,0,NaN
0.0165308418220313,0.224861861080032,0.491277943442656,1,15.49
0.00128716492434907,0.463425524292593,0.654243291376327,0,NaN
0.00302121797835674,0.496167704346106,0.518246485823231,1,68.06
0.00281444770663493,0.199075732538413,0.504445034542443,1,46.18
0.0343750085611617,0.190390317792564,0.469722598103457,1,29.83
0.0643615959336851,0.296008863099768,0.525969729865583,0,NaN
0.00138442315904419,0.450048896831359,0.573914734017277,0,NaN
0.0641895890860727,0.32603704205813,0.735329207244739,1,16.93
0.00102752688194619,0.313859497451667,0.569998479749886,0,NaN
0.00480284737839143,0.48534261425948,0.612286957034552,1,48.15
0.00807108587171888,0.300022117654087,0.756515334609729,1,24.57
0.00167051153639748,0.350167646779903,0.765950675219262,0,NaN
0.0394966010626767,0.11948256270913,0.595274390558208,1,4.1
0.0583716915561807,0.22612723012263,0.467830958087013,0,NaN
0.0535128063968336,0.0240855045596797,0.543521334503923,0,NaN
0.00982264015732954,0.370253414619104,0.662400996973267,1,14.43
0.00847678425896871,0.058237325541311,0.505163769606912,1,13.13
0.00873442685730228,0.260818325446279,0.638593001408746,1,13.21
0.00205872649558536,0.212701745255816,0.605274012861424,1,93.46
0.0251170903694976,0.128757044174011,0.478264688064697,1,9.5
0.0049550059967721,0.278289802378626,0.440556381820908,1,13.46
0.0548813113496975,0.443071712630715,0.446254609055142,0,NaN
0.0582964072409387,0.360344494438268,0.467076414013709,0,NaN
0.02182816753583,0.0478558016654501,0.681229724956539,1,7.22
0.00132028412227166,0.347163219609144,0.795423897290173,0,NaN
0.0040686604801107,0.314592910853696,0.594705902466935,1,42.55
0.0833634339864906,0.0815423094573348,0.782202250752252,0,NaN
0.00575148936110717,0.438179225701306,0.700034435987737,1,42.45
0.00130790785642834,0.312751378326312,0.684160469864478,0,NaN
0.0886869392623848,0.286873472140137,0.618019839852088,0,NaN
0.00197196290087204,0.0679599662352072,0.653821320447776,0,NaN
0.0353347977074765,0.115032784381885,0.413799086687668,0,NaN
0.0165735058896864,0.136256770060864,0.714279767071937,1,6.25
0.00559791281445553,0.0244945349642456,0.763890854684269,1,38.16
0.00818095035030928,0.212843795729333,0.769829398439931,1,22.77
0.037219194431396,0.484183745178571,0.478997350197759,1,33.26
0.00592899928243839,0.420752932382355,0.708692840322504,1,40.35
0.0124184924110883,0.474673629494368,0.616148847071041,1,11.85
0.00172376634708784,0.155444681671122,0.699645369309496,0,NaN
0.00136357578118928,0.0910136945094417,0.796580416176888,0,NaN
0.00191871671113223,0.381614398587058,0.573056225602336,0,NaN
0.00286230240607461,0.0345337376254876,0.78633296191124,1,80.54
0.014536477136383,0.199675596226769,0.45919936666681,1,15.96
0.00102393718583329,0.222071001729801,0.441215910952974,0,NaN
0.0038540140124453,0.203240122813168,0.752399163659599,1,61.8
0.0641458325215977,0.346874092746716,0.695268745529675,1,16.87
0.0226335720393425,0.363224843679487,0.657548540225642,1,17.04
0.0737111105907269,0.368642415655095,0.759454238309354,1,16.33
0.0727335225613996,0.226128554967487,0.540450362290512,0,NaN
0.00482533252550189,0.477444643466593,0.427456054266886,1,22.27
0.0162242853775649,0.016744131336088,0.558443599144619,0,NaN
0.00141597502798933,0.0815912747773192,0.562487369703485,0,NaN
0.0014799854421129,0.311703983061087,0.532974913873075,0,NaN
0.00290319783562696,0.378065160312183,0.698694695857057,1,89.25
0.00121511206487391,0.164159789035811,0.464739308440788,0,NaN
0.0944289977980649,0.28135836646901,0.668653314548082,0,NaN
0.00150267908566543,0.450356657424418,0.459419406286896,0,NaN
0.025498816711596,0.182774609511744,0.740263511730759,1,4.44
0.0750052160044117,0.0899163778393772,0.479155352460834,0,NaN
0.0198448059007698,0.138568217303309,0.416302357075818,1,22.49
0.00137542118527608,0.199490868491048,0.681817547256652,0,NaN
0.0221307329110869,0.4662063795749,0.501974059859702,1,15.42
0.00449445960461684,0.133685633414139,0.777780029701013,1,51.48
0.0483667027228572,0.46901201159974,0.504588666007691,1,58.67
0.00394742233936893,0.328804982693368,0.653814668656941,1,52.85
0.0252697974863629,0.330081395766566,0.791688715434612,1,8.62
0.00389227619970339,0.18340829276736,0.696112103687229,1,53.1
0.0120622614355955,0.240369316746892,0.703388532372826,1,9.41
0.00252126475708578,0.405955822229999,0.460311994091648,1,55.57
0.00987808550563611,0.384517720106215,0.518887601350186,1,8.32
0.0024390532602718,0.318762618317825,0.569695114395052,1,75.77
0.00753116857873497,0.0434758801758635,0.443455036629887,1,12.48
0.0192304657355857,0.200486397556811,0.500751570311663,1,13.23
0.00114941963433002,0.327209261023756,0.648860998686203,0,NaN
0.0293061927600821,0.13190977634301,0.68524090659487,1,6.98
0.00241626583233274,0.445333559690346,0.6155670382088,0,NaN
0.0753341595411427,0.388521096539786,0.647342202769939,1,41.08
0.042508992040802,0.251026729271637,0.541718916309855,1,18.5
0.0057104867647132,0.167404866191405,0.790471726156418,1,39.64
0.0114417787756277,0.0554450604911544,0.408414650958026,1,11.14
0.0279984527031177,0.0574799812547176,0.765933116190706,1,3.3
0.0459966044056946,0.234427516948375,0.508354871882391,1,36.83
0.0154731567134784,0.0381222345083098,0.622131926420376,1,8.03
0.0971450475508559,0.160431369094087,0.546385209569705,0,NaN
0.0159118091014332,0.312416063657434,0.726682033188634,1,7.5
0.00738945348889592,0.0365706277155678,0.42380038632993,1,7.06
0.00522908559168728,0.346700189415433,0.669335579251922,1,39.1
0.00167445651432608,0.250747633932576,0.469216998118686,1,81.79
0.00518671608567061,0.291419163441476,0.548610593727579,1,24.05
0.00701992285254744,0.0567471000065558,0.793991067674716,1,27.64
0.0539890743171481,0.385128348610367,0.698111421273173,1,9.19
0.00325341915993079,0.406601624424733,0.608646490652438,1,65.54
0.00110041548760619,0.442695204566931,0.739162571071051,0,NaN
0.00332215505347933,0.0394185195801558,0.675712628757807,1,52.07
0.00120003729045515,0.0202549277003111,0.636693074923319,0,NaN
0.0010372098867388,0.0603156236635327,0.544474785098106,0,NaN
0.0273568702146296,0.237687923338506,0.446702216343537,1,20.95
0.0136288188442,0.337106661982092,0.623681185573293,1,6.99
0.00117515173434577,0.238648342880035,0.54831260468875,0,NaN
0.0660602870258156,0.433774031272644,0.784278402983975,1,8.04
0.00456860483597246,0.380036620320127,0.514324134109235,1,29.07
0.0160498013592399,0.240705826289943,0.627688680000918,1,4.11
0.00545461442380688,0.126646392365829,0.630559619513122,1,25.89
0.0197624368324924,0.143091769301342,0.794201023124966,1,6.7
0.00413759756892861,0.201602371183565,0.446348064796515,1,17.89
0.0280157329679845,0.0302865189712593,0.55209637488324,0,NaN
0.069156993105767,0.390708795646182,0.440192246313675,0,NaN
0.0329367687198187,0.346704941725045,0.445791208161105,1,41.62
0.0158392506234156,0.375983244153879,0.727087583024149,1,8.81
0.0854365659309119,0.288256523763251,0.729879517466348,1,22.82
0.0458359825733062,0.0334963139479966,0.464745793042494,0,NaN
0.050832374844713,0.0151224661936744,0.663051324966032,0,NaN
0.00594507939929438,0.19106110293312,0.68869498628626,1,29.24
0.0111939159738056,0.466184148285999,0.588845819868777,1,12.07
0.0413359619420653,0.027384121119638,0.488688755497561,0,NaN
0.0225432922668919,0.0642399484593741,0.57626438720074,1,15.81
0.0240394020902139,0.235589341356562,0.408168448630643,1,32.68
0.00144607804651495,0.12132925168944,0.48707847109809,1,94.91
0.00140863273444897,0.274865665057827,0.63765323615754,0,NaN
0.00216545006892949,0.0992805547602726,0.565043010424038,1,73.09
0.00726672598279269,0.442376207031988,0.764185927201333,1,36.91
0.0390516853848861,0.0740696043634791,0.60277353945658,0,NaN
0.00858267223881337,0.303660051864899,0.672157512752068,1,16.82
0.00114038155068812,0.358895548414575,0.515679047456108,0,NaN
0.0846539452374327,0.25443443483259,0.478123113336207,0,NaN
0.00592374517940114,0.383917584544458,0.645117496149632,1,31.84
0.0315638522927418,0.456585000621772,0.61434033047289,1,14.1
0.0311742626619178,0.209856893744783,0.536453331319332,1,20.58
0.0354961914563636,0.404473103915781,0.557597436052496,1,22.2
0.00582946688168124,0.258798150350464,0.557702908674762,1,19.18
0.0340798473449889,0.442880473007168,0.692156392036251,1,15.09
0.0560287940394649,0.249643502017628,0.563117919569381,1,35.14
0.00156636083374086,0.131337258332764,0.406788021604124,1,63.54
0.00979292494115011,0.406118425597709,0.792632723872568,1,23.82
0.00273527441944659,0.220455575338139,0.678440128252414,1,80.33
0.00586627393298061,0.0473673199910001,0.584274877812112,1,19.88
0.0851344651109338,0.128076214455782,0.704177218431596,0,NaN
0.0023838356863628,0.0565132686139597,0.711922857418373,1,89.77
0.00191713198175794,0.0146484365213333,0.564030952236815,1,76.28
0.0243713406180697,0.271052061877452,0.623103888137599,1,14.87
0.0236150135585025,0.439420634135092,0.407853848756472,1,37.46
0.00816887792668902,0.493350854801031,0.79430458460577,1,39.35
0.00937001175738214,0.180525153505635,0.793165560336612,1,19.17
0.00108647799783969,0.164396188864159,0.552553949413518,0,NaN
0.00407707905769465,0.256779573214605,0.450796796516608,1,20.77
0.0351095733220256,0.135468666231648,0.400916726098327,0,NaN
0.0100485259170477,0.334281446842057,0.559186532415279,1,8.16
0.00368729358653416,0.310150031623224,0.45322897355038,1,27.29
0.00128681938248424,0.420326163178044,0.746372491567216,0,NaN
0.0687021378217706,0.251660424788112,0.73205936273155,1,15.41
0.0138981242214684,0.402604079919465,0.791512382309459,1,13.46
0.08986646293351,0.0412406718342257,0.434573549512594,0,NaN
0.0664320743069638,0.229868917539871,0.757668041398501,1,15.1
0.0787411887452433,0.481093058408063,0.711224187850167,1,25.72
0.00188448503694688,0.3427481328713,0.685663841161965,0,NaN
0.00547558904898208,0.0505598142473306,0.444890344936983,1,16.53
0.0725750667618571,0.48305355726953,0.544955879073778,0,NaN
0.00948908353309708,0.0570315240991927,0.448772225467925,1,11.95
0.00194429510086802,0.462029090673789,0.453934647215618,1,82.52
0.00103940262487758,0.173324271259199,0.581996833610434,0,NaN
0.0558090667980859,0.210086398821364,0.472352222384228,0,NaN
0.00127715681219649,0.278950817984874,0.744526811005073,0,NaN
0.00753900780983999,0.260408997985607,0.45831836669554,1,5.74
0.0709630112357376,0.233077656815236,0.527254651556572,0,NaN
0.0779115773331731,0.363542312101337,0.654624794275395,1,40.47
0.0197008380855323,0.367860655563792,0.608770769129419,1,9.08
0.0542240437423239,0.370643180671023,0.748403649346769,1,9.68
0.006604049306475,0.122143532097669,0.520419155707074,1,8.49
0.0019919853225169,0.104241099333208,0.477820198807807,1,60.68
0.0362356321235649,0.429049555070252,0.772271554188632,1,15.95
0.00243786419784743,0.087564532650992,0.691666278449049,1,86.92
0.00183448664462659,0.234510337669129,0.742162709347336,0,NaN
0.0319195877472747,0.310795427344467,0.655364563575263,1,13.08
0.0751756393720195,0.135769609165472,0.61946274316608,0,NaN
0.0417961475209848,0.47553300684761,0.642206150155516,1,12.3
0.00720258302708264,0.164401382721517,0.508853627390673,1,6.97
0.092785539720075,0.376158329242076,0.585993078309877,0,NaN
0.00227611204047255,0.425841524752376,0.528744788296518,1,82.09
0.00162184722804543,0.429060157823907,0.744152268130724,0,NaN
0.0163731997746649,0.382657855922129,0.455644981927122,1,16.5
0.00115904944318358,0.39842852505029,0.484716667190653,0,NaN
0.030338869279951,0.403684767726277,0.415722807696839,1,55.29
0.00244113468049,0.176265764403911,0.566436344868797,1,67.04
0.00868457241633408,0.474057924434112,0.454222374385974,1,9.79
0.00729107102840536,0.427155977324587,0.498729354662681,1,13.9
0.0012191130759484,0.497161418370455,0.771060385463229,0,NaN
0.0281528758556424,0.278380858515315,0.400597635026773,1,40.45
0.00387541410407928,0.313196826404717,0.548933218279738,1,38.88
0.0610849595897835,0.0370191371393503,0.680275819127677,0,NaN
0.0802446710400329,0.365752192133041,0.634208529340792,1,81.09
0.0094152902458101,0.186766453456214,0.436500934905935,1,9.86
0.0010080643917756,0.0911362349193717,0.502929807391583,0,NaN
0.00107486050253035,0.383992879868659,0.705518445282938,0,NaN
0.00143267303294215,0.0706368652255881,0.432176629873776,1,73.62
0.0096800564487868,0.299710075241725,0.598451178630055,1,9.67
0.0010821804616873,0.327617468814022,0.736297261091667,0,NaN
0.0037862987266567,0.423588980134379,0.708758596163091,1,71.01
0.0775879303781401,0.353310491998212,0.765217029136584,1,15.8
0.00551052140992734,0.141306998476349,0.461744230206703,1,7.76
0.00230228726465261,0.119178784863593,0.410504621591374,1,36.95
0.0204111970252341,0.129485956969663,0.798847379524729,1,6.8
0.0290298743073131,0.0677385709080826,0.729906870638388,1,4.55
0.00578277950743256,0.360046053420901,0.622887182644103,1,29.63
0.00265666000383468,0.180204010770965,0.434151539982483,1,35.89
0.00137798129308789,0.0534000804001199,0.703813807175453,0,NaN
0.0110488689086978,0.297030752317298,0.51311672786319,1,4.86
0.00635275573137747,0.487392362973001,0.673685864079356,1,40.19
0.012456576705586,0.0613381706765226,0.565954557416389,1,11.4
0.0120856990453118,0.123361894644096,0.402411834440966,1,12.06
0.04497711478615,0.441149634718269,0.55136823890714,1,29.96
0.0475028157568264,0.0848407206723687,0.640113776253307,0,NaN
0.00674668282913911,0.167925340102432,0.562382750016068,1,13.07
0.00161563124243127,0.29326553360184,0.451452540365665,1,82.81
0.00878399015143509,0.0803618529798376,0.575902131974938,1,9.75
0.00415861628011703,0.346480095668989,0.543734226214659,1,35.75
0.00141004381922482,0.0301666370325993,0.77900780881899,0,NaN
0.00148231547860452,0.475354743597954,0.492984039556454,0,NaN
0.0617082287601123,0.366967053469679,0.701599648349101,1,17.62
0.00438022692367025,0.305436149373964,0.592679871229344,1,37.71
0.0151092801361962,0.236985668785905,0.582986649926743,1,8.12
0.0452686643988869,0.369923182512575,0.799727208497911,1,14.11
0.0113871369416574,0.14697232084373,0.732710252907262,1,10.62
0.0502579514583431,0.0136477704271187,0.702802277576248,0,NaN
0.0595558076043632,0.120293233002461,0.579920880747473,0,NaN
0.00286604906139633,0.0553452702784178,0.59854990196786,1,51.86
0.00115808028608944,0.0642609545506456,0.580097786803586,0,NaN
0.00487996196055215,0.124510061395822,0.596564320731796,1,27.02
0.0602783939917108,0.299466772961474,0.492894665739706,0,NaN
0.0021662697583513,0.288067190537548,0.732137688641085,0,NaN
0.0017512167515262,0.163853009905175,0.63062829204716,0,NaN
0.00226937158526119,0.337484407954657,0.472220969191639,1,61.64
0.0146727912681231,0.407001699685127,0.422990984825603,1,17.36
0.00379284113697445,0.355048470885532,0.761639644915149,1,72.7
0.0990780051549958,0.431355752125953,0.563975602170916,0,NaN
0.00119556802933546,0.312020191285985,0.784057294179059,0,NaN
0.00235790815215969,0.098341346130881,0.444428496759809,1,40.99
0.0327714208480106,0.439977996424698,0.6460681458847,1,14.51
0.0332109158869672,0.277010491659161,0.478635498825587,1,30.61
0.0460303924875541,0.0944047954367083,0.744623699913599,1,12.55
0.0111201202016278,0.377035638527392,0.688485060810911,1,13.33
0.00166523250137463,0.456984164595419,0.512356915057105,0,NaN
0.0162877518841851,0.183672029589155,0.447123898121514,1,13.46
0.0173274227813662,0.186343362582673,0.630051611035112,1,3.8
0.00792550137315696,0.363221118799494,0.622891408824195,1,17.75
0.00772835900948303,0.179307443958243,0.424100362291352,1,10.51
0.0306026450732324,0.118231599331326,0.689903721711082,1,6.51
0.0372729877770076,0.137876536777031,0.401571617337592,0,NaN
0.00523413251433369,0.493635441487314,0.643399929460707,1,48.76
0.00741771511294892,0.482519570941816,0.749288995071797,1,38.65
0.00209418947168092,0.0851053765634922,0.66054611241597,0,NaN
0.00210063716204519,0.166571104390562,0.459535664669697,1,55.57
0.0071808735413639,0.133527549530488,0.593006939054706,1,12.67
0.00398288696761462,0.448532495015651,0.51502734555586,1,40.81
0.0649915850896398,0.286758062697135,0.706995730201639,1,16.17
0.0161305938141515,0.189374168606169,0.522369015570521,1,15.51
0.0555673903211427,0.249715504962312,0.497772908978887,0,NaN
0.00645166720283897,0.270350131264833,0.692660747806623,1,28.06
0.00393309495156921,0.363783176071104,0.681524663046283,1,59.22
0.00864440394222867,0.0494841269591067,0.647661175373585,1,16.21
0.0243882545215681,0.476891470106017,0.534094381635195,1,15.56
0.00900028232512311,0.237752343796153,0.501364369063746,1,5.16
0.00148675464660728,0.309812574480051,0.579505926139091,0,NaN
0.00151146916036475,0.48670229157025,0.47946582281169,0,NaN
0.00102222899359135,0.276085369983129,0.464955573090287,0,NaN
0.0061125324195486,0.277508164347397,0.652263360579074,1,26.9
0.0100424201996888,0.288066703011752,0.433302189559083,1,19.49
0.00221848660253003,0.0521765947753816,0.500797524134646,1,50.81
0.00130466411594217,0.02602206606411,0.750596482098993,0,NaN
0.00519331308021392,0.239118660408071,0.642939300794942,1,32.3
0.0424160255474865,0.228677982575643,0.718490567789275,1,8.76
0.00600718471915388,0.158462916257357,0.498741592280389,1,10.04
0.00132167249048439,0.090509419473244,0.700480926653639,0,NaN
0.014700716731004,0.0547550838060142,0.775964860640119,1,13.57
0.00525695883967213,0.430409491868368,0.552119169386564,1,29.97
0.0195518315038551,0.153118464080024,0.43424991058769,1,22.98
0.0218749912526193,0.467266065717498,0.617759729131603,1,18.19
0.0669260541218007,0.463304586570302,0.629866170161865,1,35.47
0.0761006893314036,0.464496820043725,0.515086072459869,0,NaN
0.0435679908548925,0.409138073175138,0.610080257794619,1,20.44
0.0136590258995861,0.351345257196814,0.7497991189221,1,11.09
0.0330252284544763,0.342428598390233,0.411526598387766,1,61.49
0.0115970975417648,0.0959558658273848,0.623951723868642,1,8.42
0.0801933974061985,0.158965181003023,0.680028024712408,1,25.49
0.00110198413577,0.276942254692106,0.503634736937092,0,NaN
0.00339615098793312,0.381137061541707,0.403147048718132,1,26.13
0.00780000510192242,0.279525937404927,0.455414530400726,1,5.67
0.0125959680768534,0.079503784573373,0.750253998835214,1,11.34
0.0523832303747446,0.296429552992629,0.612319616558234,1,17.66
0.0518768898178917,0.258517866621041,0.694508170786424,1,17.61
0.00371144739291563,0.0659969187925182,0.573303110099689,1,33.62
0.0167035210983224,0.435599043841372,0.426782019363029,1,16.57
0.0138121465746365,0.178723482160501,0.507869904474611,1,16.32
0.074141738192248,0.0747692274177573,0.453989157722865,0,NaN
0.00139043002845319,0.174461392299475,0.479047614622199,0,NaN
0.00523167449156697,0.456772559636088,0.782776647308765,1,59.37
0.00585179687675959,0.0570843796056449,0.757414504777176,1,31.97
0.00119348417811484,0.0874839321819535,0.656753734770071,0,NaN
0.0686294581063076,0.042756221683143,0.615594367913023,0,NaN
0.00106509704708506,0.0916893934137915,0.44984386818349,0,NaN
0.0511538592259827,0.383753713149491,0.689101673463679,1,9.48
0.00125090006936672,0.132478959763377,0.64596011633732,0,NaN
0.00878817084988679,0.065269344676478,0.539258972459018,1,12.4
0.011235038295966,0.0489706726814638,0.672811744581114,1,15.59
0.0018342339037348,0.26277462074048,0.776156016391759,0,NaN
0.00491821008302726,0.328882852820294,0.738874801994446,1,49.25
0.00103176341328985,0.0433926784681347,0.404592162887921,1,92.72
0.00401609487520126,0.153312622041119,0.487064918860086,1,23.26
0.00272892465670679,0.301744675548049,0.625477170545266,1,75.66
0.0310273888990265,0.201386280832537,0.535249260915247,1,20.47
0.0138953864512228,0.190807124913649,0.569288168281258,1,6.93
0.0015214595355687,0.298178915157722,0.411498314122825,1,76.45
0.00312775035336867,0.25550041772922,0.767301169842027,1,84.76
0.00107813952086424,0.329939569709143,0.426081289630112,0,NaN
0.00614198841176716,0.264843806990718,0.660939332618599,1,27.27
0.0320818957798953,0.196511501392014,0.547842105099538,1,20.09
0.07087944083411,0.309830947837124,0.495660548555902,0,NaN
0.00456616143767418,0.197124256217674,0.549381973539905,1,26.6
0.0103848692524963,0.452854266257768,0.586446670415633,1,12.7
0.00257034553968663,0.399417207079343,0.454040128067872,1,52.9
0.0519457579902667,0.103186333220137,0.400756442115066,0,NaN
0.0479700873501501,0.0149045418568243,0.403473820130194,0,NaN
0.0736044710550414,0.387321164684603,0.74286390551813,1,16.48
0.0244460015923212,0.0173858164961875,0.475937684782885,0,NaN
0.0133272445868061,0.48887578128083,0.630104268156068,1,11.74
0.00459531198216827,0.471469408953225,0.674542234400294,1,57.04
0.00412089658019347,0.176627666343232,0.773748588650375,1,58.54
0.0200308170062343,0.0289936827430673,0.627112029082456,0,NaN
0.00409366710710061,0.371958709034155,0.782549284212325,1,70.52
0.0636530115500406,0.381960898033108,0.512530859899258,0,NaN
0.00443577769548189,0.338588180762329,0.516619611623555,1,28.67
0.00759723582807764,0.361218167534769,0.473691539300185,1,9.32
0.0116706005791997,0.188613137600549,0.485402771831125,1,8.94
0.0183955858075777,0.417813011591128,0.589117991527292,1,9.82
0.00101082311544084,0.106530523216507,0.799019707326012,0,NaN
0.00673180426664098,0.311503324539409,0.729787423295617,1,30.75
0.0838243517233819,0.44919510003686,0.604805137309347,0,NaN
0.0696480875700233,0.307855892911076,0.666437669758087,1,24.63
0.00264868214270956,0.22985756041787,0.653319220504999,1,79.34
0.00384288812274922,0.284568223769874,0.441443696608159,1,22.92
0.00356574770890819,0.276568322093437,0.472348671300859,1,30.49
0.0130046158207398,0.123972482028786,0.619527113350722,1,5.59
0.00237447337891992,0.314051144742845,0.400262767451324,1,41.05
0.0089087304589788,0.243371965244093,0.407262731264531,1,20.32
0.0145332657247468,0.0475294393457147,0.500276572722615,1,15.72
0.0611042730571376,0.0839966988666688,0.564084229299266,0,NaN
0.00833520875565842,0.428672537080712,0.617102140851498,1,18.61
0.0137480607660254,0.083203444148083,0.595561676737638,1,10.61
0.00225706581997619,0.177315384928562,0.56716909862147,1,74
0.00234901700891609,0.419040601585216,0.670317911984694,0,NaN
0.00113929972966246,0.309455095329108,0.682060606819988,0,NaN
0.0103856096930665,0.265225967974099,0.503648195324698,1,8.8
0.0521822677044378,0.486888132723085,0.727292661411019,1,12.72
0.0575506444936458,0.449342467578569,0.519801831322523,0,NaN
0.00236176601768097,0.135054505778128,0.476859245244021,1,49.56
0.00593213726002385,0.431942772567784,0.577839583473242,1,27.96
0.0624605444401162,0.417682920783186,0.482596915670768,0,NaN
0.00344746361564939,0.235156438852483,0.465379983890252,1,29.68
0.00595362946467058,0.265143418728523,0.708947168776808,1,33.06
0.0111185265374042,0.0317683362495162,0.794739074292083,1,20.63
0.023505971961066,0.42340478465744,0.756742856127198,1,6.17
0.00575813939653739,0.263743699139295,0.576782464200283,1,21.69
0.0014811789152988,0.0256034516237158,0.48635284342421,1,74.74
0.00125773074926781,0.400469502604644,0.560722216171452,0,NaN
0.0729141474396596,0.16507937729741,0.748487939506997,1,11.27
0.00914715446712733,0.218609802956099,0.746462113722537,1,17.65
0.0113054648084543,0.455087765850348,0.500213609115053,1,7.36
0.0112576292483485,0.129967261398457,0.735375786655083,1,11.13
0.00217598509266978,0.181403877451885,0.502852611914582,1,63.34
0.0498699088422571,0.303625098057274,0.724396707496352,1,9
0.0103889248544197,0.423938497491124,0.494001214145048,1,7.28
0.0121898225105934,0.337983822871988,0.436296529661037,1,18.96
0.0116888872128672,0.156015755908116,0.55273728218729,1,4.2
0.00113982487325642,0.218997578923479,0.492814443974365,0,NaN
0.0244884439125999,0.0227538369803103,0.509720446848328,0,NaN
0.0390215418481063,0.171698941443733,0.700195611779677,1,6.6
0.0285922944604038,0.036333495576094,0.403689577498104,0,NaN
0.0688772146820851,0.335552084796307,0.634130645586343,1,33.54
0.00274924824384399,0.0919952386873021,0.78878559356379,1,92.45
0.0260334352784365,0.0287417820135346,0.491584562615863,0,NaN
0.0150447514759463,0.182784806593007,0.683795138105449,1,5.56
0.0289887548666984,0.0632904874073249,0.658729323449678,1,14.21
0.00200633061549257,0.433056253614557,0.409059031871962,1,63.62
0.0482310747655258,0.267345101027279,0.490625813077407,1,63.61
0.0142671691363481,0.220716194928329,0.519756145231823,1,17.11
0.00374229296420279,0.178928650190283,0.742804474215473,1,61.83
0.00583483982833778,0.22606725144346,0.706556457943323,1,32.64
0.00246414824282007,0.127013913765272,0.557564913032106,1,62.08
0.00290877863699145,0.225943686690443,0.647360277796612,1,69.83
0.0043641302850158,0.437002278898724,0.692568011543083,1,59.13
0.0224873309871655,0.407770549120919,0.583542289706074,1,16.23
0.0294064745906684,0.151014691187366,0.692207926889314,1,7.77
0.00219946531035934,0.356885287882836,0.483786121901565,1,68.12
0.00100467490197799,0.271533015201959,0.683544817710193,0,NaN
0.0979690745243047,0.103581709162879,0.694405494816267,0,NaN
0.0046814620828746,0.10659335836274,0.493156172747071,1,15.11
0.0135610166274275,0.0781248045995129,0.534607265925201,1,10.2
0.00171710695011613,0.235886749169799,0.756618081128458,0,NaN
0.0247449334587663,0.0620282445235925,0.556756148707994,1,13.36
0.00384021149545641,0.445378212715363,0.418481574889688,1,27.36
0.00129282896068806,0.477336737963907,0.704387863354901,0,NaN
0.00551036746789526,0.0239279133244835,0.770828387862231,1,39.45
0.0791239841095397,0.0177585320332339,0.601454497233197,0,NaN
0.0674689945804285,0.466894753971072,0.421482666950056,0,NaN
0.0172849958176885,0.25683922088615,0.476616008326663,1,15.46
0.0725878739867732,0.438908152190519,0.567951160423011,0,NaN
0.0331902162851874,0.269875837797909,0.737758986700308,1,3.21
0.0249550844559768,0.327984530468921,0.771715959127191,1,8.7
0.00299271157343267,0.121871311557744,0.68136298124607,1,68.14
0.0184401650344059,0.274764629878196,0.55090449866872,1,16.29
0.027149599445763,0.493923354768358,0.710772043217524,1,9.98
0.00836694098071667,0.422883898781882,0.504765646617008,1,11.11
0.00415814214241067,0.187831655277956,0.646797747944102,1,42.77
0.0597140248051826,0.320001700269832,0.711621188465193,1,17.43
0.00247448050045744,0.342630643493313,0.485758047411086,1,58.29
0.0374454358952498,0.211197852413189,0.706792626516201,1,9.1
0.00237258542964842,0.303801838653961,0.464024408452545,1,54.51
0.00866904112617321,0.43097601427136,0.606120959043698,1,17.04
0.0106504966941009,0.0125851693425985,0.703040472825624,0,NaN
0.00501938207357132,0.226533046062501,0.789781303432537,1,48.83
0.0599496383856535,0.106872999595871,0.591437182913065,0,NaN
0.00338789443039227,0.284314909090959,0.499647315174255,1,37.67
0.00110244325033897,0.286056346686082,0.717262445175163,0,NaN
0.0263106416747362,0.371088588377466,0.560455252560064,1,14.07
0.0826897771923622,0.324139480812195,0.659117177701362,1,47.76
0.0454138021002929,0.262677631412031,0.40513845533913,0,NaN
0.0258220547761639,0.317002212900043,0.643354754902781,1,14.99
0.0129194316563433,0.272179479181489,0.424456079933232,1,17.51
0.00117700053163566,0.0427800698444371,0.700795587365276,0,NaN
0.0985316294340212,0.479724734908496,0.549525330102953,0,NaN
0.0106042507658808,0.381778265538678,0.433341049547959,1,19.63
0.00137311706341862,0.434798805974101,0.663734208586519,0,NaN
0.0958168553357356,0.463319330858943,0.415742176650597,0,NaN
0.00217129228024709,0.352820440990885,0.744793376232219,0,NaN
0.00287763022796885,0.348347465082051,0.739392263772801,0,NaN
0.0190122145350259,0.0711992288415087,0.420472892684737,0,NaN
0.0130095301099616,0.0483237618527692,0.708281624045028,1,14.84
0.00692175542647273,0.0560914364872111,0.691384271952339,1,21.43
0.0601958369298142,0.338715223969782,0.722670949998578,1,17.78
0.0863012889366192,0.33742600081184,0.731582602883998,1,31.47
0.0803432031119503,0.377290087180328,0.632459154673912,1,81.18
0.0934847889228572,0.115267288829134,0.482396405522432,0,NaN
0.00592169320724849,0.26305911931391,0.495276501240104,1,13.11
0.0237739314415254,0.114285831165064,0.519357487958593,1,8.53
0.00373334208965904,0.315085283122376,0.441420949531672,1,25.32
0.0427927616707671,0.304664932553914,0.747395324477495,1,2.51
0.035945692411085,0.193709625533301,0.593188968347169,1,19.07
0.00311749416186076,0.117305386468012,0.462069273019473,1,29.5
0.0213448389357356,0.488806034002465,0.616303627864388,1,9.85
0.00135916865214737,0.339807355639667,0.64545293742759,0,NaN
0.0162346754374078,0.235847399233754,0.540402828484985,1,16.63
0.0476614519381409,0.30995777665999,0.521687955013473,1,36.9
0.00271631950060623,0.0947026501058064,0.402207912501622,1,24.11
0.00214529060145772,0.272097684517523,0.536987694554596,1,77.04
0.00402385684441878,0.309798086732783,0.513949003291114,1,31.85
0.00106738945171176,0.255351955269556,0.611476092943993,0,NaN
0.0334326246074126,0.0678662581927018,0.455659075614687,0,NaN
0.00293433691251734,0.111414763826311,0.601405518619193,1,55.98
0.0500426424062104,0.334444246317811,0.656724879349281,1,18.95
0.0414121403798853,0.438210554447916,0.778731904269566,1,14.85
0.00162354076212338,0.0475867234453043,0.520004267159828,1,82.41
0.00500276899011788,0.354423500161532,0.581080688700243,1,31.65
0.00237987263370431,0.404621511306083,0.422909776179229,1,51.15
0.0065069921258268,0.146977547178584,0.701220925079612,1,25.53
0.00502014971627647,0.166010147862519,0.575430434698544,1,24.9
0.0783869297630647,0.235794349139165,0.564881644054179,0,NaN
0.00550006585417687,0.474466188468651,0.584174389910361,1,35.79
0.0504731190777307,0.174996925065563,0.595374563465618,1,7.65
0.00454579616644767,0.0433916490526662,0.610494391986888,1,29.19
0.0463788435367989,0.177631065458079,0.692405366477839,1,16.56
0.089875399925458,0.356801715228964,0.463260037223651,0,NaN
0.00617430538318114,0.28430080965938,0.588860783708917,1,20.95
0.00541932357082518,0.0513344871112809,0.510549343463652,1,16.75
0.00287991846705531,0.400614284550606,0.404730018792632,1,35.71
0.0373852168418386,0.346665907254121,0.414672317439378,0,NaN
0.0108469037299859,0.333880956323733,0.702039398789653,1,13.22
0.00748261012913366,0.495263697543401,0.471173140605754,1,15.06
0.0683907590326592,0.318987136304889,0.669445985220449,1,24.8
0.0188131829511897,0.454725100486623,0.42552848237806,1,15.45
0.0277383399952052,0.245734507150204,0.515003621643268,1,22.27
0.0402508326701911,0.257394894576652,0.670918280939913,1,9.63
0.082276794671948,0.344831565401295,0.446197461083392,0,NaN
0.0217117827863008,0.17442082848304,0.527316600299729,1,11.12
0.0208368218896375,0.0819248263167864,0.511201619496441,1,6.76
0.0896171640917827,0.275691182448393,0.513637944702211,0,NaN
0.0573613328745562,0.291543589126921,0.690878852287241,1,17.3
0.00323245069314631,0.334420897847502,0.608720417335813,1,60.83
0.0088117366580128,0.340103057111587,0.743640467352667,1,21.85
0.00944322179993277,0.457137384862165,0.424998481296971,1,11.48
0.009302585588644,0.458383415634828,0.595926772288826,1,15.88
0.0214723620347659,0.144324751308707,0.436435394244428,1,21.96
0.00768761690432338,0.0715225132579647,0.443522193671905,1,13.54
0.013900190767511,0.281024937316882,0.785015170742227,1,10.49
0.00109386471607436,0.0471859392515769,0.544988806910735,0,NaN
0.090185609175169,0.23731422056914,0.782359731995441,1,13.27
0.0874486768490152,0.0800576827218032,0.509114012695122,0,NaN
0.0483911996443669,0.388238536126117,0.642341621270649,1,19.49
0.0890133078992465,0.342511181880315,0.76940327885871,1,22.88
0.0262745473296742,0.0384574986953322,0.410551490823476,0,NaN
0.0130116465293124,0.323584141829234,0.587175014605694,1,5.97
0.00561654209732721,0.0562286817142658,0.72796187771087,1,31.02
0.0153393752594088,0.456993004720618,0.735757240960786,1,11.71
0.00111325672960623,0.0570072866961048,0.495328426792504,0,NaN
0.00172950406726884,0.0854762731818815,0.752178442858686,0,NaN
0.0617896007677482,0.431369812418161,0.746195622326397,1,8.7
0.00231361674066343,0.0157274765806368,0.718439522213134,1,89.48
0.0124839334355537,0.025829683123888,0.46525854862323,0,NaN
0.00499045947624016,0.386514258484226,0.711804805086286,1,48.44
0.0170655738379028,0.357044154870705,0.532249441901936,1,17.49
0.00731334571433088,0.234858298933213,0.487647805115487,1,7.32
0.0261488067420556,0.323289922426101,0.732453405628543,1,8.4
0.0359576515516602,0.0980884161431786,0.631961745407556,1,14.53
0.00487006689956526,0.381932141403696,0.500249053202979,1,24.62
0.00772302149729468,0.368058266590894,0.514913591477416,1,11.44
0.0169475303074416,0.421517665673331,0.793462402165605,1,10.72
0.0235176227610794,0.0965095176404402,0.42563827750428,0,NaN
0.0488033222145598,0.122667992979315,0.665804628337567,1,12.76
0.00307944632734246,0.370172544963517,0.75980088881578,1,93.41
0.00967813399233637,0.442975764072942,0.418252111114264,1,11.69
0.0183360924859858,0.294412311288433,0.779579635321599,1,7.01
0.00362594664202003,0.241540231016877,0.448634251298064,1,25.12
0.00108684847514645,0.386914547625018,0.700319215710367,0,NaN
0.0224945871545803,0.425743474578792,0.760938644737225,1,7
0.0236135560336747,0.029893146098565,0.59816762379083,0,NaN
0.00429427526060244,0.028066572483256,0.500229276603443,1,28.87
0.0684984219366717,0.0917366946571532,0.583850420714399,0,NaN
0.0426843802699719,0.0340175182664366,0.512771395302449,0,NaN
0.00110988738143397,0.447625198643012,0.716110303291984,0,NaN
0.0106728320537198,0.0488219051969031,0.768347880732585,1,16.78
0.0285908185692881,0.0308087059328939,0.716250946097315,0,NaN
0.0259608317745747,0.0567458954709509,0.715794243542336,1,6.08
0.00179758901335536,0.201009071882025,0.762454256015021,0,NaN
0.0169082936509396,0.235567461540596,0.610913150933727,1,7.43
0.00167093929959027,0.0353730644147314,0.408613168562363,1,47.98
0.0369902085732055,0.282096908138411,0.642028060639294,1,10.74
0.00857736580022564,0.477830507671024,0.477726095180401,1,11.48
0.00394480348692205,0.456449333398553,0.56638342331955,1,49.98
0.0244946526563776,0.136106185231602,0.732761669733277,1,6.42
0.0426604324363755,0.0130274479937565,0.654860851505803,0,NaN
0.0828548827346058,0.334046543898668,0.533973934517175,0,NaN
0.00170500441093977,0.272319804621174,0.626655919916531,0,NaN
0.018388325488499,0.259368759295856,0.725989289909551,1,5.97
0.0798298888339363,0.0737451558649184,0.613297105048027,0,NaN
0.0365866251202259,0.0482170687604913,0.574692573126364,0,NaN
0.00740220163528985,0.0901835567534877,0.677135014065374,1,17.57
0.0376957076434925,0.411752696483213,0.621764585432674,1,11.95
0.0198804107602233,0.141270048606673,0.611713023261857,1,8.18
0.00204782738495003,0.0986596835699643,0.479238306655224,1,58.38
0.00556223639420681,0.493070376586652,0.500225937717114,1,27.27
0.0264759320439988,0.24486651793802,0.52176723261226,1,11.45
0.00260950675897495,0.240729937851216,0.650680768924107,1,80.72
0.0144899546655753,0.201888063130555,0.468429381910028,1,16.02
0.00332102769654739,0.145614454624346,0.436817783562607,1,23.86
0.00535866167534675,0.420227312119182,0.701184351194981,1,45.18
0.00746379184597165,0.303825364692117,0.537092996616272,1,11.81
0.00117806147454677,0.136528167155323,0.572829284222122,0,NaN
0.00261142217627979,0.0485769752074703,0.535782566572017,1,45.8
0.00137096876066693,0.374170942985417,0.599285423475507,0,NaN
0.0323854915548617,0.201177973732109,0.503536095023342,1,19.98
0.00266065088192077,0.440724092637406,0.747504847088691,0,NaN
0.0357354941702751,0.228283611007992,0.408965812048056,0,NaN
0.0885329189398983,0.206349550106056,0.649331649930488,1,71.46
0.00802820544740144,0.19572037850051,0.678736873633845,1,17.02
0.00216505766495771,0.227307506212313,0.497503387484185,1,64.87
0.00105131847472113,0.325765039529472,0.4050700726858,0,NaN
0.00488911151218764,0.212623919725859,0.529388853041169,1,21.8
0.00124796785330949,0.129647408659229,0.56394138989684,0,NaN
0.011693905115137,0.474615018064482,0.414834307688085,1,20.13
0.00290723481992136,0.266625050079878,0.434668480629548,1,34.56
0.0352561856900226,0.197908300051067,0.569887746095525,1,19.37
0.00172371838342882,0.427953842484007,0.778298922805338,0,NaN
0.00810845536610507,0.101982380542821,0.443649129428725,1,4.11
0.00478978387664288,0.109064918264649,0.513328126116956,1,16.92
0.0910645482612734,0.309084068804903,0.66266866213429,1,94.14
0.00239298650110928,0.21761753242562,0.734145219856907,0,NaN
0.0819744824985638,0.201704469673824,0.624842858288599,1,72.64
0.0655649095884152,0.0316669169497518,0.425813580072029,0,NaN
0.0350538028205455,0.350044372014992,0.741715979659738,1,14.92
0.0069525263337076,0.479443968043483,0.553060496669957,1,22.79
0.00104506649691799,0.137795204598711,0.598994754626243,0,NaN
0.00244354348347719,0.440596660603725,0.531963702549445,1,77.96
0.019176662753269,0.14822691408285,0.780028750724222,1,6.05
0.00768548008128485,0.14675522253972,0.522891807116963,1,6.59
0.0056115572571689,0.446885055435345,0.530134844743745,1,25.91
0.00102806682017499,0.389985444858659,0.662971447519447,0,NaN
0.00333600377771688,0.0529099648864879,0.499901321646692,1,27.56
0.00875904008824266,0.0651059254648065,0.597913492464292,1,12.58
0.00133101333991629,0.272698265660188,0.773701045405337,0,NaN
0.0104388657228403,0.0513109749963089,0.720791031537557,1,15.73
0.0204401927515889,0.200998712845497,0.447486994962831,1,23.46
0.00116980489438586,0.137839148300608,0.608178730853237,0,NaN
0.0111047001000459,0.481701478301987,0.772935722142558,1,23.19
0.0563491426211286,0.317448294659207,0.738232467139265,1,8.56
0.00245929238656072,0.0365442719947714,0.428507785870731,1,32.78
0.00333996392267588,0.275403037692496,0.618517253905787,1,56.83
0.00648925025241889,0.112594126438875,0.694480089903097,1,23.98
0.0961480414318821,0.262590019760323,0.684231645298139,1,77.89
0.00908995483167561,0.0864177827447031,0.589755158530705,1,9.3
0.097400049247021,0.217718107710019,0.594936278963434,0,NaN
0.0939890613935158,0.049867014395403,0.405522852356305,0,NaN
0.0014077206756977,0.475588458344524,0.713712614997218,0,NaN
0.0940577820573947,0.214618883021536,0.543694805969203,0,NaN
0.00884143443485437,0.470132147183453,0.406174103184644,1,11.88
0.00310063422049908,0.450099135499444,0.457466073489289,1,45.91
0.00457187061660416,0.0744182393116728,0.681231956024394,1,36.94
0.0501575502213804,0.06070327062922,0.488526654045304,0,NaN
0.00616154943878385,0.396177247910472,0.474268358683056,1,14.84
0.0216590226065246,0.137219143574937,0.639507225935062,1,8.69
0.0029048527008411,0.0474556156868955,0.557072729214771,1,42.83
0.00381461281399263,0.473623243544079,0.543766359042166,1,50.51
0.00982281030281303,0.0570127578983287,0.657977157588922,1,14.24
0.079176987217192,0.140554854835677,0.693147701549417,0,NaN
0.00239751487708569,0.483202125789613,0.73138148945699,0,NaN
0.00178131962325534,0.394391367681959,0.583889811593821,0,NaN
0.0662233807487829,0.197726459224859,0.426970012566808,0,NaN
0.00310399623185548,0.48794942832423,0.679230986814502,0,NaN
0.0864405869080827,0.340964570942139,0.435962523245559,0,NaN
0.00146397055408369,0.335742037265295,0.44527506924299,1,94.77
0.0477790138680668,0.0275692620901336,0.628789356632839,0,NaN
0.0162260240547385,0.38649026125581,0.79984784819362,1,10.59
0.00295726895235991,0.189946154186792,0.406764063789341,1,25.77
0.00215061971967792,0.342842986850316,0.571603456317687,1,89.95
0.0419965212957707,0.275943946267422,0.63544458775437,1,19.64
0.0533300457076061,0.241382932928837,0.767387953370345,1,7.12
0.0228649557495191,0.265700163499505,0.611574961297413,1,15.17
0.00880044886134264,0.344025386683285,0.475624690708554,1,7
0.00214930657198882,0.312308255323581,0.770370501232001,0,NaN
0.0140587224245775,0.433416645614135,0.509705022456799,1,10.53
0.00145106338474644,0.0711541293641317,0.607055778240323,0,NaN
0.0011289857624813,0.191431958891761,0.669637840789068,0,NaN
0.00795129656747805,0.329376680464462,0.75706898450016,1,26.38
0.00787635218929075,0.434798895158676,0.700194541063454,1,27.48
0.00293049540414093,0.307259183486113,0.680097026387475,1,79.51
0.0166979163432716,0.232500431788525,0.419090037045555,1,14
0.00244752523674081,0.0183740742470828,0.649727900525551,1,71.59
0.0263690359633067,0.257853311581178,0.591919502239654,1,12.98
0.00762203958277546,0.348261955013912,0.690419990473227,1,23.68
0.0520914158730244,0.171030183911481,0.618841453639198,1,7.03
0.0108248563068051,0.458044625240987,0.650399825207767,1,15.33
0.00189000616055656,0.273365771296798,0.464401227018035,1,70.37
0.0194364649906045,0.301773326236554,0.642783972724326,1,8.46
0.0161328119209196,0.04116669417775,0.425380592782058,0,NaN
0.0014415390795233,0.210044885808426,0.575522028270247,0,NaN
0.0986771611356205,0.209755139354379,0.445160300395872,0,NaN
0.00174174020839209,0.355886656722186,0.586177719362449,0,NaN
0.0541341160694773,0.377876226108743,0.78610095745327,1,1.97
0.00376238147923342,0.441084288904183,0.469464027636253,1,36.18
0.0986992581204756,0.427138535804807,0.585024060924376,0,NaN
0.0302004864630821,0.147735576615745,0.543271447504593,1,19.38
0.00140509337044522,0.277843681239191,0.628578986253282,0,NaN
0.0621749322794686,0.0507872678628031,0.479006270017471,0,NaN
0.00126853316908465,0.340020342551545,0.642936487460176,0,NaN
0.00302750166126351,0.258844330439991,0.52038264774342,1,46.72
0.00127684792620931,0.390237698331261,0.757005451828055,0,NaN
0.0952081115960046,0.282750521361419,0.460539370547467,0,NaN
0.0266042398838368,0.267843256608395,0.614601965633875,1,13.65
0.0175155194910373,0.411179374422338,0.749640575892057,1,8.78
0.00127418457934858,0.0151972343256784,0.488908607502431,1,91.51
0.0144294254833522,0.262083244381696,0.757134350030372,1,8.69
0.0314218064432023,0.317743392767455,0.457717185901696,1,31.55
0.040202112519179,0.147523916142221,0.747512087741017,1,17.15
0.0113324337009896,0.249304874655374,0.789428168038797,1,14.3
0.00108488687365606,0.116603525640866,0.478633824527244,0,NaN
0.00354266643498242,0.17872066012589,0.73412043629291,1,64.75
0.00388382331185436,0.332206456587633,0.467907985550028,1,28.09
0.0136634024566516,0.191598905622482,0.659571636543723,1,6.27
0.0359460103742461,0.260996163930341,0.424167459829878,0,NaN
0.0610220258616214,0.02470420072253,0.672150512420489,0,NaN
0.0242856442651788,0.191802069154569,0.649449917500602,1,2.94
0.0240199785275036,0.39463951567817,0.65296502064699,1,16.96
0.00124665878402933,0.403285322294942,0.550314614939905,0,NaN
0.0499654516038042,0.0604699747263651,0.616198260158241,0,NaN
0.00151116156258517,0.270909985759092,0.763443764572578,0,NaN
0.0583164891574289,0.433333360678499,0.742980630911645,1,9.78
0.00286039820590567,0.0464366350194904,0.536863555731449,1,40.19
0.0578890538904196,0.423760816363204,0.453638011513394,0,NaN
0.00260592511854407,0.1048998309011,0.738649377541854,1,89.97
0.00134739385106054,0.338564362374474,0.486578366878918,0,NaN
0.0148295720728518,0.220271333368026,0.521231542885002,1,16.6
0.00279280876912138,0.130434928176324,0.696021098465153,1,76.89
0.0710226758295586,0.0102050916651235,0.401171030014395,0,NaN
0.00241673549743188,0.0294492805169805,0.614829892906875,1,63.57
0.0217492311155522,0.0901888145209932,0.678897936279926,1,8.09
0.0390514767182254,0.394353156924661,0.608821691794255,1,11.13
0.00599457884851937,0.293256409025834,0.606126401195191,1,23.88
0.013117809498654,0.294289334307719,0.597171839756265,1,5.85
0.00123213520531826,0.428761058288898,0.676583980937857,0,NaN
0.0129238338005499,0.451519144563871,0.501701906066699,1,10.71
0.0125037600716752,0.310487644497135,0.728068278775987,1,10.69
0.0834660480788234,0.0228726747101724,0.735008818367728,0,NaN
0.0101479301335714,0.417267388530316,0.560897565441883,1,10.52
0.0362616143715708,0.329797157349831,0.678437214725664,1,12.51
0.0398769568990191,0.440433557612498,0.492004638396561,1,41.41
0.00166795935088002,0.379077953291581,0.792934379185966,0,NaN
0.00226965235568502,0.361263312533367,0.666674736429363,0,NaN
0.014796600296128,0.18379449551077,0.555922901883444,1,7.31
0.0685089521023119,0.105358174877455,0.469250916706855,0,NaN
0.00247077822414314,0.183727121374907,0.427250531619579,1,38.84
0.064656798112893,0.256736697188587,0.557104523015553,1,59.46
0.00107678958961653,0.129259352348317,0.493154306434003,0,NaN
0.025816319629161,0.230510685260314,0.678211681734241,1,2.29
0.0198844702748919,0.235395036047238,0.439097133384605,1,25.11
0.00253594102414598,0.317449221350049,0.459583912443864,1,49.28
0.00363827685582662,0.334729972455395,0.531778400145673,1,40.61
0.00406499420021801,0.211638200174946,0.741424769168584,1,57.02
0.0359451581010967,0.382245761429454,0.618878116120947,1,12.04
0.0016798322195332,0.395659935642316,0.777526308760794,0,NaN
0.0038928158224933,0.43462999037302,0.739878438822427,1,74.55
0.00241055507886987,0.12434650079821,0.590883606949745,1,70.31
0.0016499513343056,0.457853420785702,0.526343937749807,0,NaN
0.00125415859216008,0.225247610149932,0.61515051160923,0,NaN
0.00355210530952281,0.280202929026083,0.636571546832584,1,55.44
0.01683844638054,0.215028389655085,0.59965391698798,1,7.41
0.0094056216973489,0.420756608042503,0.758558449561791,1,23.95
0.0175753291790625,0.132859426322623,0.460829386668303,1,10.1
0.00206140374001777,0.430748879318685,0.756298382656415,0,NaN
0.0417007131311662,0.302398256224852,0.733913747758038,1,2.63
0.00635144221039555,0.400836852663973,0.751362026884471,1,39.59
0.00259407030112432,0.420562650312118,0.650418395378625,0,NaN
0.00114159831713615,0.194445062938479,0.683504655493191,0,NaN
0.001609027758506,0.148726237625344,0.648932871432747,0,NaN
0.00443911423540149,0.191235049157244,0.600457444404037,1,33.95
0.00174222428800607,0.448789333197862,0.680796289846437,0,NaN
0.0375633993239087,0.497574025652619,0.777568333238394,1,17.08
0.00166792742191037,0.314669646022216,0.78028441665628,0,NaN
0.0234503016747968,0.439688974936868,0.707225913313277,1,9.88
0.00186660281495483,0.362432473757025,0.642493980929972,0,NaN
0.0227264953509098,0.288205523503333,0.5385312310459,1,14.04
0.00268511518395612,0.176167821872196,0.531330687970497,1,53.19
0.0085911532160685,0.192173972802811,0.576431151476028,1,9.14
0.00126128290564518,0.139699201040755,0.756062774954347,0,NaN
0.0664453178928376,0.230079733827653,0.758184740021578,1,15.1
0.00783113324906776,0.0883015333070528,0.633740539906233,1,13.27
0.081646014140496,0.486974640476483,0.710844798026604,1,25.57
0.00287377946077083,0.12612319782199,0.425484319744301,1,28.05
0.00281455051407322,0.392896408218282,0.785932823407584,0,NaN
0.00236771934526323,0.443559405273805,0.778733470503176,0,NaN
0.00414599034923554,0.314241479189971,0.745028576263367,1,60.88
0.0148671219034253,0.0942726239938432,0.689656217734978,1,8.51
0.00172434189638021,0.233571474756941,0.581529781136853,0,NaN
0.00207793772554478,0.0102731493178059,0.76169084425848,0,NaN
0.00428660727857915,0.424577378525399,0.590675240942108,1,45.02
0.0676415856949304,0.0720696966613561,0.668970001011776,0,NaN
0.0141014438928898,0.177796161476852,0.481640612024143,1,15.7
0.0014871698774436,0.275713274127745,0.550948449348117,0,NaN
0.00178641812380485,0.215454178002604,0.656514376785804,0,NaN
0.0512890353479706,0.344930442509843,0.732559115410536,1,9.58
0.028200944018483,0.304513234783798,0.721266720656326,1,15.63
0.00238632442401773,0.353579000639181,0.775338787506844,0,NaN
0.0281514972011908,0.453032041267391,0.769380834341356,1,10.13
0.00232637227650179,0.193305165726451,0.680871730583971,0,NaN
0.0159537164082064,0.470633343814936,0.491049650284356,1,18.81
0.00396328622207339,0.0230479555094081,0.712318847113974,1,49.64
0.00781583215029243,0.183621578219101,0.460343875792274,1,4.86
0.0070376146730106,0.425953046241549,0.760857728630726,1,37
0.022764812072587,0.143195148513448,0.682025380407207,1,6.17
0.00112261007037812,0.391059165323564,0.558225552737072,0,NaN
0.058828976409281,0.480167604008841,0.589154393110113,1,37.78
0.00572574895816472,0.435079178387916,0.744561419345862,1,47.4
0.0212094798879071,0.194192390874251,0.646219977595759,1,2.4
0.00110189502561651,0.154172129736957,0.441386769585513,0,NaN
0.00116844934155341,0.0828083070183262,0.533071055316184,0,NaN
0.0064367276116474,0.369036877241963,0.577260935287792,1,21.31
0.0715027417455618,0.0552740640039228,0.731801273093083,0,NaN
0.00218978927199533,0.413147646439995,0.447038094433114,1,63.81
0.0609202783399579,0.399279661739559,0.55168558127043,1,78.82
0.0433716968088983,0.31792303344955,0.498889391932322,1,37.94
0.0536490347777201,0.278291765589616,0.481056497490879,0,NaN
0.00311062531774077,0.118904725639304,0.640480497769063,1,58.48
0.00194477832467967,0.452479914905769,0.654823778370034,0,NaN
0.0551998320633138,0.124599778386739,0.714078120524519,1,11.89
0.0788247831420734,0.281387259282828,0.759110454739001,1,14.91
0.00612823797637991,0.156657274795274,0.59979817381154,1,19.13
0.0293144476950978,0.475035297152386,0.775843482775906,1,10.18
0.0378361166026784,0.181634446391272,0.535440087647541,1,18.98
0.00466103810824737,0.399245308308145,0.54063849543932,1,32.31
0.025286403623463,0.208674366737153,0.623815224827204,1,12.11
0.00230148266154454,0.415168512918975,0.586869227443883,1,94.06
0.0085529353684858,0.487100871921084,0.50107977658964,1,13.34
0.00145156378850676,0.0273112807733416,0.453449854632222,1,68.07
0.00448734964704007,0.394560048075538,0.472024839694336,1,24.89
0.0766587676112707,0.154782551647273,0.441329471528969,0,NaN
0.00126159063813269,0.111191797528433,0.572461291230836,0,NaN
0.00737862882353709,0.341138345027699,0.444264919919134,1,7.68
0.0370541721918667,0.419025727153047,0.438711804632904,1,62.01
0.0166501895228348,0.207094805838063,0.658224503017528,1,4.13
0.00696346627124307,0.0170860769031342,0.634145799902845,1,5.26
0.0360862831252279,0.0273171072330683,0.663703773067527,0,NaN
0.00449702322088665,0.0964834430674699,0.768034918085531,1,48.84
0.0754522761205256,0.148268533937367,0.680810080921094,1,17.66
0.0064737673495655,0.416774495273662,0.582001741361809,1,23.66
0.00398011120622581,0.494492580698633,0.511543410776162,1,46.77
0.00908976897756545,0.222596400939838,0.575929436012011,1,8.32
0.0568140232285753,0.102882100556034,0.598952221826482,0,NaN
0.00270773327360879,0.102730661578606,0.402571232680687,1,25.24
0.0322139603141644,0.275992671935838,0.611627091528301,1,11.65
0.0265389926509688,0.325838560137535,0.672992120057267,1,15.49
0.00172351124926791,0.245158858569592,0.513592024923242,1,90.91
0.0441945782036409,0.272474879405577,0.618848851072163,1,18.81
0.00232812274075607,0.349008945243481,0.683234934061492,0,NaN
0.0304610263965351,0.167533858347936,0.464713213223617,1,20.12
0.00376298759104362,0.287691021078788,0.697836472405957,1,60.42
0.00148044348407699,0.0560739210819959,0.632782349373888,0,NaN
0.00110134297639484,0.389738842855687,0.684615440036282,0,NaN
0.00805862324149297,0.112772756007781,0.67095494338704,1,14.99
0.0167415841242703,0.251676223918238,0.541071345196485,1,16.65
0.0473674182169662,0.233866046750812,0.517951685325901,1,36.77
0.00638188587172701,0.180385101086487,0.788068920703048,1,34.12
0.013969877687728,0.266956717578027,0.604142782335741,1,5.46
0.0863011887995973,0.447770401578577,0.549960061185287,0,NaN
0.0134933363623433,0.183110263115081,0.473577251464269,1,16.36
0.0260387376470442,0.349749208590746,0.607847226965187,1,14.97
0.00342948886629827,0.453768444631532,0.750769769275423,1,90.71
0.00299681587424795,0.461023234648124,0.475746308003465,1,53
0.0028484807658261,0.273828908069038,0.453494285753053,1,38.98
0.00184487966937616,0.135699488187,0.526955953207224,1,81.39
0.00490301598294308,0.0903599054666345,0.508487323661016,1,14.65
0.0558420710948043,0.109458877804043,0.428608178560839,0,NaN
0.0781147280450404,0.0844187369421893,0.71771426426486,0,NaN
0.0696263469513908,0.182203012367363,0.42356996359137,0,NaN
0.0115719321131488,0.390805938348022,0.499674596779276,1,10.08
0.0318156088019628,0.0460632476848042,0.740637519754198,0,NaN
0.00116784856901145,0.0964424238384906,0.730482384246008,0,NaN
0.0705855568099329,0.0187924263488707,0.685955132152487,0,NaN
0.00517143714785776,0.281892903022804,0.731537312219542,1,43.19
0.00129518875620856,0.160321743386027,0.669533393636713,0,NaN
0.00664006425908852,0.170136386969267,0.753311145463077,1,29.37
0.0949924639020664,0.256061158279219,0.54289759064478,0,NaN
0.00158660568063556,0.237797658287903,0.778727396390829,0,NaN
0.0475478626492629,0.166587099050849,0.557731915223099,1,18.69
0.00212651480090129,0.0885258154084913,0.493268917951093,1,57.65
0.0219407797186397,0.28860770852991,0.461141275308434,1,25.04
0.0206965816375309,0.44934915207082,0.669939300042384,1,6.41
0.00625269624807502,0.21288776519382,0.662224319110921,1,25.05
0.0231058038639801,0.296909381063927,0.724703379889443,1,4.68
0.00107521938345699,0.484541441791471,0.51603076038045,0,NaN
0.0923951001692062,0.210961968590864,0.742887784661514,1,9.84
0.00120077852529423,0.409924641177599,0.475777992029636,0,NaN
0.00124867514081985,0.306897409836671,0.692216624907137,0,NaN
0.00131694992998112,0.398189707193763,0.558112725952062,0,NaN
0.00455669731852355,0.314160865160052,0.466076432220979,1,20.2
0.0509861545381613,0.142272542506692,0.616434287402688,1,10.51
0.00187480342195651,0.221783090058033,0.631207632260549,0,NaN
0.0471930680426466,0.294955557401395,0.668481688593367,1,19.2
0.0650733035140727,0.32085838235976,0.484726148631577,0,NaN
0.0141286745863159,0.208521202624685,0.75545497642884,1,8.62
0.0507346217587028,0.0181876936478442,0.61616179933054,0,NaN
0.0266050021586963,0.119064936600882,0.654802075328672,1,7.01
0.00829244983745983,0.17352787805697,0.420313809374702,1,10.2
0.0048310138807606,0.434148990927173,0.710342949959079,1,54.04
0.0285884041246608,0.376618264711541,0.649917688054883,1,15.23
0.0140604631346314,0.338357138463277,0.594070476140435,1,5.79
0.00356477670737771,0.402189760206139,0.579849370491973,1,53.87
0.00599343833964923,0.365661683863783,0.558833375322098,1,22.05
0.0240795877142343,0.306907476820488,0.407437118203643,1,34.67
0.00467625404523852,0.23735955780419,0.707639072271506,1,44.75
0.0031131520811683,0.0894195843160533,0.633883972089509,1,55.69
0.0442978616900367,0.0582138538711336,0.563927815699113,0,NaN
0.00156708148052406,0.090355309039878,0.482270638385131,1,82.23
0.00763457597561376,0.387364416917977,0.793887463644418,1,33.34
0.0540416421974005,0.0740076365515066,0.498000272910014,0,NaN
0.00331160461875392,0.0422034916915738,0.424135659376458,1,22.53
0.00333403595283919,0.229012268872125,0.670063002185134,1,62.59
0.00121899377186043,0.351126614250189,0.622218858604367,0,NaN
0.0104418684442549,0.0916315589905494,0.634671000418274,1,8.98
0.0338505379997792,0.499689800664038,0.791420305532555,1,18.08
0.0215461297072416,0.124776920562325,0.694762365064647,1,7.45
0.0124909390252299,0.314894095545967,0.742181213844591,1,11.42
0.0148501372104132,0.453490055733322,0.407103554938127,1,17.68
0.00270296951253926,0.14775057590892,0.697554824174743,1,81.06
0.00184951805181228,0.0349715865546558,0.512731654169387,1,64.06
0.0127802917403683,0.233863816382694,0.489186072953767,1,17.6
0.00445284685770448,0.044863937207726,0.438997463164196,1,18.6
0.00780000545619411,0.318121666439444,0.700690090104276,1,22.33
0.00266545464392836,0.123402289332214,0.627095534489716,1,68.66
0.0355809797498747,0.14319953656071,0.47036217221089,1,20.51
0.0291147591892221,0.0501128921049582,0.61949057978473,0,NaN
0.0238414991916589,0.330091266202288,0.661213685026409,1,15.91
0.015918005109629,0.0642873701841957,0.543139354084144,1,8.14
0.00171575824126922,0.180476676640692,0.724823163718701,0,NaN
0.0566820554219132,0.213809190124426,0.717911495137717,1,15.91
0.00176330153737772,0.183073952656841,0.726027618849084,0,NaN
0.00814208367726027,0.180532909098264,0.584236056701134,1,10.15
0.00694180907745904,0.199195229035284,0.424897007732909,1,10.3
0.012570156209172,0.495671197251349,0.723416121614725,1,17.57
0.0149420428564218,0.405302182387593,0.582250018932444,1,6.01
0.00857890143211358,0.499405206024654,0.693465933340704,1,29.43
0.0621584365812654,0.312045275518813,0.451633215665668,0,NaN
0.0180575856961682,0.0916007866240574,0.488963761097139,1,9.19
0.00161168667810126,0.252173023376088,0.58443158889098,0,NaN
0.00626815726113179,0.0531596992185502,0.762983534941588,1,29.6
0.052069423184826,0.0219811367928007,0.586754179462097,0,NaN
0.00945728342565876,0.433148497837458,0.602182373067292,1,14.51
0.00195923165699854,0.12604083998809,0.788206461353851,0,NaN
0.0574502005763129,0.0696448582635339,0.523744482979861,0,NaN
0.00345729111692521,0.147180865854127,0.640521509530884,1,52.18
0.00211086100350267,0.457675498122664,0.64215289614162,0,NaN
0.00193678628432921,0.460838185731175,0.442757995699386,1,79.78
0.00104695610467757,0.323389951639685,0.50600417629957,0,NaN
0.0656229112425195,0.427779113325085,0.52328937346858,0,NaN
0.0960665104909516,0.234591488313296,0.531457887777287,0,NaN
0.0564634586033983,0.408634325784881,0.51802432718575,0,NaN
0.0719763161957971,0.16528689304598,0.783912924245788,1,12.28
0.0964739176388695,0.253108467897877,0.59670386759415,0,NaN
0.00152336230140136,0.203483765655448,0.778909210075303,0,NaN
0.0310726314611002,0.197546013258274,0.692208127758767,1,2.8
0.0210240856533773,0.0949693124087793,0.544783563342497,1,8.08
0.0221414237123069,0.317605833346576,0.689894434053066,1,8.5
0.00943509533221265,0.0310182946695391,0.519905225344326,1,8.66
0.00470335461579298,0.17852425905809,0.430224234769344,1,10.49
0.00566056193780676,0.0700015468884605,0.457096242103948,1,10.58
0.0516701160729389,0.381727650944711,0.745813986668479,1,2.62
0.0154380629569976,0.0751866373664655,0.74529289503738,1,10.13
0.00129383982866663,0.299228252221183,0.76719341351358,0,NaN
0.00539038479166164,0.355291580412621,0.599191395449462,1,30.37
0.0106326954096132,0.499124517741057,0.781998305304556,1,27.29
0.0096807453752545,0.338437900065069,0.400756180172099,1,20.56
0.0524415085987525,0.270318302530384,0.522349185736118,1,44.59
0.00102948118541156,0.0424435482532496,0.613767419537478,0,NaN
0.00778365119032106,0.334382596253582,0.615531782518129,1,16.81
0.00203772021801603,0.39422166421899,0.464226729986492,1,72.36
0.00371771135793453,0.408047478525709,0.791152331205363,1,83.3
0.0436584619002376,0.332079473797114,0.722695050118935,1,11.45
0.0171866021815202,0.159517972855245,0.429683104314673,1,10.73
0.0903169650274996,0.0767189306947707,0.723662976385235,0,NaN
0.0698323743238007,0.451208830370683,0.473102964774336,0,NaN
0.0221604042926728,0.0769139117276845,0.417341700864132,0,NaN
0.0207829845679883,0.072571832391928,0.487707183862958,1,11.21
0.0117178580751824,0.168067854702571,0.600991452929576,1,5.6
0.0139422566356726,0.234955966083169,0.607472096737009,1,4.44
0.00514343743348004,0.198277423631442,0.742431273240912,1,41.73
0.00288935420766466,0.430709642301895,0.568024220282848,1,69.7
0.00202516055917844,0.364425928359796,0.437424755087101,1,64.09
0.0231584166579641,0.453482162964986,0.629493132064771,1,17.69
0.00508918325431462,0.0483405183385665,0.54082883184629,1,19.86
0.00735479328221369,0.0663812893151228,0.596975042216868,1,14.09
0.00326784983937821,0.123825688161076,0.479757198497824,1,30.37
0.00247114923797006,0.0560452366017139,0.507836391039793,1,45.41
0.00242052860520209,0.214573878800997,0.407191297480132,1,37.53
0.00170993650121494,0.140057905797836,0.638644825912321,0,NaN
0.00122519327454738,0.0853350347496316,0.568377770738082,0,NaN
0.0606891745519831,0.24407912078783,0.780452167641645,1,6.45
0.0178045985106115,0.456472054767271,0.486024766772088,1,17.18
0.00103977594600798,0.0173273621378603,0.71357390023959,0,NaN
0.00161843703221802,0.382957111794556,0.532485371811568,0,NaN
0.00177258332511227,0.455312530830153,0.708886287402715,0,NaN
0.0164663287212541,0.480244866227451,0.535959184061687,1,10.38
0.0939996081027932,0.292041538482631,0.794397028942287,1,22.04
0.00115768345298049,0.235100566913603,0.550488708363398,0,NaN
0.00650917330371648,0.362367483079544,0.500751906565914,1,14.27
0.0142004998151395,0.414615519600517,0.62677186410817,1,8.35
0.00348990579379894,0.159042935438961,0.515810890873398,1,34.02
0.0131815866648144,0.357634415918177,0.49615486668069,1,9.95
0.0033944935818484,0.169754164917238,0.511267857828687,1,35.33
0.00178738965942151,0.25620981121153,0.627160549119274,0,NaN
0.00252866742884639,0.0339454922852615,0.725268716223781,1,81.44
0.00212718469089161,0.362263871685177,0.673996960600664,0,NaN
0.0261860417721064,0.424912797262733,0.590397503717233,1,15.36
0.0638339618186092,0.155575140917518,0.490758681300898,0,NaN
0.0158489300710393,0.313830914850977,0.492902488055634,1,17.06
0.00258210940201308,0.0758148103505772,0.421475933661435,1,28.9
0.00275023506228613,0.122476707137759,0.656274769643989,1,71
0.00404346604588051,0.337839833788727,0.664450517502164,1,53.31
0.021448783065248,0.287750184758428,0.661410931268366,1,8.12
0.033627193593846,0.256682864275331,0.412572687809992,0,NaN
0.00583031646259133,0.395552174319392,0.729571035548997,1,41.8
0.0254038971617038,0.183267488708807,0.53220730509323,1,10.01
0.00819000973967615,0.198108278741679,0.412454152595158,1,10.7
0.00127165099550901,0.146913456318438,0.534511468164756,0,NaN
0.099284022463261,0.27459292318784,0.552374651932502,0,NaN
0.0427706780435463,0.269513703831921,0.754575739803305,1,2.54
0.00359437649433986,0.169098124640234,0.506465244508908,1,31.68
0.0192717043357375,0.379676688009107,0.791570065853012,1,8.1
0.013113441007963,0.427598665340294,0.742095783041625,1,13.93
0.0123051290146353,0.134013851729892,0.550652400907185,1,2.8
0.0402866050738977,0.0319610632881723,0.533876869189515,0,NaN
0.00370986313723674,0.251846694083567,0.503520098417182,1,32.39
0.00613383383812965,0.410292436681463,0.636537182202094,1,30.77
0.00102470898484773,0.0643456554693047,0.798594873919536,0,NaN
0.0174734953069699,0.133246058498638,0.668141429294808,1,5.32
0.00119864011683392,0.216772539385054,0.65210967865382,0,NaN
0.0393549278195767,0.228519568679673,0.531277478600603,1,18.87
0.00390739849282225,0.429245297758228,0.769338811347327,1,77.55
0.00616561832895905,0.452268604409318,0.438105641704777,1,14.56
0.00135059292060565,0.342221312665523,0.461368035869521,0,NaN
0.00619124805625248,0.062123031007216,0.438584207292811,1,14.33
0.00366899900151125,0.492733513694851,0.627581459990449,1,72.06
0.0677525808723104,0.337625283471523,0.647742689643566,1,33.92
0.025475211133515,0.111627152319708,0.420395703052282,1,13.01
0.00136971275573666,0.0882642985852253,0.668422830154892,0,NaN
0.0321996222106143,0.0245763177685157,0.736646812003392,0,NaN
0.00149244090186965,0.0579145945818555,0.483393960971715,1,83.04
0.00318515181600103,0.434211534909187,0.409835370518843,1,34.2
0.029971790975159,0.311655361652644,0.587354348987005,1,12.56
0.00828395848770002,0.105656900018826,0.619303233542971,1,10.64
0.00254224089442676,0.485972958247307,0.529680795501855,1,82.23
0.00384445752323877,0.287964821658199,0.593251463167697,1,44.42
0.037962565194412,0.208524086709076,0.601103353968066,1,18.92
0.00112085056204004,0.0557014348329809,0.48059390416488,0,NaN
0.0019903971722032,0.343868578642165,0.694140343117066,0,NaN
0.00236153321037487,0.161852376396353,0.532728217899372,1,62.34
0.0122578385493291,0.346933249352125,0.625852579271849,1,8.54
0.0211159523533281,0.467439690905912,0.41256692211906,1,27.45
0.0932086490205078,0.38983474488889,0.659178541431963,0,NaN
0.00156167844550298,0.477963179519385,0.700298699568812,0,NaN
0.00555020210421405,0.239843687427663,0.44165955252413,1,9.8
0.0158423839732531,0.0441900705523193,0.764696648872769,1,12.4
0.0100169486013373,0.490838538809556,0.765104037794186,1,27.48
0.00140626259531638,0.0331992017224698,0.677630065356609,0,NaN
0.0493574566158929,0.270856572013563,0.652522864698986,1,18.06
0.0039764891283152,0.315605473103588,0.430289523718997,1,20.99
0.01517937194952,0.442782406811167,0.693382677442811,1,10.21
0.00312406343542053,0.317667239100775,0.703913546534231,1,78.47
0.0358916052807513,0.118287956786583,0.512599213163951,1,18.84
0.00673881522175521,0.21487493229967,0.443344972556777,1,5.69
0.0388205809948102,0.456991923273858,0.625558677106348,1,12.12
0.00144038836399257,0.161042293873722,0.438323715220439,1,82.34
0.0407979279340024,0.284025584287019,0.543652739357624,1,19.12
0.00476369253614164,0.0327903420023941,0.651153985153389,1,33.26
0.00241107246539346,0.0130822402796062,0.768250739106884,0,NaN
0.00284466772014904,0.301993885816438,0.721373612753663,1,89.31
0.00330087346116291,0.432549585966676,0.75776366346902,1,92.73
0.0019318701341158,0.403426116773135,0.537712988572713,0,NaN
0.0457737243817294,0.393341897448584,0.752407407420363,1,13.17
0.010577936325752,0.197979282802311,0.47884755933348,1,9.45
0.00239607006115639,0.146126164516203,0.441248164536602,1,41.99
0.0133784229750861,0.0734780695424818,0.496243929908814,1,9.33
0.00196660560077092,0.366854188357201,0.70263254056167,0,NaN
0.00753122967944191,0.0693313394294974,0.466543983500925,1,13.19
0.0706110388926958,0.155485078675292,0.617028771325535,1,30.22
0.00303802032353512,0.13376213360776,0.639838383814942,1,60.85
0.0012990362717652,0.176176563476679,0.665748007722311,0,NaN
0.0387358735507119,0.494696947904011,0.761595164059963,1,16.28
0.012952817653963,0.0515480237104015,0.771288774926312,1,14.92
0.00686412556099674,0.15317078361308,0.405024470085567,1,10.36
0.0125803199837935,0.499736605003504,0.669416376850307,1,15.31
0.0239113569258762,0.388257860283981,0.527876265692757,1,14.29
0.0685132864527182,0.188770691374361,0.429304598012637,0,NaN
0.0370325768212078,0.0603516768686997,0.699378680105528,1,7.58
0.00107856081720306,0.183037030385852,0.408462852403684,0,NaN
0.0635033106236753,0.176106619180741,0.688182641896672,1,4.83
0.00653937456341637,0.2420912602781,0.422296707447874,1,5.85
0.00391714821505769,0.174520359598025,0.521641244351089,1,29.65
0.00298365957217932,0.485994885017226,0.630117277080293,1,89.4
0.0130037454099376,0.456715604983704,0.415104571009899,1,18.95
0.0948343172256816,0.340489398461923,0.773010295271316,1,30.42
0.00176365480783671,0.0944701868021287,0.401192276493949,1,50.33
0.0136406854179834,0.0904994530434219,0.628668553585922,1,9.01
0.0295636618970089,0.381256284092752,0.444197172414144,1,33.86
0.0154473054031456,0.2712377835121,0.585628328837601,1,8.45
0.00355559718499395,0.491774046065341,0.546071139920698,1,59.37
0.0356068842346721,0.170698297778872,0.755127116049707,1,7.27
0.00115803024255489,0.123520879974753,0.660247178049524,0,NaN
0.00192653925395195,0.48780637084991,0.445916926611473,1,88
0.0226907586548777,0.362377335967503,0.531160555811758,1,14.88
0.00176012257364663,0.0598502687041135,0.623947472438375,0,NaN
0.00104175634667089,0.13294320703309,0.628070080381319,0,NaN
0.0033012698457713,0.239547090794408,0.517617699735675,1,40.13
0.00134621706727925,0.264544619312971,0.600426320004736,0,NaN
0.0208607141335519,0.247567092567003,0.727718837684578,1,4.81
0.0808850682407157,0.105134251412239,0.783548070429311,0,NaN
0.0192123758401946,0.454378949224321,0.552427748628681,1,17.36
0.0272671552058107,0.411954307825219,0.566784549840881,1,14.26
0.0130015383154358,0.417828233543379,0.667758598573305,1,10.98
0.00178588863843269,0.480309555234277,0.757879147447745,0,NaN
0.00179441183924832,0.232075536226495,0.521346851287108,1,88.26
0.0517723894185735,0.167011850333651,0.547759087300346,1,27.72
0.00108459568501942,0.0986578734986221,0.439716238630478,0,NaN
0.00524398053838798,0.400951175332825,0.502614083862305,1,22.76
0.0366566063121128,0.406179515072652,0.626498924224572,1,12.17
0.00474124508301914,0.249024615154263,0.576626336434233,1,29.85
0.00108503384719841,0.0368430976048603,0.676937003112068,0,NaN
0.00100684116707384,0.216495033765254,0.752550333073533,0,NaN
0.0224395833676834,0.255344360489284,0.701918824605029,1,3.74
0.060662812970877,0.0987398808477623,0.798409161969771,1,10.34
0.0553800725403217,0.35103422916049,0.440802837307879,0,NaN
0.0136230507836865,0.455093703628293,0.762432637306001,1,15.03
0.0122392420531935,0.210036727728924,0.44025519943295,1,17.41
0.00268526837870513,0.225691035910331,0.652218099398094,1,77.48
0.0247985573183465,0.323506697337537,0.787368178918874,1,5.4
0.077717589623078,0.443240840337978,0.770734319728046,1,16.24
0.0440501788449146,0.263762349659372,0.471271217707442,1,54.12
0.0730886552552468,0.0339654351102065,0.451662639476765,0,NaN
0.0233709256284566,0.147644474143576,0.777638316749881,1,5.71
0.0544753734627412,0.340332181859736,0.550679640047372,1,44.56
0.0499434368560705,0.283684934089739,0.521349352752281,1,45.23
0.0904684348206277,0.394432962209292,0.788251173346313,1,23.32
0.00326487364182149,0.305601163044052,0.405971041077609,1,25.36
0.0278695202516388,0.161924753043518,0.490915538012097,1,20.73
0.0122459323523582,0.328077757654613,0.771833640458887,1,13.38
0.00275649717285418,0.226505142471679,0.656091885126329,1,76.03
0.0535032248000353,0.0342561948865021,0.484181766424761,0,NaN
0.00641690148833993,0.0643126106184985,0.785988791651217,1,30.45
0.00667923666262256,0.0993609062565627,0.625135125647975,1,16.74
0.00113365807228894,0.396320004938866,0.430813298867005,0,NaN
0.0804074085060598,0.422507448949323,0.448271788252648,0,NaN
0.0247150007277212,0.309963387702745,0.505405450021541,1,12.84
0.0174296608701981,0.267945339303383,0.651591663164724,1,4.93
0.0408947264284876,0.362856951838264,0.41807265665536,0,NaN
0.0623138727377996,0.20327899735003,0.466005410321467,0,NaN
0.0156324425361089,0.447246700401225,0.738027825027719,1,11.33
0.0122399415825886,0.214693593036207,0.622815483180816,1,6
0.00302262085242524,0.362055754858021,0.549116197836909,1,57.15
0.0059043071726614,0.337714798801957,0.414671615254693,1,9
0.013553010962501,0.393699456920968,0.537392174038918,1,10.16
0.00113409028751932,0.165948210292299,0.797232708345912,0,NaN
0.00548715000266384,0.143543938811113,0.600934856883668,1,23.18
0.0406006143720269,0.118749566074759,0.554553073413637,1,10.18
0.00518622429997937,0.394466792015605,0.662165378886962,1,41.26
0.0531769763883665,0.176117981800884,0.421079926677159,0,NaN
0.0140337447442496,0.0461868364057842,0.673841991937534,1,12.47
0.0227537929991168,0.221166662873019,0.594476488395289,1,13.94
0.033096849180385,0.109573713753614,0.547311066414447,1,11.17
0.032442748036861,0.0614506699263323,0.655652820993961,1,12.85
0.0152958338306403,0.326640134522358,0.667366837897666,1,6.68
0.00193712693034264,0.372755724410405,0.585632175231604,0,NaN
0.0206840545799689,0.166171306432015,0.739139510733737,1,4.87
0.011355483752122,0.200589364804508,0.766805236233522,1,12.59
0.0368818013621156,0.087863522079684,0.677205789870871,1,13.87
0.00150632884609296,0.424760539989566,0.582916985067832,0,NaN
0.0176634684770054,0.0764558276786469,0.628527154822713,1,8.82
0.001894383389437,0.351605550476251,0.566292455332291,0,NaN
0.00266012623947412,0.161946908066094,0.684942191871589,1,81.06
0.00110206012896168,0.369564342460574,0.555736827932134,0,NaN
0.0273437344665532,0.328906730015307,0.65374321015677,1,15.11
0.00358075346357216,0.40279239364704,0.672346916611848,1,67.74
0.00383663372523165,0.33068460002505,0.705912131800546,1,62.43
0.0657295384109906,0.411060608617279,0.431088960446219,0,NaN
0.00340267526998065,0.498860311159025,0.567519422832403,1,69.16
0.0377712399291426,0.137382823283908,0.536045760831313,1,9.92
0.0640289255535613,0.321892726096162,0.698893741703027,1,16.59
0.00895293765788118,0.499985667104941,0.790884171244572,1,35.67
0.00406878933491026,0.244090031421237,0.427443644546975,1,17.3
0.00373907550168133,0.462317015103853,0.674469004819288,1,71.59
0.0100120328270109,0.222613449876928,0.546963332085921,1,6.12
0.0675280115477085,0.0872296669616141,0.579030296000308,0,NaN
0.0012735486509042,0.0534974470227377,0.548849175996351,0,NaN
0.0485399272494134,0.412958679271596,0.722020353719374,1,11.63
0.0156920025271263,0.33439532357105,0.784415406535384,1,9.49
0.00111270873852833,0.440409918939372,0.420972952117539,0,NaN
0.0348753864295073,0.110560268128381,0.631090947887566,1,16.35
0.0501282627851829,0.43732467771753,0.432343395980723,0,NaN
0.00127441107973321,0.465908688920239,0.615049955391413,0,NaN
0.0390394479246742,0.444532755003792,0.463939542572104,1,52.18
0.0560501396711667,0.160575635890338,0.660993537367337,1,4.89
0.0530356763273972,0.0812373752372354,0.74774070224914,1,7.13
0.0730092180292535,0.376287196620411,0.667002260058916,1,33.38
0.00272132552770569,0.202587598600235,0.577628543269237,1,61.5
0.0283440570308181,0.400474469421097,0.748013184320757,1,16.69
0.0015393488213849,0.0732393335181823,0.437829733226899,1,69.03
0.00433585624107391,0.105624282369962,0.576987730875087,1,29.21
0.00463013149799907,0.325668103659242,0.696511202194514,1,47.98
0.0168792310254695,0.410410361941016,0.501182288236094,1,17.18
0.0102107300156268,0.429706618795589,0.471625556719901,1,7.09
0.0412830844135028,0.358641819087281,0.492328002985244,1,39.16
0.0597942164722671,0.293660010657982,0.791384029106719,1,8.03
0.00449101121531796,0.384285590756706,0.753304373455006,1,60.32
0.0301948657292127,0.364332748145475,0.585276146845773,1,12.9
0.00132084125939923,0.285012271754123,0.564629988488792,0,NaN
0.0108419513527847,0.255187771934405,0.60627079604255,1,7.59
0.0204150011187263,0.258080100347191,0.568931443726459,1,15.17
0.00971086611038042,0.363230648084012,0.666410192574147,1,14.75
0.00617836390391872,0.0570984277847733,0.723999160283628,1,27.05
0.00660399507573501,0.192329908956896,0.525933521260902,1,10.99
0.00890759496899949,0.26253326493275,0.513095280988925,1,6.69
0.001728562872884,0.0240152607752696,0.455512968175747,1,57
0.00516839553365244,0.260392203358172,0.775564566259441,1,46.99
0.00281723509353876,0.471679412458293,0.521849797521649,1,68.05
0.0129141022957062,0.0633180733690741,0.641736742628638,1,11.77
0.00110115627503418,0.30632192183608,0.717070477309193,0,NaN
0.0632339110915793,0.494478018880456,0.434750660223995,0,NaN
0.0169896969013355,0.126667670872258,0.7237055885044,1,6.37
0.0593971426346862,0.146813153608188,0.660363193777109,1,11.33
0.0669582318032307,0.196624854843274,0.747433961330837,1,14.31
0.00270354834827048,0.456442670499159,0.752197047060848,0,NaN
0.0274618207569169,0.0169612402196739,0.43680514639344,0,NaN
0.00171507327578522,0.161106944070053,0.485229505597704,1,78.96
0.0165033472001881,0.188018768934114,0.533125396072948,1,15.37
0.0128811352284244,0.0153467353859082,0.435413509652397,0,NaN
0.00497861616317949,0.484391474690061,0.705777796653717,1,58.12
0.00461988681166324,0.459817785325929,0.7788134880698,1,68.64
0.0302261186209795,0.133779097266045,0.579476430820042,1,7.54
0.0034782278160627,0.0576023636307826,0.71276327324612,1,56.32
0.0433887324381984,0.0730211479280374,0.779658939990758,1,11.99
0.00300761600881188,0.0719879144600431,0.692448251512729,1,66.17
0.0431398618576251,0.0646994184601203,0.492316539154342,0,NaN
0.0331663537483079,0.106523931278723,0.751312999815374,1,6
0.00298325865808699,0.438908681684951,0.410783411327158,1,37.75
0.00298642787619592,0.210958770362214,0.564618824321792,1,53.01
0.0214622805663736,0.439219419571428,0.435634205228615,1,26.54
0.0160606291266094,0.13131125643867,0.444914550858513,1,10.55
0.00167597392783637,0.484876690110873,0.698323791182486,0,NaN
0.0014919070973211,0.0960700344014461,0.529399707378552,0,NaN
0.00216040317507438,0.384911384174191,0.606110128974316,0,NaN
0.00204756578394668,0.294529985135454,0.485462609036852,1,70.49
0.00932322922509398,0.303630599291835,0.51660547198756,1,6.8
0.00410015432022303,0.108372083280046,0.439613112230124,1,12.55
0.0249004173087656,0.109324027856182,0.738788804563538,1,7.5
0.00587166280817637,0.180122251463595,0.664244231766388,1,27.4
0.021197937700399,0.276877696102639,0.456106101591576,1,25.23
0.0361977095758319,0.240343219986882,0.575393385861261,1,19.91
0.00132190801764723,0.0635389278548428,0.677900489382939,0,NaN
0.00522645485914785,0.295047783133213,0.549669361578055,1,23.95
0.0388973181179856,0.361542762254599,0.679160421818827,1,12.35
0.00238645487869504,0.296620039526931,0.582015080768192,1,78.76
0.00717637783295849,0.0911592270043794,0.750971786459869,1,24.05
0.0128714006774424,0.211913442323333,0.600153768534196,1,5.28
0.00686142570251678,0.21883213883595,0.717470041932066,1,26
0.0727162506031595,0.117453466280543,0.660404761849796,0,NaN
0.00605015921723501,0.108074131134253,0.717578013331413,1,28.71
0.00647118973867235,0.255902231282944,0.765337735498518,1,33.72
0.00228710553307892,0.323441153775178,0.56025221034097,1,79.54
0.0104275584753775,0.434521026204745,0.755680706657094,1,20.77
0.00252037248943436,0.121886689767401,0.770983327760811,0,NaN
0.0484200085440186,0.339094736879089,0.588128497265416,1,28.15
0.00688337962145444,0.0224734894014504,0.580554384009348,1,13.29
0.0844227725627641,0.0329944926477584,0.77038671423733,0,NaN
0.0208454094192128,0.12593722850139,0.548932021592212,1,8.95
0.00237593474570544,0.159860416753926,0.772573709764567,0,NaN
0.00421344914340826,0.359077950516702,0.44152281001737,1,21.68
0.00425821595080056,0.397032674127696,0.457788337026931,1,25.26
0.0188340701231694,0.385517505911947,0.519842883314068,1,16.39
0.0213782970591858,0.366126230609981,0.684210106999306,1,9.32
0.036071347479166,0.178796589815965,0.698956887972208,1,7.57
0.00407474617165134,0.34179637987818,0.47402915650673,1,26.77
0.0372890789694931,0.163850642678067,0.799303061089802,1,6.79
0.00538636673655438,0.353226908613465,0.733672980961725,1,44.33
0.0197014796034879,0.416547235159907,0.706670311149714,1,6.6
0.0357802772753427,0.0251414529174641,0.79981551203474,0,NaN
0.00839369148706793,0.170454539857096,0.417113846864865,1,9.93
0.00324025948501874,0.290700028079427,0.610885520881648,1,58.26
0.0261018709609105,0.406738760423411,0.701977692339868,1,17.1
0.00948701418248902,0.412304314861559,0.533222547468311,1,10.22
0.00201854707097995,0.490693893066993,0.777994821881141,0,NaN
0.00145937062797002,0.497377031046822,0.650802595554191,0,NaN
0.00789565408322828,0.22844238852659,0.522424067084757,1,8.33
0.0819581672861846,0.143457859761845,0.49552832323916,0,NaN
0.071355189459019,0.421718637427786,0.752846692692352,1,16.72
0.065397373585268,0.477110074712569,0.425008521037858,0,NaN
0.00303323232297032,0.435599459997012,0.404420403826647,1,35.58
0.00786131431264887,0.46568983115232,0.584070209903431,1,20.38
0.00577498333997101,0.0450513276600333,0.601164234955647,1,21.89
0.034631808840721,0.181084937865932,0.402628667629063,0,NaN
0.00740745827983509,0.485666213151925,0.546224372779855,1,20.8
0.0826951241221278,0.436738374099603,0.436246669699791,0,NaN
0.00959430435683957,0.266694233611836,0.531089468471078,1,6.54
0.0133340761412141,0.357484349777904,0.47637577494352,1,18.77
0.0803817851339719,0.312663794285094,0.46083296322262,0,NaN
0.00291644777605737,0.112872607835312,0.750548697124291,1,81.23
0.014891184726735,0.234752646456568,0.761889324790428,1,8.44
0.00318233311430501,0.0295102732699665,0.510956336999983,1,34.89
0.0127829738486816,0.115280799443969,0.670452875852862,1,7.19
0.00113999110485343,0.109365832302179,0.794444176519854,0,NaN
0.00582796884505052,0.328785968935599,0.438890778573501,1,10.69
0.00347869921083804,0.168922382203626,0.43583404777622,1,22.53
0.00991741669943364,0.449938115847882,0.670812914417079,1,18.36
0.00458514433742928,0.235768873743028,0.620310238107775,1,36.04
0.0148521737427826,0.101395905937493,0.446060651167991,1,10.24
0.00458357246147353,0.188525871650755,0.4301312542597,1,11.78
0.0365257613105962,0.301120995156184,0.600736580873683,1,10.6
0.0137772143095568,0.413463962624384,0.758886567335227,1,12.86
0.0629185549105302,0.0295984739779347,0.78299461263935,0,NaN
0.00130419609765431,0.0846476621345371,0.66646963968444,0,NaN
0.00418724476062097,0.4353538779377,0.627318808509022,1,52.97
0.0871245131146309,0.0606529079897946,0.421277355847465,0,NaN
0.00551613314759371,0.0561491535722821,0.662361493348198,1,26.22
0.0390918773058248,0.283654930695504,0.739756940388392,1,2.47
0.00589187251288005,0.364393519053727,0.628499567217067,1,29.48
0.00136531536282866,0.439822925180004,0.698619725860164,0,NaN
0.0149265343242206,0.0302099190855233,0.740661559264379,1,4.46
0.00327523373646713,0.333894373308365,0.635191358252707,1,63.85
0.00578439569846509,0.343439057394079,0.758098941768593,1,42.49
0.0219703083188484,0.164026228960833,0.463098481270915,1,22.31
0.0107119830300334,0.270542004770463,0.724374434451167,1,13
0.064551007381323,0.102406184742607,0.71140627197203,0,NaN
0.0173708908023105,0.286214648586087,0.639906325257046,1,4.34
0.00318486930148144,0.328763263343002,0.452786254947365,1,35.44
0.0131361218825959,0.348526115959416,0.552504346013093,1,5.1
0.0174174292004167,0.106711062113737,0.713914172338302,1,7.66
0.0919882669543629,0.122526608793602,0.435660220961861,0,NaN
0.0169652562451306,0.327092030456116,0.690242354160444,1,6.37
0.00364885035784884,0.488393774779843,0.500284421644489,1,48.77
0.00318908397078293,0.279598037284898,0.782300366693239,1,86.57
0.00927582633920785,0.273717215592145,0.633136128099173,1,11.78
0.00230779562919551,0.245911896772189,0.516625632441241,1,64.66
0.0213315441705987,0.124047758863217,0.59533905755064,1,8.89
0.0077877737786073,0.0305972495553003,0.78020753455274,1,28.64
0.00309123699878463,0.220894032733089,0.699030223209772,1,72.92
0.00132669081677349,0.373991093438849,0.513849262652262,0,NaN
0.0434022350771613,0.31025482804289,0.55142073144767,1,29.04
0.00145267090040768,0.0348522464209595,0.753092042573644,0,NaN
0.0160945451784204,0.419776844550669,0.678680493028463,1,8.19
0.0256121070299332,0.261721162480676,0.499120874755471,1,23.3
0.00185828186763391,0.277894773999546,0.752634679281608,0,NaN
0.00549493136381472,0.435722968173035,0.792354589243478,1,54.86
0.00751849000631195,0.105277060531364,0.59354644662539,1,10.99
0.00691498446833206,0.08819973880942,0.769399592476975,1,26.69
0.0742980373729602,0.333038604095788,0.567815526738959,0,NaN
0.0677233838504108,0.359074387305661,0.781025347360618,1,7.94
0.00155973742841893,0.0995119356073094,0.66740987475621,0,NaN
0.00267125964982991,0.49224883967832,0.697475992395855,0,NaN
0.0184168289698837,0.312521160378297,0.534239355250656,1,16.17
0.0101209247710332,0.262720878864347,0.714767284160027,1,13.59
0.044220844226427,0.0906227540672155,0.602984884665357,0,NaN
0.0223760191751548,0.220121343440941,0.463074043691554,1,23.55
0.00621713744700758,0.145549078332273,0.549914412415123,1,13.55
0.0836215021186998,0.074736922955832,0.786490285200184,0,NaN
0.00245570568360284,0.0168650273369687,0.603746041941012,1,65.14
0.0140796984309267,0.427979900823645,0.741153260951435,1,12.55
0.0338544484320097,0.165308595802699,0.554701558285833,1,18.97
0.0173649437057922,0.343412722282533,0.450121401678614,1,15.82
0.00284622038229127,0.346956319442093,0.704112436156985,1,89.63
0.0148135800917497,0.11990414112659,0.406006400420831,1,10.89
0.00143776917630432,0.369059098281179,0.74582204673506,0,NaN
0.010450370873721,0.221975900825997,0.721915712802241,1,12.91
0.00545938169035075,0.208446569634049,0.586277963943691,1,23.35
0.00231872258676751,0.285396739758639,0.620941055848894,1,89.23
0.0429141693785124,0.339725353461799,0.656957611921837,1,10.31
0.00419641217729752,0.139834735742683,0.719666995933389,1,49.42
0.0255342101273786,0.360488994854304,0.765303324655599,1,9.16
0.0356749788103665,0.0525762949740952,0.603135166689318,0,NaN
0.0216766164822905,0.256592708181314,0.423413518917179,1,23.73
0.0223130939724807,0.210742381324354,0.400419288602179,1,33
0.00593145994086581,0.236077420943356,0.783064416762386,1,38.95
0.0185909677773587,0.137486257034198,0.48323158417946,1,10.26
0.00271302616220924,0.183626711038675,0.454148101692643,1,38.57
0.00913806323640009,0.306985611370607,0.577520668968508,1,9.81
0.0143543170362558,0.444628131642375,0.4050397082462,1,17.82
0.00941931972459781,0.0425552920395061,0.516978856593441,1,12.43
0.0175263260972209,0.0963482367307837,0.598421504500551,1,9.1
0.0063691666841196,0.36866813702714,0.795142306608385,1,41.85
0.0215572200999822,0.443435056081044,0.476145081856212,1,15.16
0.00588460954062078,0.249800784771103,0.587953378343683,1,21.52
0.00166195090829642,0.0822468784854042,0.726889250721434,0,NaN
0.00343888886491723,0.409612363012519,0.728160855437075,1,81.04
0.0460343770826417,0.0574342072176632,0.622792794614738,0,NaN
0.00352299608740615,0.341715694086745,0.502072190135713,1,38.52
0.0316214851957067,0.145633500854195,0.690517498570409,1,7.14
0.0800257119414003,0.18240892949986,0.781492084801979,1,11.86
0.0621714790894948,0.303965267272335,0.686640743160752,1,16.65
0.0488310741768502,0.0659735426955385,0.573936468068189,0,NaN
0.00140075306210745,0.318553733161189,0.728099243154974,0,NaN
0.0857082223541936,0.490084526177386,0.68789780999945,1,50.08
0.0092565193747481,0.180502852951654,0.639171672803878,1,10.63
0.00848291190076184,0.417061692554116,0.428558672603236,1,6.89
0.0290989924111465,0.112130703320899,0.679512125520536,1,6.61
0.0699903095539229,0.0494272534342494,0.559517299171549,0,NaN
0.00286860126317038,0.223868510531142,0.49492684539953,1,44.25
0.00772443034601837,0.142972302389357,0.724025622394014,1,20.67
0.00673313164415379,0.455970966940162,0.578106315237231,1,24.65
0.00139972106278062,0.299288356104964,0.577561907382668,0,NaN
0.0100544830245631,0.229687634708424,0.763083694983195,1,15.86
0.011402033966798,0.0914025164934943,0.476962514651756,1,11.46
0.0021260968864248,0.457960152732458,0.414321237432845,1,63.48
0.0057814920742374,0.0863674456408456,0.59536239284619,1,18.46
0.0219104302424245,0.387791975985777,0.456372579666771,1,26.55
0.0163903551381005,0.291803440794815,0.727606054681917,1,7.21
0.0173187367762367,0.368074806344056,0.697507529707174,1,6.65
0.00935890014370616,0.13155252576862,0.457930491339709,1,6.94
0.00116521770644122,0.198540165409056,0.419056698135438,0,NaN
0.00237354296290183,0.319279447704233,0.52377568797993,1,67.88
0.0275387053210083,0.385268318285093,0.644310721168385,1,15.58
0.0657022188134679,0.301092545865276,0.689119540230009,1,16.32
0.0015041183482885,0.0722683752814413,0.704006441909905,0,NaN
0.00203404894657462,0.344529100988354,0.763644415998565,0,NaN
0.00746371022587056,0.470221748460184,0.776604816437377,1,39.09
0.0509904567387002,0.13049247824168,0.428582228450104,0,NaN
0.00505800138991961,0.301422021220017,0.630321802036809,1,34.3
0.00252415582703269,0.433666986461586,0.42709404419655,1,50.64
0.00182927551319912,0.455058939539907,0.477044483606091,1,94.92
0.00867168014339507,0.3897730045239,0.685462648857945,1,20.3
0.00167586554852851,0.18503960018959,0.454036049113831,1,73.65
0.00283337691727986,0.246489281923142,0.770360490860493,1,94.9
0.00399881802902517,0.0538399553369026,0.602828674569956,1,32.95
0.00317886494912497,0.389730058855177,0.402949884011187,1,30.12
0.0971038827746856,0.335954074183864,0.478423301968591,0,NaN
0.0120901385430734,0.380529269286258,0.53138700985083,1,6.26
0.0386370315587516,0.244390152611325,0.486707928359049,1,28.81
0.0301729394923422,0.322725007518291,0.705828192423961,1,14.9
0.0312295776259044,0.0723105413797972,0.673610119415665,1,14.27
0.0140855908774605,0.185461490916808,0.476246286477809,1,15.92
0.00438615319683328,0.138551303204656,0.556692292512244,1,27.7
0.00422384713225728,0.142370148477135,0.401878892744004,1,8.73
0.0570511896199867,0.333934945511414,0.602769188401129,1,26.51
0.00184426937496474,0.0472935299785255,0.7857573648201,0,NaN
0.00625545174088183,0.302503835944324,0.551460377435756,1,17.36
0.00806852229247771,0.39624486113368,0.615331863568392,1,18.02
0.00351582807554114,0.0169726583517595,0.527298704065047,1,40.71
0.0232738491956997,0.206938293189852,0.491996373864355,1,11
0.00174238433339117,0.188604395068111,0.477065300331899,1,76.49
0.00138214971226713,0.329349165338175,0.524829492317951,0,NaN
0.0015946282759337,0.328479736072416,0.739559286960942,0,NaN
0.00152198899003404,0.177756428030169,0.484652117332182,1,91.74
0.017065063791668,0.133782424155984,0.482809820741431,1,10.85
0.0537577442312093,0.447005880372693,0.686564749737694,1,9.56
0.00459711234604903,0.420741895067169,0.407826961026173,1,17.96
0.00299337704877901,0.0375641670132097,0.66905820611246,1,57.93
0.0479691236662384,0.242717991575457,0.422033372174214,0,NaN
0.0851308558917671,0.30393872960493,0.51178126112766,0,NaN
0.017188976223474,0.0529896031239513,0.418759627483327,0,NaN
0.00553106939228581,0.484567506662367,0.450533026726308,1,20.95
0.00591525313365914,0.144096867310409,0.451648769108487,1,5.71
0.038575278357714,0.163464712986802,0.741847447139583,1,6.6
0.00297072830831008,0.315632565413772,0.620847523748106,1,68.28
0.00280079453191763,0.126242292271039,0.522314384656284,1,46.62
0.0356699716608339,0.0888589375657492,0.756183703425315,1,4.61
0.00146829921982678,0.44092747711611,0.720201041479146,0,NaN
0.00441393635093138,0.0898679959793511,0.410468904106734,1,7.98
0.00116902589082741,0.110301386375857,0.610959473986269,0,NaN
0.0144016903459489,0.0872066215444597,0.641552267880294,1,9.88
0.0182719100479114,0.274772169245422,0.782482359521942,1,6.98
0.00282698269052571,0.304053178687862,0.419180516456097,1,34.48
0.0113753628174417,0.185548569237578,0.694377324884066,1,9.46
0.0387377843121125,0.357719594076276,0.598255024436634,1,21.07
0.0205486700233742,0.111301646359334,0.776739531729832,1,7.17
0.00154511742719334,0.129240428527866,0.511790359944891,0,NaN
0.0139855042749848,0.343370914620913,0.772421801201938,1,11.03
0.087951306447616,0.456260563732292,0.65516902490503,0,NaN
0.057374478904951,0.322302984929535,0.720328061409259,1,18.05
0.016175227586697,0.478826155333245,0.52423321634107,1,19.26
0.00195198455231858,0.144374835155492,0.429217347900812,1,52.86
0.00226626282505574,0.169502840702495,0.62084992006641,1,84.53
0.0122329064645114,0.282395897467851,0.665869730814086,1,8.4
0.00113337523636777,0.440238834041724,0.432420020237449,0,NaN
0.00939370479449263,0.332021373221835,0.468246841039468,1,10.24
0.00520466356965516,0.297758727951296,0.525604288399692,1,21.53
0.0617720069197577,0.486704790620403,0.446212200847992,0,NaN
0.00201500392298804,0.423807209423738,0.448631025909928,1,72.36
0.0155844058696595,0.378635541165206,0.470693482310312,1,17.57
0.0343407669305341,0.235085510359457,0.712157317257017,1,2.7
0.00276921483765176,0.284368254679959,0.747902478603609,0,NaN
0.014110025102727,0.406677739779744,0.457692044657456,1,18.3
0.0124259194545064,0.198042972432138,0.660241754210749,1,6.99
0.00284220546421798,0.197626535692982,0.461100648887041,1,37.79
0.00500027503272997,0.164236326693717,0.443550446953712,1,9.89
0.0748720912243363,0.192969510351136,0.515167243894771,0,NaN
0.00340199951938659,0.491704143468386,0.765932126707264,0,NaN
0.0587168200294161,0.0442334336672426,0.53455505088364,0,NaN
0.00377529651005373,0.0139786313073997,0.458944080018355,1,15.03
0.0637223348975297,0.0750001074880042,0.416404348787356,0,NaN
0.00203577090714917,0.482844640988301,0.569717591611619,0,NaN
0.0233597303176032,0.494816938305143,0.679435339629465,1,10.02
0.0660498506543047,0.204235982826219,0.796353962328436,1,14.65
0.00653141404891426,0.0816013524882229,0.573677088619944,1,13.09
0.0396001091215415,0.470411922277838,0.557500952168363,1,21.91
0.0264713709208118,0.0113176534430284,0.608472503962952,0,NaN
0.0404694763311208,0.118879970305648,0.515495301003275,0,NaN
0.020756304928355,0.448252152102972,0.72464573704132,1,7.46
0.00253840770259086,0.493749478888325,0.669298044415364,0,NaN
0.0015784182982697,0.0808383218275407,0.480492389913385,1,80.02
0.00436196116933712,0.315424497951781,0.67184383739082,1,48.22
0.0017092989923728,0.0993337630099005,0.765286425858948,0,NaN
0.068037820309544,0.48762136230779,0.482706160308821,0,NaN
0.00200565012097671,0.337848054524087,0.48981006047654,1,76.2
0.0132125194735048,0.361549173792625,0.439326988308954,1,18.44
0.0215757444357866,0.267841178135348,0.487649732273192,1,13.32
0.00862010506376309,0.231551459501951,0.596147976813132,1,10.77
0.0269635703067296,0.389197220827131,0.545048016638214,1,13.59
0.00247288493448797,0.0870916359956044,0.599434049225048,1,67.46
0.0622504802857924,0.0997265711255659,0.670874606564071,0,NaN
0.0146166963980766,0.305106647096339,0.503949949800141,1,17.89
0.0224680315819927,0.243709725920751,0.747327472623981,1,4.68
0.0408749605992083,0.307641877782926,0.752092809867101,1,2.06
0.0730261794575017,0.303524549925303,0.474026537597331,0,NaN
0.0405825110892793,0.333291449626206,0.677629535361834,1,11.1
0.00453940284215702,0.196040066952351,0.49994238294303,1,20.95
0.0061018075664747,0.489329288423083,0.498102641276857,1,23.06
0.00774197456786307,0.0229737679462404,0.710181226123987,1,25.93
0.0228026269304548,0.0672838035641373,0.798831143989279,1,9.31
0.00419413023292142,0.226636303625672,0.461093643120369,1,20.18
0.0606417708913816,0.271606068836776,0.572615069184161,1,43
0.0282254239679563,0.0846756965974992,0.603210418562175,1,6.75
0.024215819585517,0.366429916388193,0.722708225526586,1,9.2
0.00778219318098939,0.27560285425448,0.452615450911827,1,5.62
0.0113451348389063,0.25087849091864,0.679545685356432,1,9.67
0.00122225672849391,0.120655322752956,0.590499774942492,0,NaN
0.0111248545294372,0.408615168945152,0.479928976455473,1,10.56
0.006951199271862,0.366910404393722,0.423299394557108,1,8.08
0.0135510123086464,0.0489956438085115,0.605413529186673,1,10.65
0.0296707844571952,0.153887245116767,0.747433697329705,1,6.71
0.0596711453558959,0.335065588342242,0.784809563241092,1,8.2
0.00146754497977924,0.464925219647088,0.685079656411367,0,NaN
0.0621100614456069,0.134653108385804,0.539233635801756,0,NaN
0.00180489496563624,0.362268301784343,0.504364811025494,1,92.26
0.00337289439249831,0.381993126986032,0.721920905715006,1,79.3
0.0597457541254904,0.401993439719281,0.571813319850627,1,53.2
0.0026198451204783,0.391435106538249,0.505941028088854,1,61.8
0.00305992301575336,0.194228321896173,0.719693767701071,1,75.69
0.010855627360332,0.391648075740519,0.511525911397181,1,6.79
0.00678881685210199,0.139339096597571,0.647517088055248,1,19.23
0.0084455966648202,0.166042631706317,0.520203914393945,1,5.02
0.08231610456659,0.412959551770851,0.579722529698131,0,NaN
0.00241148778774475,0.229737881995758,0.427676103229003,1,42.52
0.0169845586410925,0.283009606183698,0.778834204146416,1,7.48
0.0119038448521786,0.408718453341663,0.625832079712813,1,10.38
0.0204143199540751,0.0144156681395266,0.515507847979924,0,NaN
0.0293821369831767,0.437185733488614,0.685169195663066,1,16.43
0.0360469409993359,0.379387541219172,0.425043617309208,1,71.16
0.021666532956618,0.0181498066794724,0.539797616838435,0,NaN
0.00144624983433085,0.295464938574422,0.717445838830645,0,NaN
0.0022380729792894,0.0471852493649596,0.599748768578847,1,70.61
0.0127280596853361,0.0532904783619063,0.484904525993868,1,5.22
0.0758211895323886,0.0534639069233732,0.4304490078728,0,NaN
0.0274318918694384,0.258965703555046,0.793343633134123,1,4.4
0.0776437456678049,0.359443513910573,0.517567416063757,0,NaN
0.00120352843492387,0.208812071137965,0.43978272612878,0,NaN
0.00105200409924885,0.203603554637514,0.639144532249047,0,NaN
0.0237889586018449,0.157218453122544,0.538995323795467,1,9.55
0.0116430240678449,0.175027371894994,0.450730787985356,1,17.33
0.011355684253009,0.45308105569912,0.513092357219671,1,8.17
0.00106947212298434,0.399451248964591,0.521819647989584,0,NaN
0.0717758069400567,0.37503618260448,0.513925142150761,0,NaN
0.00188567880826203,0.0128348020546256,0.588730799739057,1,83.96
0.00473168715430138,0.149988898667269,0.615260435418811,1,31.45
0.00235623326990447,0.408713742695803,0.609318880024689,0,NaN
0.0118849134964779,0.441422846610415,0.422245621192053,1,19.72
0.0322347131272221,0.319418317932236,0.752190351874735,1,15.2
0.0097075319740384,0.193254738349244,0.738752345443194,1,15.26
0.00170086359896677,0.0746267855524302,0.584405629142778,0,NaN
0.0013809215653332,0.150959384310956,0.562060271885836,0,NaN
0.0740756589239608,0.201452882067076,0.705977394894469,1,5
0.0197417607681217,0.469972584654382,0.524042634920448,1,17.3
0.00232760775257543,0.460394109795302,0.658429890037422,0,NaN
0.00446509606086152,0.426501323183597,0.791347799305404,1,68.97
0.0292339737529598,0.134661101811568,0.627448218855377,1,7.16
0.00390454572011308,0.318364543989398,0.411003281413104,1,18.99
0.0292275057859878,0.0692632163109985,0.457480065912624,0,NaN
0.00378739209896925,0.23594835106513,0.613458182010304,1,46.04
0.00111136147741964,0.421775956795605,0.463400272625414,0,NaN
0.00950397068883793,0.303691464732888,0.659382723396098,1,13.1
0.00583221554445348,0.496697576419088,0.605244487930945,1,38.58
0.0463252044074943,0.277583210460939,0.429602909198914,0,NaN
0.00876666293106144,0.134414281435467,0.468087353060267,1,6.41
0.00989826022843476,0.123522966543668,0.521916294220603,1,4.48
0.00130068113275098,0.423294326158545,0.729522467425764,0,NaN
0.0601292145440942,0.0803873748483262,0.502748149899984,0,NaN
0.00414179536408959,0.131730007463625,0.549121143614061,1,29.18
0.0358211567033952,0.218577632547238,0.450884786199148,1,38
0.0507633467784331,0.111991614676515,0.716383095556226,1,12.19
0.00368990474531898,0.0124894358942212,0.729307397369033,1,65.59
0.0020936524469791,0.063887074446736,0.567464646277747,1,72.82
0.0526855269825959,0.0372109788959898,0.706170377881838,0,NaN
0.0533606602950496,0.39809223196865,0.518870461818411,1,73.03
0.0216120594565475,0.36880142956243,0.42435332275036,1,25.91
0.0107768733263309,0.0455725111689557,0.438800402163653,1,10.36
0.0932685585804568,0.368611625049567,0.51368500282394,0,NaN
0.0030009056114065,0.293928374547983,0.774937825495342,1,92.48
0.00133298853559384,0.423997743225647,0.580726054821761,0,NaN
0.00163927544157779,0.0471287841066373,0.714970268938349,0,NaN
0.0303258238036399,0.4948792485861,0.599724267533229,1,15.44
0.0443819632211633,0.182829818402744,0.429241827582173,0,NaN
0.00130921069685599,0.12855119305168,0.422595348325391,1,84.99
0.0249063471058761,0.357471452445373,0.570949747896411,1,14.66
0.0116320537935134,0.421767865101874,0.550814867003088,1,8.19
0.0339988365355286,0.375989508009912,0.559865340774609,1,22.31
0.00354935256317575,0.238967903398638,0.752882097068051,1,70.19
0.00485967564951321,0.359650740876143,0.453292594549905,1,18.29
0.0245213320878465,0.265619155160149,0.532297509546167,1,12.97
0.0550610582578013,0.43094273259126,0.76541816500028,1,2.03
0.0256085847133192,0.387490205350669,0.698912797235991,1,16.53
0.00397547210049179,0.303298250946209,0.671694421188165,1,53.73
0.0257574544522179,0.274816291887623,0.770637899250222,1,4.51
0.0842860044323696,0.387913749814011,0.630635393568586,0,NaN
0.00343214209964314,0.0250458354337697,0.611411895684536,1,44.65
0.00233276537812255,0.104560033430248,0.469548746356172,1,47.35
0.0185581474969629,0.154969246118885,0.551024608757684,1,11.82
0.0324665468892791,0.196205345344767,0.585565597540677,1,8.9
0.00120578553417071,0.135241694841434,0.672632388046074,0,NaN
0.0135372963618923,0.23250195254047,0.718805396889068,1,8.46
0.0223151302521446,0.307640889572725,0.700741011636885,1,8.3
0.0617418323947005,0.368506287818809,0.544781286224861,0,NaN
0.0123216968333036,0.486155873389408,0.404513660370984,1,20.12
0.00116991873746909,0.357374251787474,0.771586125533419,0,NaN
0.00190930691288776,0.458376477077291,0.631229255608468,0,NaN
0.00124333979693652,0.161391157533261,0.499167741243475,0,NaN
0.0953096211951459,0.10732085711919,0.519257907785433,0,NaN
0.0151033004744119,0.486965663768616,0.600074461461279,1,8.82
0.0801719189500046,0.368827792122288,0.798201463330849,1,15.73
0.00307448032656134,0.0122606275916099,0.756113395005739,1,79.69
0.0628259207766104,0.0525716996191592,0.759011698540005,0,NaN
0.00626260868382505,0.13747984349358,0.698259332992386,1,26.52
0.047960276377526,0.347152723135156,0.400936848037814,0,NaN
0.0495456420833981,0.39792011828333,0.509684736064758,1,55.78
0.0247772615734206,0.157893850680636,0.456950596182251,1,21.23
0.00556990481152177,0.11157018818365,0.474919994516095,1,7.54
0.00395966768435994,0.360312646703166,0.569809994347568,1,42.82
0.0787543489239221,0.342022054435001,0.534036453817583,0,NaN
0.06980189142644,0.0662027876911897,0.765326132030459,0,NaN
0.0115548634190649,0.0167562508985169,0.413446447448841,0,NaN
0.0123785912541137,0.371451843793309,0.67738449038082,1,10.77
0.0623337314576761,0.169284687467971,0.63154691309874,1,9.43
0.00337868506586231,0.446173701729006,0.521538291601828,1,51.1
0.0185791119185401,0.337142325054907,0.523178591248181,1,16.22
0.00579233236956839,0.284553108389852,0.439882958887236,1,9.97
0.0091192982450025,0.28813189134751,0.420067823312039,1,10.98
0.00305280294030146,0.0214137672895925,0.575911622633237,1,46.98
0.0596496612674805,0.407603081267529,0.57572643634526,1,44.31
0.00558476307568623,0.0611244187099528,0.774761061980225,1,35.52
0.00540377004970791,0.0891422985799738,0.405917907068033,1,6.01
0.00108204463460105,0.220669242724818,0.570622536914207,0,NaN
0.0542560431718866,0.160694265071268,0.508110684485352,0,NaN
0.00424433891581176,0.361848147121065,0.491979531989208,1,28.65
0.0351604252756924,0.489712446724005,0.776619062484601,1,17.19
0.00192555956980666,0.417259033904466,0.422301138413489,1,68.96
0.00224748795222295,0.257100934761449,0.669716283405848,0,NaN
0.0840692793947542,0.201178879190812,0.767388352866755,1,3.48
0.0070149205920144,0.382436659750283,0.42919924275678,1,8.41
0.00681461314907273,0.0971837646795042,0.504010484561006,1,6.88
0.00740173062860343,0.123975973851946,0.468427099235485,1,4.88
0.00568898774955938,0.12026619512182,0.778961626291257,1,37.61
0.00448558584674068,0.18606655382218,0.796464725299879,1,55.55
0.00101114845702218,0.44724045882688,0.547982870145253,0,NaN
0.00182127960260103,0.382857445486661,0.570665797574848,0,NaN
0.00106164489894994,0.427477522648476,0.588214801575108,0,NaN
0.0542700404231637,0.47010853821675,0.550946207259191,1,47.67
0.0559537467133491,0.437704928464628,0.408665972135222,0,NaN
0.0828848931122615,0.436450271049393,0.442876990277855,0,NaN
0.0117915305532092,0.213192929064493,0.766862754711778,1,12.16
0.0159135218214489,0.131782237000568,0.712758264591657,1,6.38
0.00135124455665193,0.109781511722315,0.550515893938997,0,NaN
0.0778962651551554,0.49386608350796,0.606532425561861,1,86.34
0.00856947018695149,0.116318122368223,0.674696602103341,1,13.76
0.00382490509347745,0.135359584479368,0.734733474341768,1,57.51
0.00266385327663189,0.0668708774658283,0.553011632793577,1,50.55
0.0688704315374489,0.259196787218607,0.608019451757174,1,41.8
0.00983765339500724,0.473141878651644,0.780116171534028,1,27.34
0.0137374706309095,0.292457889410146,0.796046540378636,1,10.95
0.00411279579770402,0.310870063128907,0.460005561095064,1,23.23
0.001956441155368,0.365818880266882,0.625644513396615,0,NaN
0.0232818324104138,0.280267221825701,0.650092045548903,1,15.69
0.00192424140476159,0.340066918609486,0.517554983183789,1,87.6
0.00256931137716334,0.482038904514911,0.628217297998491,0,NaN
0.0227534663766094,0.139261012361553,0.436308412401835,1,21.72
0.0216081232717156,0.471325787375129,0.461279524038316,1,15.33
0.0104309918441248,0.39300759735418,0.760481906317099,1,19.07
0.0080664918882337,0.197978299111998,0.700738961247166,1,18.5
0.00344224041245259,0.289503202715678,0.529371987613878,1,41.73
0.0197958636376561,0.368125259738584,0.402907373205742,1,26.21
0.00357544996494906,0.110218347664627,0.661797419442309,1,51.42
0.0282131528704097,0.430709831907025,0.556499135688678,1,13.6
0.00362653219704539,0.148440905681206,0.55670369094237,1,37.64
0.00181476799352096,0.287210802472981,0.550795952002211,0,NaN
0.0034315202550946,0.0847612071880364,0.682951642274484,1,55.65
0.0226041378512989,0.419222561854873,0.468278167987912,1,14.02
0.00466135595993858,0.129089661933595,0.658953444062131,1,36.28
0.0051678122924618,0.23623898924973,0.68260662158941,1,36.67
0.0369731863442642,0.16071311397136,0.696333410315097,1,6.57
0.00584784142589465,0.272457311153108,0.485546761121009,1,13.06
0.00154930223887815,0.304637220491193,0.723464581109121,0,NaN
0.045914416249084,0.386189629345775,0.74937274193044,1,12.7
0.0584755208814165,0.459383942136073,0.563674392452998,1,46.07
0.0823275403942654,0.244046211126723,0.412528458897923,0,NaN
0.0062834879997755,0.280922381955439,0.513631609254245,1,13.54
0.00102648574041895,0.166745077335587,0.713606252517331,0,NaN
0.0214675555901072,0.370058651502202,0.642391374466391,1,9.07
0.0245516795758133,0.419857001215063,0.433744936529284,1,25.15
0.00183084857642792,0.178069875482974,0.701218040233391,0,NaN
0.00644517238667337,0.363269659446459,0.410009845613504,1,8.36
0.00464599278743134,0.430498727976718,0.728594381487098,1,58.43
0.00765855618606579,0.329514084074487,0.556219896548073,1,13.14
0.0014096806861547,0.304559132530687,0.795548436248598,0,NaN
0.00640337466386301,0.184590353682901,0.482428288342929,1,7.79
0.0123233537303003,0.18698770741997,0.714712926394487,1,9.09
0.014721996639898,0.357760523302958,0.609990374519585,1,5.86
0.00465992049140083,0.117962668278246,0.673036203867327,1,37.45
0.0257901568594298,0.34785083328924,0.790041028207051,1,8.99
0.0485330578893287,0.303497520680847,0.468522191896925,0,NaN
0.00255885556535246,0.250097748399885,0.503840883307832,1,54.42
0.039978841883729,0.459465972562218,0.709629984694994,1,14.44
0.0047665938130424,0.0730533974235587,0.533361121377906,1,18.16
0.00285263832105626,0.120550312094314,0.798634031529212,1,91.77
0.00542794277389023,0.143381744623399,0.539366534167868,1,17.17
0.00163288743690912,0.274987615735158,0.619514628311901,0,NaN
0.0117125653359798,0.247835918041405,0.550083407544767,1,4.62
0.00210854898968642,0.383369131040198,0.628328001237146,0,NaN
0.00960220055239384,0.10629008054494,0.412106632142424,1,13.42
0.00547187485039869,0.0673495324941416,0.621462521752689,1,22.58
0.00548743419198762,0.212751364310201,0.522149446570646,1,16.68
0.019325315672711,0.15291874435164,0.749450032427085,1,5.88
0.0416942666475949,0.378130657882655,0.727489299446493,1,13.06
0.00111755505944614,0.201001095296866,0.417692140476579,0,NaN
0.00430320914464225,0.437211868212831,0.762395973690886,1,69.57
0.0442561358076924,0.382859645938373,0.659562993935936,1,10.68
0.00169432430869786,0.427244547868675,0.510911471974518,0,NaN
0.00127807687676664,0.308569997123782,0.46247384984025,0,NaN
0.0025504448668352,0.194005927807688,0.77431116885688,0,NaN
0.00251523432263295,0.220519644725754,0.601370092522415,1,73.64
0.0432194010222027,0.317501371304182,0.40748916415461,0,NaN
0.00351183533096203,0.17551202685068,0.470854933294667,1,27.8
0.0622907194096619,0.342137809471002,0.579040140414915,1,43.01
0.00394194526002005,0.149020329875942,0.623213893829719,1,41.85
0.0141944470048935,0.47306963403515,0.702519875577079,1,12.7
0.017524355616074,0.22363904937118,0.724039760974264,1,6.02
0.0314428064452424,0.18723276499741,0.423433014235285,0,NaN
0.00256483347055442,0.49953311388082,0.633712665611137,0,NaN
0.00445900240334313,0.385620285232993,0.797583989940197,1,66.55
0.0295420768237229,0.372898488336882,0.700524837420365,1,15.94
0.00758234730919607,0.340503313538862,0.796114688077065,1,31.83
0.00134392980880411,0.354964480782359,0.747714427366899,0,NaN
0.0537313179223652,0.101275090875329,0.402222800846547,0,NaN
0.00704872178005437,0.284630334727016,0.435778137500341,1,6.01
0.00194425214133733,0.0349839465429833,0.480551588779342,1,52.9
0.00167249325115981,0.235689192854137,0.720484660034371,0,NaN
0.00736610701466823,0.197936199296862,0.737243741314219,1,24.34
0.0348386071084579,0.495722061236782,0.545350687353121,1,12.7
0.00156049041339807,0.337667827833474,0.456096474043719,1,91
0.00515569628136334,0.48729376348143,0.459335459362751,1,24.86
0.0321509217778604,0.0933899623183116,0.709367881789108,1,6.07
0.0075881981559956,0.108407785125856,0.754622644091003,1,22.72
0.00167219329128904,0.224972898701449,0.673547792308284,0,NaN
0.016088099763154,0.281372193055876,0.788032734654773,1,8.29
0.00738290833090097,0.330433978008223,0.667443191458232,1,22.41
0.0126697495767002,0.259898718880343,0.491991710277351,1,18.24
0.0428398142943374,0.299237733247053,0.725178088218664,1,10.38
0.0576087370522432,0.115337882932756,0.680827272979606,1,10.37
0.0407446592148567,0.139959427886069,0.736919562195304,1,16.88
0.0137316757248844,0.189252501593058,0.692814309163974,1,6.75
0.00622888870253067,0.165315165389657,0.530669129373768,1,12.26
0.00115127454273018,0.0596292522680351,0.508486559131897,0,NaN
0.00564052701826076,0.334329248779393,0.762582122206663,1,43.79
0.0310696491070769,0.136333558927782,0.750246295436493,1,7.16
0.0354030065443677,0.140594974677835,0.545352644241423,1,8.38
0.00357460853624932,0.42660347607704,0.66726780083695,1,69.53
0.0188984677096692,0.11522901730769,0.614378819937987,1,9.01
0.034627751467081,0.0296190494446573,0.774936751781198,0,NaN
0.0134595786239074,0.202870116216129,0.65509996591844,1,6.49
0.0982405940936004,0.18238680540685,0.485970713712258,0,NaN
0.00672920670154881,0.355259611153098,0.610104586095856,1,21.96
0.00641884674050428,0.112688056671109,0.722117191959083,1,26.86
0.017051754624592,0.0604181088903276,0.74932796031245,1,11.42
0.023330118771546,0.315689222797158,0.518791734574975,1,13.99
0.0184455164273147,0.2181436954928,0.692355671792159,1,4.9
0.00103839569554379,0.458263226342181,0.506320404604374,0,NaN
0.00566505812289691,0.366655099321558,0.723893467092869,1,41.38
0.00861627357883353,0.1666328859123,0.757328546429345,1,19.48
0.00177570978755259,0.461808817487925,0.668922614165696,0,NaN
0.0407433558495808,0.233264112229598,0.534872517470796,1,18.67
0.00811141864560129,0.267824054587992,0.439046071804923,1,10.68
0.00207624927368559,0.481304374886836,0.57890353957569,0,NaN
0.0494772503399357,0.29577562204567,0.781834947028195,1,2.45
0.0768083462334992,0.0522658785551982,0.742970169787354,0,NaN
0.00313294448638648,0.495741546527341,0.724219359764258,0,NaN
0.00379591545867119,0.140498782429049,0.442199451610419,1,18.52
0.0076812627078343,0.0890544786827133,0.693877546883642,1,17.77
0.0446088467938104,0.373350638226752,0.799667684704843,1,14.2
0.00293335096345208,0.292663883197098,0.597052601004498,1,63.92
0.0158902736786577,0.0853277843921169,0.687264856044,1,9.47
0.00369269413500102,0.261938721442481,0.736623361774841,1,65.77
0.0045272239088551,0.255477282524058,0.442746842321199,1,15.83
0.0334353244612645,0.331791651638493,0.750710104140401,1,15.16
0.00371245076950556,0.407808352281049,0.591328379978399,1,53.1
0.00518519786361898,0.232194757796639,0.514935888372536,1,18.45
0.0696236646321072,0.310425075772626,0.565811494957317,0,NaN
0.00257509494410714,0.167328388585042,0.70040453718946,1,87.57
0.024337922543083,0.158793721929723,0.507463389862354,1,9.12
0.00252706900315026,0.0917569052554816,0.612624527276044,1,68.58
0.0675283808230058,0.087013518293202,0.702778019546988,0,NaN
0.0396613286568503,0.117680910717024,0.467479339696531,0,NaN
0.012817282076585,0.309588055813402,0.709397608885091,1,9.66
0.0021252704796759,0.153872410910318,0.636241100846418,1,93.68
0.00662075862957212,0.192001440868069,0.760791210506458,1,30.56
0.0132463457620242,0.416751466079078,0.789374223662646,1,15.08
0.031490195620606,0.345079689274452,0.618313746723161,1,13.18
0.0474277850358527,0.325243695940253,0.45835938657526,0,NaN
0.0759647232472882,0.0737628626900095,0.674623455111447,0,NaN
0.00132808852550899,0.233125512583115,0.444553662686657,0,NaN
0.0163504926460801,0.390332271538444,0.401085614037409,1,19.52
0.00621128546977385,0.184881410959306,0.557835999495269,1,15.39
0.0283215133148757,0.215481435292909,0.730815419253193,1,3.41
0.0045061962245493,0.453564457591598,0.713051162452269,1,61.07
0.00165126486371039,0.108812090925767,0.662003694668623,0,NaN
0.0365234054366391,0.444122380493464,0.634923274972656,1,13.15
0.00144851888936873,0.302349031884261,0.469797080943406,0,NaN
0.00132730974099285,0.416088457093916,0.461388399758922,0,NaN
0.00840883529565953,0.299042867670266,0.586223508903161,1,11.92
0.038722244307918,0.455574793065834,0.463775253439603,1,52.52
0.0132892225527782,0.339638375824421,0.767598170976785,1,11.78
0.0175550229790391,0.108681028778145,0.502042842259042,1,9.17
0.00114104100767428,0.194246569066809,0.54358078959527,0,NaN
0.021469703851601,0.386013568926343,0.494953581960107,1,14.87
0.0425182192437197,0.376760370019599,0.69137562261995,1,11.93
0.0015776270672043,0.372640553338661,0.657806798656192,0,NaN
0.00141892849008484,0.499705345510385,0.567238348643339,0,NaN
0.0125296357957075,0.373213930231109,0.79988360366528,1,15.32
0.0187629222898462,0.300638550747987,0.46176468795718,1,14.81
0.0206752800986182,0.277576271506926,0.513765950114904,1,14.5
0.00257321906521868,0.4971715728974,0.603955071339162,0,NaN
0.00813311106195787,0.319894050189996,0.673234143478852,1,18.86
0.00119866802223983,0.0513766705000047,0.796196206742562,0,NaN
0.0818882332843994,0.373247508908012,0.634774095439181,1,88.8
0.0386082217688994,0.205936694044268,0.605456783703914,1,18.75
0.0137691066730815,0.20375189919024,0.464263684772659,1,16.49
0.0969984239318856,0.302610813068263,0.728342092590851,1,45.87
0.00133689083338337,0.177880004172095,0.400248412246244,1,78.24
0.00119974401000684,0.238319836451047,0.794892901579941,0,NaN
0.0541151379729752,0.18962101923411,0.468012013876019,0,NaN
0.0338624514883217,0.322710674264251,0.754828496884432,1,15.05
0.0108576564325979,0.247786562247009,0.427388998263551,1,19.14
0.0856510801911994,0.209021076838098,0.632681828412957,1,87.71
0.0106427742152791,0.481651124279869,0.799358963503078,1,26.37
0.00236420760153085,0.363781998301462,0.458333826729297,1,57.24
0.00145653426832067,0.126475200341976,0.767849913415023,0,NaN
0.0430665938637245,0.350998082814616,0.475473297298445,1,57.39
0.0428427053627269,0.168946740200981,0.720160705097928,1,17.05
0.00210357592191285,0.165351811744257,0.481312804619153,1,60.55
0.00174323712395764,0.456567436275741,0.682910934449522,0,NaN
0.00145546593566687,0.323787504549142,0.459579954760007,0,NaN
0.00100326296194921,0.374945736717826,0.477164214631914,0,NaN
0.0152131520589251,0.0205995096216205,0.560879132353356,0,NaN
0.0142153223768929,0.0330954479237686,0.401266973119547,0,NaN
0.0176393577235372,0.181767457384944,0.464920768770378,1,12.77
0.00635023130565079,0.280009671957606,0.739769018786255,1,33.16
0.00122043689251988,0.036470647583641,0.799257432172072,0,NaN
0.0402390144525389,0.0717275839336138,0.583249908694579,0,NaN
0.00478195194802207,0.207836444070444,0.701911616819731,1,41.9
0.0760703065871306,0.178532396963582,0.644854883308853,1,25.68
0.00826878240777018,0.0968076704618183,0.447023815796174,1,4.02
0.00206104308796176,0.488428332560748,0.71740105315889,0,NaN
0.00408497681918891,0.397113508170677,0.686875937614603,1,59.62
0.0351687511078788,0.0803522118760042,0.797157733380421,1,4.44
0.00340892589641738,0.261485843345281,0.551276173840186,1,44.32
0.0232745339904798,0.302443512695186,0.443154014559385,1,24.38
0.0172657383625863,0.111057340415443,0.755355678418745,1,7.4
0.00190467421794211,0.0274699078864731,0.73976998586082,0,NaN
0.00254794271539289,0.123055163705146,0.550239190978773,1,58.09
0.0472837781213079,0.33700844516403,0.450108643435556,0,NaN
0.0320622833857904,0.354372376835802,0.517632989866367,1,22.23
0.0112085241725866,0.419467946656088,0.508659776117362,1,6.92
0.0860804791104256,0.0148958498014264,0.696908303263814,0,NaN
0.00691034944522182,0.488286533684832,0.665403108622674,1,35.14
0.0239490659520396,0.0141525663570434,0.545177197947335,0,NaN
0.0819386513077372,0.208272268331372,0.494743047677014,0,NaN
0.00336210938890021,0.130808257911028,0.415228412866887,1,18.7
0.00179336141507221,0.405464489880574,0.718645365650721,0,NaN
0.0457014777969137,0.0728745032971982,0.426088311066863,0,NaN
0.0327636919253739,0.297436157049933,0.535726782666513,1,21.54
0.0168783000354343,0.342279675259774,0.508155637731551,1,16.81
0.0150310978426614,0.24334101487368,0.48031151036617,1,16.8
0.049749235215814,0.431331500036375,0.695834519303854,1,10.66
0.00230355263114753,0.262145515396976,0.536441018191309,1,69.87
0.00152299100491633,0.0500964960525804,0.585227742189788,0,NaN
0.00120532672690806,0.298865150039985,0.736135403287321,0,NaN
0.0198010191206995,0.198576488580524,0.611962310721868,1,4.88
0.00613933803435962,0.0635343931108577,0.703095132188401,1,25.61
0.0010470840840997,0.0273048422460079,0.425029673516975,1,91.88
0.00149321964283641,0.292193831223934,0.704522692549628,0,NaN
0.0645309029159025,0.0408260679597481,0.656054417963562,0,NaN
0.0102798820289824,0.210911821734734,0.712677249362205,1,12.63
0.00881218077102765,0.138579124893984,0.551679948454679,1,6.18
0.00861254676924919,0.362689040956191,0.631788611345521,1,15.91
0.00119286539521675,0.136790886759723,0.657342253610679,0,NaN
0.00110571445290817,0.0397128435054336,0.695862068295934,0,NaN
0.0630368706270842,0.328062648545481,0.755218106659333,1,17.48
0.0136454822012654,0.154099845075659,0.725114051052686,1,7.69
0.00357555991484081,0.467192860069962,0.719404141536559,1,83.75
0.00374301439107943,0.499235430076936,0.690708920557048,1,83.11
0.0079519264453642,0.299860439460201,0.69964562801076,1,20.97
0.00925150986423574,0.0301401628034661,0.782276733664227,1,25.92
0.0182712937703718,0.050769853982497,0.421285289177283,0,NaN
0.0133617983740225,0.159384614941949,0.69609122225315,1,7.41
0.00410870836805808,0.359108833770581,0.658265998923793,1,52.49
0.0227060354119879,0.276354140028898,0.719002586784796,1,4.63
0.00311245774988959,0.487212414455396,0.664097599477828,1,92.37
0.0331892377649394,0.230892810968371,0.500776819797774,1,20.03
0.0235829412486326,0.265883621723386,0.44344560155854,1,23.34
0.00954138562490012,0.334652065241841,0.762297378821422,1,20.05
0.0749925272495873,0.237037017995769,0.665366853715697,1,15.44
0.035169497204439,0.170164046548478,0.409284963073701,0,NaN
0.0395120434347787,0.0515862127730044,0.614259555061231,0,NaN
0.00427714703828421,0.278286851482003,0.721129371598539,1,53.78
0.00337331801120687,0.204284870275812,0.58826490043719,1,48.31
0.017940243163903,0.390895172657522,0.597635681306061,1,9.67
0.0399946495671316,0.260998324548876,0.737793630225391,1,2.62
0.00986781546453784,0.252879716822148,0.746854531432624,1,15.87
0.0056866018287565,0.481281409401311,0.429133209991725,1,17.48
0.0225357390618359,0.299552239782931,0.486340488727127,1,13.3
0.0365157291855413,0.336883196922675,0.701961784181363,1,13.34
0.00380336509208508,0.311761258025307,0.72396371704987,1,64.29
0.0277879359928459,0.137498890127349,0.424098422852096,1,10.1
0.0261237755334264,0.228567267200733,0.449551421577982,1,21.23
0.0022047625506726,0.491141528380968,0.575669128167771,0,NaN
0.0078412996229758,0.0139005115311456,0.510879032225758,0,NaN
0.0012239786561788,0.0297558241529444,0.422825699521723,1,75.36
0.0527795975798878,0.331131225118981,0.412578182066964,0,NaN
0.00153934778506104,0.106085908740238,0.492396901244394,1,88.41
0.00509211659983032,0.45859779838188,0.465141688372793,1,23.48
0.005924013720096,0.049897452086203,0.638632961454895,1,22.71
0.00212570824915131,0.240856576360928,0.794678345216786,0,NaN
0.0766101100336824,0.472925890532897,0.584820641493959,0,NaN
0.0011577431391261,0.171946273077411,0.755575954832903,0,NaN
0.003786820470089,0.35895609179579,0.742449600136296,1,70.46
0.0103543754580279,0.314036367932777,0.792114275123215,1,18.32
0.00118381797502958,0.407675879277012,0.675645055739211,0,NaN
0.003305494410041,0.0652129182617655,0.794783464186938,1,73.16
0.00996554140925798,0.0451651977420851,0.406374952358215,0,NaN
0.0137714702895771,0.114291948676697,0.721089749569919,1,7.89
0.00671096122517389,0.171608965206518,0.60646919724585,1,17.06
0.00141149476581326,0.276068236242226,0.787787132453187,0,NaN
0.0171494525674779,0.033128149567705,0.510021930976859,0,NaN
0.00595586783839065,0.204624387601325,0.682739154590885,1,28.77
0.0474292322396421,0.0715437328230182,0.542400831147472,0,NaN
0.00362547645606839,0.362306952193561,0.626658745339328,1,56.75
0.00222037757945472,0.296813054339244,0.555661151191858,1,79.78
0.0492569538421218,0.0218809234459397,0.765840312610978,0,NaN
0.0167555047729118,0.436673875995792,0.700936814879625,1,9.02
0.00104514376350431,0.108501928637909,0.502836300760247,0,NaN
0.00365757448254339,0.176254138171539,0.699755729482437,1,57.66
0.0241492585577597,0.011889248258666,0.412196752398389,0,NaN
0.00579346887119379,0.143380047265153,0.439466439329437,1,5.69
0.0182758169854893,0.320339012356287,0.536409148522968,1,16.65
0.0273135819390392,0.330040492358352,0.766666171954713,1,8.68
0.0029899727239777,0.0653406911875777,0.674010157382442,1,62.89
0.00129743610750741,0.440324110098494,0.651834396936205,0,NaN
0.00294590725154656,0.352829630114836,0.572202656251972,1,62.66
0.0324426192435876,0.33522379027267,0.636554246845516,1,13.09
0.00114485873604971,0.170219096441136,0.692998169159392,0,NaN
0.00453790025819392,0.0632047994888148,0.751331075590241,1,44.39
0.00330379526044097,0.490954576743358,0.636872570400686,1,82.26
0.00357576799046744,0.182623333366632,0.594960693215403,1,44.72
0.00240276746864171,0.403012722088294,0.506365566538144,1,69.74
0.0252223389994761,0.374184120825732,0.671813098514287,1,16.71
0.018656715833061,0.0903495573190642,0.554115292741265,1,8.16
0.0419355449062598,0.0849717012511123,0.465302610795426,0,NaN
0.00172942533744641,0.413203373329597,0.75102493767562,0,NaN
0.0517635620587451,0.324176553463307,0.624970968652066,1,18.17
0.0509438975367578,0.376356616018104,0.412337739511438,0,NaN
0.0107544953222324,0.239680645503424,0.594351854133286,1,7.37
0.00256802299201061,0.20034590620678,0.553718968180422,1,61.66
0.00110820105239781,0.0632912015226626,0.686016588212734,0,NaN
0.00609020039637646,0.498860625287057,0.430368611500631,1,17.12
0.00969542061513055,0.172709248857539,0.66145701790629,1,11.03
0.00642523658750433,0.0214255771385516,0.416292655186544,0,NaN
0.00378385933768386,0.239877785659571,0.781527595352515,1,68.85
0.00104694267785363,0.332599943931145,0.666860272483993,0,NaN
0.00150027028176771,0.36088372305722,0.588703107497893,0,NaN
0.0778593537513662,0.232778964968895,0.547821067823319,0,NaN
0.0641964912341107,0.130466929406537,0.717352292779106,1,10.34
0.00465878549876183,0.45464839465279,0.49023031573742,1,29.63
0.0428996128575353,0.0182606943908089,0.567029711681178,0,NaN
0.0870118275591069,0.422108661989869,0.43362302888321,0,NaN
0.0101118975993851,0.0840619869463178,0.710399389020186,1,12.59
0.080209797630733,0.365342481726339,0.712611417237705,1,23.92
0.0617835403100479,0.308210589434005,0.521716697801357,0,NaN
0.00527653087790577,0.185327279689896,0.447372099868557,1,9.76
0.0615158141211568,0.223945757529202,0.682609490031364,1,15.71
0.00149503227585047,0.0638398619123747,0.748912776150211,0,NaN
0.00616131313084463,0.115690256712412,0.403017267528868,1,4.46
0.0109247264150473,0.34026146897301,0.715826000299565,1,13.68
0.0742504278295541,0.282206588356309,0.597414252541041,1,90.94
0.0106964438608245,0.446959238693845,0.633426230290401,1,14.19
0.0197023151336226,0.181703066589891,0.467601465632646,1,11.42
0.00161331371170256,0.0839134130602049,0.452967086735384,1,70.45
0.00525723164554047,0.412104596510605,0.442779077773721,1,16.92
0.00142376677122124,0.381327285865119,0.74718420626871,0,NaN
0.00220300865106843,0.287639105712344,0.538379170925578,1,75.96
0.0426752221597642,0.415603662383782,0.636956852130297,1,11.04
0.00170879314167968,0.17732014731827,0.760761783630016,0,NaN
0.00132129174320653,0.299842456846704,0.658136917286385,0,NaN
0.032915560982111,0.408507775009059,0.783439053959997,1,16.56
0.00556660657854784,0.251030706155654,0.637180282106417,1,28.89
0.0187871153825365,0.0825490916740143,0.516734142620498,1,8.43
0.02439558344282,0.230154994271068,0.746750849375931,1,4.46
0.00878523468068793,0.305851575366161,0.556233186216659,1,9.72
0.00145337341979194,0.151580097968098,0.789821852401415,0,NaN
0.0507725828426645,0.219721377611947,0.432623860563857,0,NaN
0.00907238378493453,0.443112049606874,0.49050127573725,1,9.72
0.0015201983280422,0.322927169661083,0.562477910310644,0,NaN
0.0234493936119758,0.353683613713378,0.713514691979877,1,9.07
0.0222129855419731,0.35275877214058,0.532306387966945,1,15.03
0.0367565357881914,0.412230663644629,0.7536884000696,1,15.23
0.00353350538061542,0.238459541873044,0.715219319915985,1,65.03
0.00854237748880111,0.0430147046880937,0.793742695517697,1,23.26
0.00641307573157818,0.0831706913799238,0.549081221984062,1,11.67
0.00340862746052402,0.283744468000616,0.717920893798424,1,70.86
0.0108222192836375,0.187946808988356,0.448221988365037,1,18.36
0.00191023137972633,0.39965378173448,0.761330527982559,0,NaN
0.0101696715447584,0.121021319329746,0.522657702238066,1,4.43
0.005805401387495,0.118071262169851,0.549422145106918,1,14.73
0.0317943602210302,0.370698203389812,0.724176559542266,1,15.65
0.0875891228623704,0.10927147089218,0.420800714279724,0,NaN
0.00195390328869359,0.0152931045007461,0.604545574478046,1,82.32
0.00808796430751256,0.27337028868695,0.75820031199102,1,24.04
0.00342979675139165,0.0926537018821131,0.550342431680079,1,36.88
0.0182523026254931,0.493172039038727,0.7595835917036,1,11.17
0.0353519978739847,0.162060674143214,0.623573241068338,1,18.25
0.0080411853521818,0.0502622436303991,0.691125493518201,1,18.96
0.0622164574860341,0.0809506956587972,0.435144532650746,0,NaN
0.00646556493668957,0.232475722587298,0.755485974765017,1,32.26
0.0358247600209703,0.280149480851911,0.434575268340516,1,57.54
0.0134953034026318,0.0728682644441265,0.445783047083833,1,11.3
0.00994950864798723,0.484403679341248,0.569464836175026,1,14.38
0.00870672612536141,0.395353744556075,0.633607841091973,1,16.8
0.018014605283168,0.241811179407351,0.535779603779395,1,15.74
0.068508092062623,0.0714302100628421,0.623081136376038,0,NaN
0.0142294966996903,0.175287340036228,0.531078757470813,1,7.36
0.072364876094603,0.347210800084577,0.650430951114594,1,32.96
0.00469489363939014,0.172376394377406,0.566749299857858,1,27.02
0.0808746942047106,0.126512437854474,0.560089176003961,0,NaN
0.00203763637570567,0.104682049225928,0.64328028776299,0,NaN
0.00293430396643124,0.135796693564805,0.71983688913151,1,76.78
0.0590768717479699,0.191274250884622,0.526973565028167,0,NaN
0.00291525560107858,0.0236871841872521,0.652073997663614,1,58.26
0.0872281641056937,0.359352900501392,0.430355345314598,0,NaN
0.00372983276850466,0.208017673926788,0.732274311707434,1,61.94
0.00130354443197113,0.0173498184453967,0.630423556948643,0,NaN
0.0367683422622527,0.306193349872417,0.646871673124796,1,11.35
0.00460744329338238,0.277061352086436,0.589604032429443,1,33.41
0.00264646740597172,0.147430016364438,0.740140834000998,1,90.98
0.0236534220338172,0.0762430077842076,0.625113317039621,1,5.6
0.00488844217196361,0.187693117274744,0.674774623219636,1,37.21
0.00513623704764227,0.416282843779517,0.664365680024035,1,43.2
0.0622871985422877,0.0499919526107278,0.640266140581862,0,NaN
0.0697330053233776,0.476950027503184,0.572375893002702,0,NaN
0.00100234310879065,0.284511938812818,0.774171074420097,0,NaN
0.0380485433896013,0.221866548351975,0.64208458178173,1,8.58
0.0989573385751473,0.486932891695999,0.738752935115865,1,55.95
0.00113628739698499,0.327177596031962,0.462585904107083,0,NaN
0.0132516964301545,0.474225576093412,0.441675833031601,1,19.15
0.00878811955453412,0.385003415975085,0.615874981863098,1,15.24
0.00870330133079382,0.356711944708851,0.510109513484616,1,8.79
0.0940646793845364,0.433612775229405,0.63533455046826,0,NaN
0.0136155309748653,0.470912821430201,0.778893037787395,1,16.63
0.055659238778668,0.015991497158966,0.524846004351672,0,NaN
0.0209666339664021,0.0919036834269923,0.745750681509904,1,8.64
0.00256286133467574,0.06352087429162,0.789515385669347,0,NaN
0.0143693899997989,0.275958495839851,0.407630602003551,1,15.99
0.0726136986002469,0.223539208263624,0.476713645077475,0,NaN
0.00399921106395567,0.405756753000942,0.666978348326304,1,59.01
0.0220760899649415,0.0378933070407095,0.428069899098529,0,NaN
0.0134452890602386,0.277147507601039,0.594001860730833,1,5.61
0.00167652415626747,0.40631119783997,0.718196196999343,0,NaN
0.0541813407954422,0.2555226479577,0.427906414454045,0,NaN
0.0187940216064156,0.440602023879706,0.756471045440165,1,8.83
0.0363076071538825,0.353408161545233,0.559032132060064,1,21.64
0.0524532303551924,0.146723924163146,0.450708385642897,0,NaN
0.00125920956337316,0.494876348721998,0.661706667149001,0,NaN
0.00148408307740896,0.415914497954448,0.76787042004068,0,NaN
0.00305725406188776,0.463855432452966,0.755143753943226,0,NaN
0.0817809271053576,0.205911131782059,0.441704344636267,0,NaN
0.00701209054585367,0.0956909384559262,0.60366954027442,1,13.66
0.00181212283098038,0.320864796923364,0.618728772107445,0,NaN
0.00716222098137177,0.252639545560745,0.600144625268239,1,15.84
0.00269660017112114,0.305834904839544,0.435043302633124,1,40.16
0.00190756718613863,0.187552188489046,0.492071718911722,1,72.09
0.0136371617308732,0.361769928956017,0.513610282841859,1,9.83
0.00536676429075018,0.0597166716326297,0.77836006207573,1,37.79
0.0117121327722394,0.321184110114158,0.786368990164395,1,14.68
0.00147157494841661,0.0259962202667578,0.533605635643016,1,88.97
0.00182220330300156,0.396135689131321,0.561148669693411,0,NaN
0.00361018504827777,0.357226162093126,0.664615377647103,1,62.49
0.00867683346902946,0.251823158699587,0.696749059105704,1,16.63
0.0329780851976255,0.444761216989787,0.543718937565056,1,12.06
0.0148265696708103,0.0462663690120622,0.404319444544417,0,NaN
0.0806316649410649,0.429940507935894,0.631886832908407,1,81.8
0.0299956363533343,0.175697500495873,0.526669047772992,1,20.02
0.00350181789215774,0.0829284882623277,0.798319151480038,1,70.17
0.00215427465353749,0.0838113820613681,0.698809742452562,0,NaN
0.00149160797180706,0.401295260291833,0.705505208604673,0,NaN
0.00373705650118569,0.491551789473833,0.669253284320664,1,76.9
0.0139365971902328,0.142023689798378,0.602490271612099,1,4.14
0.00734446479451528,0.103974107561709,0.636954595428286,1,14.91
0.00271575684035326,0.0722862578908556,0.463834251387155,1,33.43
0.00444128126959755,0.154061521229767,0.712233560374391,1,45.57
0.00472851971604013,0.289850498913325,0.649733068865513,1,39.67
0.0162931333160181,0.498587555931,0.685722615184678,1,10.87
0.00275773159644958,0.183688206358586,0.477464990148864,1,42.04
0.00223053139090278,0.0398012232583617,0.713317599799787,1,93.86
0.0374605677222829,0.109023711550649,0.426870606483038,0,NaN
0.0287400420514783,0.114752936168878,0.491026667112517,1,11
0.00629390397313355,0.359228845149595,0.491607325510229,1,14.22
0.0820442888870745,0.297774258804445,0.598036725068339,0,NaN
0.00152114833631136,0.446969414775017,0.68951323916835,0,NaN
0.00161918399646846,0.164651747766305,0.472260236779209,1,81.12
0.0075533087920044,0.147381757241062,0.796781125933408,1,26.77
0.0896080823680713,0.10946417363221,0.696464329599281,0,NaN
0.0705029477607918,0.25715410332494,0.783230330703299,1,15.24
0.0186505623409386,0.261992394785447,0.540907548052742,1,15.7
0.0396401173062284,0.144613027178557,0.535782832024906,1,19.81
0.0557749523547786,0.126583891706586,0.476079259107256,0,NaN
0.00850436649681123,0.0152515209003397,0.725085340347391,1,8.16
0.00407748199402008,0.20419612140317,0.566180125355154,1,34.36
0.00402954036374268,0.244453195216371,0.521792400763152,1,30.56
0.0171767384773795,0.4168131606504,0.599092459947923,1,9.86
0.0067130449032993,0.340209020002667,0.479112705610591,1,11.29
0.0166150901626564,0.301472211558015,0.554547078557424,1,17
0.0120478315461019,0.017917625231102,0.606724515967145,0,NaN
0.00684180899340741,0.469409698957175,0.775766500033461,1,43.3
0.00503119792082283,0.153664472240798,0.402442733132065,1,6.13
0.00225397401728145,0.255662176290579,0.433980791204195,1,49.14
0.0469857896095743,0.324739120661059,0.77170062234976,1,1.99
0.00288314744530694,0.176449701613245,0.410842254115439,1,27.53
0.00364594787062793,0.324853903552291,0.617667701975491,1,52.81
0.046210011203133,0.18846438970795,0.638566076293825,1,17.12
0.00280052190615805,0.361543941332652,0.452915108108026,1,44.64
0.0602683805514123,0.116209384344451,0.502920602795582,0,NaN
0.00848568275639469,0.370235789874581,0.604123044858307,1,14.82
0.00333819748750188,0.0241523564185911,0.569980078102023,1,41.28
0.029230113145141,0.190064646442724,0.467759556496946,1,20.19
0.0211642456718936,0.164290969831958,0.662567907911803,1,3.71
0.0355516788076509,0.267692040121154,0.628300240642788,1,10.48
0.0010658004207286,0.469372040024829,0.785254952913931,0,NaN
0.00558392860125862,0.0282695419933139,0.781841577509176,1,38.91
0.00668250789585111,0.296283031603728,0.630372212787962,1,21.97
0.0476520588397749,0.269607456167897,0.548266483804361,1,27.49
0.0272891736911704,0.293216934107364,0.447626481047734,1,21.75
0.00158357724651401,0.0528763337396581,0.507145631020251,1,82.71
0.0771482501319414,0.204692445980113,0.660158716344545,1,8.17
0.0168304873291464,0.132410575045357,0.52417857881379,1,11.08
0.00236692943095323,0.354070314824864,0.515056583087277,1,68.74
0.00790152063650377,0.268963847043748,0.511370161771487,1,8.5
0.00172256555503172,0.0292986639670301,0.775042741534346,0,NaN
0.0044778343120308,0.26675625180491,0.713060077956198,1,49.46
0.0011974565817628,0.313247931211188,0.430223777501358,0,NaN
0.0417051341642646,0.0464737342160456,0.740192481360134,0,NaN
0.0497050542445904,0.16569063055892,0.689107927823125,1,15.88
0.0442475377525123,0.0401951025826176,0.665377159278767,0,NaN
0.0156727895399655,0.0611356823032473,0.43749185646407,0,NaN
0.0819264166449248,0.325737720001519,0.428429533755792,0,NaN
0.0182622107013526,0.0655810984992048,0.401723944155492,0,NaN
0.0560245537803658,0.427423410668159,0.57845273580257,1,36.82
0.00168923281076615,0.411400948565815,0.470960664091673,1,94.6
0.0198245419794333,0.232167741990882,0.773045395042856,1,5.83
0.0138996879075666,0.0249089403541151,0.797885761907498,1,3.18
0.00168023816357511,0.409492399156464,0.526325945640386,0,NaN
0.00142258036705846,0.0387204523583867,0.751556052081856,0,NaN
0.00152056066631387,0.257478958803244,0.468421894744967,1,92.14
0.0152033046520766,0.0505200902231953,0.501793235679531,1,15.54
0.00257914448288599,0.146394686968886,0.493262254067125,1,47.51
0.00542463111363349,0.165241381534006,0.77633699026264,1,41.03
0.0499976155312747,0.0277285292854676,0.516995220756758,0,NaN
0.00268321253346096,0.242014491008121,0.605089396009403,1,69.88
0.00373413599724701,0.462631897063586,0.466204912166856,1,37.66
0.00587432229798664,0.0119646319898329,0.574498162612758,1,6.24
0.00257708873707923,0.496098833901936,0.505176575979313,1,78.23
0.0722629524026951,0.0564379547903835,0.455576571643406,0,NaN
0.0529605973839509,0.406596588328091,0.748362880770754,1,2.53
0.0039775580893964,0.119912324806203,0.67495079019372,1,46.67
0.0384810060710219,0.386833792173497,0.731811453444142,1,14.23
0.0696784392251315,0.309020700245514,0.457349401727997,0,NaN
0.00140208023916902,0.217340333073387,0.451459007139967,1,92.71
0.00174332466357016,0.289296317298758,0.455230460363123,1,76.09
0.00503060556073366,0.196236477852381,0.798092854209779,1,48.41
0.00337869065351579,0.454688238234827,0.5878342967137,1,63.79
0.0131859316311773,0.134602155322008,0.463836779612052,1,13.46
0.00398594552516148,0.104956880321318,0.439387140014243,1,13.47
0.00904536639092767,0.123342719126318,0.642353938875566,1,10.31
0.0166924544861726,0.465187274307503,0.572750612958366,1,10.18
0.00185037154382245,0.0473208942614575,0.410052446549571,1,42.64
0.00663310605348372,0.0824965669105283,0.590444425635009,1,14.16
0.00274499998590788,0.391874880197023,0.635713718836215,1,83.98
0.0194708561752425,0.445274549768163,0.766902870992674,1,8.81
0.0167456129086863,0.200449293910427,0.777160231921344,1,7.12
0.0668774705431077,0.42499867612132,0.471168635139254,0,NaN
0.00357155948909366,0.0896547875036327,0.452505416236653,1,19.3
0.00242155820196852,0.179711338526393,0.43537236665859,1,41.86
0.0652869431544846,0.169831191542491,0.708563299674718,1,3.73
0.00207751671109597,0.182306194828006,0.555328825283873,1,79.29
0.00100230476573012,0.424999248928656,0.485235988707133,0,NaN
0.0385141936192631,0.481157215248839,0.79045382869854,1,16.44
0.00328953596192981,0.100548717352076,0.459614652710547,1,25.2
0.00807872689843073,0.311933782754878,0.777746908120342,1,26.46
0.0016097724515634,0.148180288673017,0.404714208631372,1,61.69
0.025252203284528,0.435415933783207,0.458461374700959,1,25.06
0.0058500763808237,0.326947840336464,0.483242580064279,1,14.3
0.0365946240358828,0.398962503636803,0.709171539977704,1,14.51
0.0158366186836605,0.259811047289924,0.50277976602708,1,16.72
0.00209953256961842,0.286633713358694,0.541784650634997,1,81.22
0.064580880789569,0.266438287620337,0.461935747647268,0,NaN
0.0112843063371545,0.353251012137817,0.773562379995846,1,16.07
0.00419927817637833,0.144623481549604,0.49223598612465,1,21.44
0.00202276652849543,0.189176795383567,0.797818511752941,0,NaN
0.0668943100485254,0.417873422512064,0.509500378094362,0,NaN
0.00149470890310468,0.241134571320711,0.79444599002593,0,NaN
0.00387000931246518,0.305815643464218,0.415332547595889,1,19.72
0.0165143504700962,0.247808130686748,0.467464015176539,1,15.68
0.00191358722485847,0.257277923756471,0.714259982240674,0,NaN
0.00948075550250043,0.178681176231864,0.458130297333764,1,9.66
0.0116198825811209,0.240226725408911,0.736218056971275,1,11.43
0.00119689255540609,0.410493412484003,0.701811778067407,0,NaN
0.0122858498852449,0.0611401871990727,0.516042732337347,1,10.5
0.0208998728860781,0.0695495614561924,0.642266131207771,1,7.03
0.0599563583578133,0.186691828952942,0.506620228752177,0,NaN
0.00444255151261446,0.193809271420367,0.669748859847447,1,42.11
0.00480276863848041,0.406517679036399,0.435670211472641,1,18.95
0.0853462318632968,0.255399632363049,0.452716296719074,0,NaN
0.0188009534392439,0.210204400801132,0.788493912999729,1,6.7
0.00226946547328069,0.23570380549576,0.500624430085795,1,62.22
0.00635891023171385,0.298621140722083,0.463807237051072,1,9.89
0.0078675830263872,0.322706919044383,0.680283184998492,1,20.86
0.0109213101528085,0.144862227801213,0.426824401322454,1,15.82
0.016469957334963,0.282409919863713,0.723488512512267,1,6.61
0.00807960753876128,0.258562270918591,0.616836551855559,1,13.76
0.00882420606055568,0.142927784680101,0.73167281876572,1,16.88
0.00187025107620688,0.325345962969211,0.638683684480905,0,NaN
0.00128753968954838,0.131821325540591,0.531531523263078,0,NaN
0.0904655889799752,0.363078833132286,0.716570372574658,1,39.06
0.00186909549382377,0.0586015020200399,0.679643887170106,0,NaN
0.00112576735988886,0.164648003687864,0.565155641260062,0,NaN
0.00489298583602865,0.313326575248885,0.600354503843555,1,33.29
0.00501248810857044,0.0138202045783051,0.675176076185932,1,34.01
0.00746684189531482,0.491216382225763,0.726620035799398,1,37.62
0.0741504587124614,0.290598326261654,0.78853133421858,1,15.46
0.0332968004310059,0.273657415888875,0.76712367518732,1,3.3
0.00234121371626107,0.48955515811869,0.567675146325509,0,NaN
0.0510274742185392,0.444778771953663,0.789447629645692,1,13.43
0.0458186334973564,0.033583352847063,0.480977097782505,0,NaN
0.00183698700203398,0.168449593548215,0.755304472840636,0,NaN
0.0012822003379633,0.477385773288613,0.492423069418945,0,NaN
0.045463543100101,0.300949862505023,0.762259822575388,1,2.48
0.0133297603379155,0.463060166394024,0.564380205659373,1,8.1
0.0530999074896626,0.33424756858688,0.463284482493881,0,NaN
0.00232478969759743,0.209510081641175,0.72077612610077,0,NaN
0.044429432351579,0.493983476837181,0.743979042132217,1,14.89
0.0166507743440115,0.208746885195908,0.427452079855008,1,13.36
0.00207572426950212,0.495580394170198,0.574655536513534,0,NaN
0.00100802633634502,0.444548562616633,0.465480120992956,0,NaN
0.0277427400230278,0.433536093638514,0.789614399021481,1,10.02
0.0159970157982282,0.363120951007384,0.619976545196499,1,5.62
0.0447822609950712,0.0619690524688677,0.67545440023022,0,NaN
0.0677648669394826,0.39612262076638,0.440106795379269,0,NaN
0.0819034807153262,0.187368373804157,0.529867616337718,0,NaN
0.00564171241120827,0.0545012003232929,0.701529638040414,1,28.77
0.0226126522831093,0.0534682822345803,0.7917922657685,1,7.94
0.018299595281702,0.416133099409274,0.785052924957342,1,9.42
0.0023305305760432,0.0239606851432582,0.59829764640586,1,63.73
0.0184509150953046,0.311041423752051,0.551364389102043,1,16.75
0.00563584958414334,0.425098454594291,0.700544404926246,1,42.88
0.04074926958982,0.34713464610411,0.421067891523775,0,NaN
0.010079788247662,0.365332971380701,0.414255699874505,1,20.21
0.0695429372099127,0.464768377405955,0.499198022354495,0,NaN
0.0469668377430589,0.0844504826007179,0.491940175110779,0,NaN
0.0496332283936887,0.393391580771306,0.679962599028047,1,9.73
0.00253144586895953,0.0735236852453224,0.464587534334739,1,37.8
0.0149867792366009,0.270751696335003,0.750993855986953,1,8.44
0.00141570756060205,0.169668754518725,0.674287393730994,0,NaN
0.00222013230682067,0.150720337722126,0.637097466021668,1,89.14
0.0570070083109424,0.113382553066684,0.756597938991986,1,11.24
0.00499574506247431,0.100923187454215,0.520700922194723,1,16.04
0.0365505082089174,0.096731097095209,0.471961425731538,0,NaN
0.0174831468929002,0.341348189294976,0.615820776457515,1,9.06
0.0509824225763586,0.138507814050604,0.524872638663312,0,NaN
0.0767322804095848,0.0389539473400143,0.534545183005763,0,NaN
0.00135892668592331,0.0738174459776949,0.70257393823853,0,NaN
0.00160876592460023,0.47452577656574,0.661468268972408,0,NaN
0.0183646215393027,0.20613110274317,0.62808360190977,1,3.66
0.00559116185731104,0.142186361807612,0.696037746521068,1,31.54
0.0772596350841898,0.38875797668223,0.697094290628906,1,32.97
0.00100281768275498,0.0579233962443359,0.527740954085561,0,NaN
0.00111707367369189,0.253985770673239,0.787348490283543,0,NaN
0.0451187975171376,0.254965788991942,0.566497207734324,1,18.23
0.0338171229130167,0.362170386041171,0.416789138131638,1,61.35
0.0158147715315407,0.0996834407852666,0.638423332807772,1,8.73
0.00202437028778185,0.425185777038622,0.743751122800736,0,NaN
0.0792123618576428,0.370388302277163,0.745447087807209,1,24.32
0.00249993775254719,0.197785875957208,0.437388539997226,1,40.97
0.00755346262448181,0.18682913236857,0.769656954238834,1,25.39
0.00147665186149392,0.194786726950395,0.589920631594565,0,NaN
0.00199348253930249,0.244168810609668,0.708514522290396,0,NaN
0.00619888761902083,0.158742411688876,0.793956983340119,1,35.59
0.0168895689243557,0.335214322034887,0.708753859784145,1,6.57
0.00248604541730162,0.0971963549368398,0.407804086117092,1,30.32
0.00253291930769243,0.279185997590347,0.524192740978707,1,60.49
0.0412633270022311,0.254729741929276,0.643664595714051,1,8.99
0.00875476687520032,0.31155823108142,0.562248994512027,1,9.96
0.0020927872086511,0.0135801923995348,0.574642982099696,1,72.14
0.0124219210380246,0.23990630722728,0.726575521726766,1,10.05
0.00127491781744236,0.0302657814648259,0.51191774301358,0,NaN
0.00524406309062713,0.182276170828196,0.456144442559773,1,10.19
0.031578870202961,0.109053075953119,0.516504376055693,1,10.73
0.0567281574534763,0.397093281864693,0.797659977303582,1,2.91
0.0767805638754443,0.111286775828779,0.484115740776083,0,NaN
0.00950719127170952,0.336783002308636,0.43592464889223,1,11.09
0.0588364581991785,0.0856845312520988,0.750211119185345,0,NaN
0.0824311637630093,0.333041387157292,0.410800386711927,0,NaN
0.00366437854073302,0.326518568323437,0.436002201167322,1,25.79
0.00112165380038571,0.385807194134092,0.478361063551635,0,NaN
0.0239367709381167,0.0745523228863903,0.539602700425293,1,13.89
0.00183631720969298,0.0568471838656883,0.599687829148865,1,92.91
0.0161283207814551,0.317155525363932,0.617543938378939,1,5.23
0.00159255287361011,0.404225197312159,0.608957878247099,0,NaN
0.00564982529426154,0.342419172226208,0.727417739783153,1,40.52
0.00330413046670326,0.0100352941242549,0.406514122346959,0,NaN
0.00199475333039367,0.471955472891761,0.560341046850191,0,NaN
0.00560133659764116,0.159431894206848,0.466276351473307,1,9.12
0.00186182381952995,0.33547252394655,0.692663859068629,0,NaN
0.0255676670936918,0.131729683770406,0.790552259942388,1,6.55
0.00826188899778448,0.219520202690509,0.457523716415596,1,9.75
0.00235765880401177,0.30412483718913,0.701655123556484,0,NaN
0.0648409761940048,0.413257443867329,0.491538176758981,0,NaN
0.00461570494813138,0.477227724455118,0.600607099091474,1,47.54
0.00212459781777366,0.105314601920443,0.431646096236095,1,45.31
0.00937871486829602,0.320102428213618,0.70335220354426,1,16.4
0.0478586802634523,0.141032720549826,0.648607092330684,1,4.96
0.0119338878524318,0.107128941953934,0.714793203689535,1,9.36
0.00434569338816332,0.259426859882108,0.622786301482013,1,40.07
0.054034721219524,0.211535615508343,0.761780176202316,1,16.19
0.00235857252361354,0.462041641580984,0.625494993335754,0,NaN
0.00229275556688795,0.341529994511871,0.542920373944078,1,76.65
0.00318102106604731,0.212597228956533,0.720384841147863,1,73.39
0.00731427141053574,0.335844211831648,0.470785954774099,1,9.16
0.0275047275241844,0.0569519113309644,0.520381373778054,0,NaN
0.00104275886851595,0.197934907343307,0.575358307937363,0,NaN
0.0204294332825076,0.0945400793581402,0.433279711010068,1,12.48
0.0108599953049982,0.223105109521346,0.656993921465332,1,9.5
0.0970283936741955,0.074495150104493,0.571715556083065,0,NaN
0.00125135153246894,0.196521694379391,0.735575591964887,0,NaN
0.00394193840125369,0.0981025269469325,0.681283781172422,1,47.01
0.0349355469961816,0.217390607695406,0.613509739799803,1,8.97
0.0272900073850194,0.126627471278205,0.650242770367937,1,7.08
0.059132111065731,0.117246030828985,0.595712324021842,0,NaN
0.00211671395348025,0.499789864842871,0.71462409841737,0,NaN
0.0158150335659117,0.317191915051199,0.53055560398052,1,17.59
0.00132756254370283,0.376816717154823,0.745012777890953,0,NaN
0.00673190282226642,0.307579909824767,0.566027958375036,1,16.59
0.010357318144785,0.192782865175599,0.497042444055623,1,9.08
0.0896623627085347,0.489248691725541,0.583154179876685,0,NaN
0.0563320407183034,0.0313522579659361,0.620860416071135,0,NaN
0.0154163442025439,0.156744144177162,0.425177582018186,1,11.96
0.00295658520600869,0.103454698872905,0.518298726362791,1,41.19
0.00790998429742607,0.319093244521728,0.415108226252803,1,11.57
0.00116767606035002,0.114736370243117,0.555114835628622,0,NaN
0.0381091745536659,0.472822681898658,0.583744599052979,1,11.98
0.0882028779175967,0.0623908174204197,0.70419016316935,0,NaN
0.0107545736113843,0.0551413875954484,0.550275249450774,1,12.05
0.00799923487904136,0.0119393122202274,0.778953665073798,1,12.69
0.00542980890887773,0.49173969373914,0.493250059107326,1,27.37
0.00138278489760172,0.13879087215876,0.405299129755624,1,74.61
0.00296550582958397,0.195350922264315,0.623950785692705,1,62.82
0.0200421601353081,0.29952588051091,0.757403946317289,1,5.93
0.0330005217568657,0.256906499684171,0.657756758918907,1,11.43
0.0333670144443332,0.171172772283366,0.619272147796528,1,7.59
0.0296896950542286,0.0842250768955146,0.766210047259734,1,6.98
0.0178313442039081,0.455229611497059,0.643552323756391,1,7.05
0.00337145667142154,0.185267050947531,0.754221376361589,1,72.11
0.0112351786369296,0.0612622644856629,0.529922235408104,1,11.96
0.0038565660706291,0.0986863814770603,0.616399358591684,1,39.83
0.00735523946322062,0.482843900165024,0.540427709630842,1,20.31
0.0201019269544834,0.424079375684658,0.536132864024543,1,16.75
0.00402835782019141,0.268424394640343,0.426987661419638,1,18.26
0.0983161558119284,0.252059745278467,0.667366958729346,0,NaN
0.0032892203393107,0.321351325943708,0.70843764440379,1,74.76
0.0109241582570489,0.107453302245915,0.49545219309395,1,3.76
0.00649351417969051,0.313157023867363,0.439952765252475,1,8.28
0.0367980066207566,0.485881320611607,0.660218732471169,1,14.36
0.00135843806241711,0.0491913961719627,0.592224462907768,0,NaN
0.0518264213341438,0.222975161660159,0.618453281388398,1,16.94
0.00328967214339098,0.202184522116348,0.731749219778283,1,71.66
0.0261453179945206,0.0348243728159395,0.76559090181433,0,NaN
0.00115255882125818,0.344979439399111,0.704102310685047,0,NaN
0.0138666309140147,0.313865533694009,0.606697654804333,1,5.8
0.0450848558512822,0.294168000274164,0.48398687462765,1,55.71
0.0023324086393587,0.165995165175885,0.577006081449615,1,72.57
0.0315536339102226,0.139516043159884,0.429335400379048,1,11.72
0.00196006500285606,0.201556119905068,0.649314402325981,0,NaN
0.00515060953355747,0.192368841672651,0.459041423748921,1,11.74
0.0137939494994066,0.246221507700333,0.626543513635278,1,5.6
0.0102830392659867,0.402631886895929,0.726894070618809,1,18.19
0.0118268342128585,0.256519326546371,0.682446325061308,1,9.4
0.0157527230364166,0.454234033253662,0.779628680631978,1,12.69
0.00104086453647771,0.365955151166413,0.570913134391964,0,NaN
0.00232596431739604,0.270171191440023,0.48590659198007,1,58.59
0.00309602980508605,0.477237686627934,0.697776478009696,0,NaN
0.0212581899662916,0.0619913551227027,0.799686781203015,1,9.48
0.0104382727184343,0.240083883519612,0.426964662498025,1,19.35
0.00530550716357001,0.280911960151997,0.525158910656366,1,20.01
0.0158998695004538,0.377125554271458,0.72067756138149,1,8.71
0.00631554054492352,0.155052006262869,0.670948210019311,1,24.4
0.0238704241642205,0.277803340806085,0.658340843988739,1,15.56
0.0811160986352745,0.331297379489509,0.48372915692602,0,NaN
0.00916890433815963,0.244394746520491,0.584611635207338,1,9.27
0.0232881814075761,0.0833957893032439,0.446492710754116,0,NaN
0.00769875989661899,0.429206653647911,0.457861950421979,1,10.12
0.022925246366154,0.0185484959954109,0.436617860066645,0,NaN
0.0826941158726749,0.471875638574914,0.585540829740049,0,NaN
0.0216990872616822,0.254352108866323,0.7134290192759,1,4.65
0.0196828617163458,0.193749067334876,0.427119427130833,1,23.59
0.0013959645682461,0.227259828215407,0.460045166870947,0,NaN
0.0026950343529799,0.38644932891284,0.471115224570064,1,51.87
0.00274981009820608,0.290855589565194,0.654584875986211,1,79.81
0.00108757835306316,0.228821426939139,0.683673359358561,0,NaN
0.00104583272859413,0.28316147838225,0.619332965367084,0,NaN
0.00495301258578791,0.231613331721807,0.534442973919787,1,22.52
0.0179927383624987,0.22376342351788,0.554249641070903,1,15.48
0.0243608051802066,0.356377771375585,0.495940353023085,1,13.22
0.020352719763397,0.105584945141638,0.575126951066265,1,8
0.00134753071073181,0.105690988397654,0.709816821288568,0,NaN
0.0244103628833918,0.0249463061030386,0.799269710439453,0,NaN
0.0840879226949989,0.474701210128689,0.755165571806308,1,24.61
0.0114793217506093,0.0593241344647024,0.760241198885241,1,14.34
0.0597537258526524,0.411413067159026,0.70027944428585,1,17.95
0.00201100516783323,0.408574904622307,0.489105480277322,1,82.26
0.0646250290754447,0.383938279245584,0.787044600391125,1,8.11
0.00864680802757609,0.105388361623688,0.460636867764042,1,3.94
0.0217592282271831,0.455731969446098,0.476065989050718,1,15.25
0.0166333354334996,0.230438939725226,0.720422911561893,1,6.22
0.0750575539934796,0.217627400359304,0.585052024967734,1,89.82
0.0573879282341895,0.457192245505887,0.64223966411361,1,18.63
0.00505791144589698,0.168310470556289,0.708802610612815,1,38.43
0.0112146560087909,0.162782520904922,0.723705303377865,1,10.63
0.00244361416647856,0.18817161479544,0.655639159889949,1,85.33
0.0029939279707196,0.368565544175784,0.505149316239535,1,50.26
0.00701751564591971,0.265954075979616,0.723786393010615,1,26.9
0.0206531162242433,0.317291708475179,0.472061697003825,1,14
0.00795103489049147,0.155453926335269,0.795700460339795,1,24.65
0.0585059003363879,0.182176268113711,0.633983864109204,1,6.97
0.0973441967942614,0.408056177347605,0.673109449205268,0,NaN
0.0616788547802503,0.118065145089063,0.767626478861663,1,10.85
0.00422211771342976,0.446559455922073,0.513073509073033,1,37.25
0.0117038653957244,0.262904964357189,0.77036554289188,1,12.8
0.0163373726633641,0.342994575211786,0.444983947364274,1,16.34
0.0557773662006065,0.147044414151827,0.446133896789405,0,NaN
0.0363424023319217,0.33790212894552,0.457658919453812,1,40.1
0.0527500951254183,0.200675337101171,0.52596280280896,1,36.23
0.0511563449072869,0.458443304229483,0.50893448853573,1,66.93
0.0572150806663029,0.0424603368349464,0.653698462751637,0,NaN
0.0162080034484674,0.0672141296905859,0.768629979425918,1,11.06
0.00179378866570188,0.0320819252012837,0.413885532374225,1,45.55
0.00237857958554416,0.434024836796502,0.60963385119102,0,NaN
0.00158956356540193,0.0508376584324919,0.510656207285407,1,82.87
0.00377295150766043,0.446717432910823,0.746069872618349,1,79.6
0.00304098056748272,0.069694488656053,0.692939612717607,1,65.07
0.00701664417207088,0.043917914506498,0.541789222284791,1,17.76
0.0697903327141392,0.253241842306989,0.689802497308397,1,15.31
0.0472601027745902,0.348755288271199,0.718519724384826,1,10.35
0.00639860335756587,0.0330544102309612,0.742588434570029,1,30.28
0.0372174028605241,0.285948340309228,0.405081389938985,0,NaN
0.0111816069868065,0.247915204987385,0.532735935675577,1,4.66
0.0425730124768582,0.400199737115095,0.667420973927259,1,11.35
0.0075971823944312,0.470422046409855,0.641701373945573,1,26.88
0.00631512479605919,0.37254523809571,0.501701727718618,1,15.21
0.0215342877773157,0.393781696906452,0.685840000099481,1,9.55
0.0076804827072322,0.189903946735862,0.471716592549266,1,5.18
0.00109998186371845,0.408663455393341,0.460300853848246,0,NaN
0.0027687499809814,0.40623128986732,0.54104630491651,1,65.52
0.00320966278593678,0.407452250098001,0.441760753743111,1,37.18
0.0253574690640941,0.404573429282255,0.521897883362771,1,14
0.00245390429008694,0.342685638479296,0.512538526446642,1,64.75
0.00332296473996807,0.142066516879567,0.463741221756666,1,28.08
0.0208983771795511,0.0666190039617925,0.619167334511347,1,5.65
0.0802784700781819,0.226268214498767,0.595660431842216,0,NaN
0.00396263711423208,0.106907096088399,0.734856049969836,1,53.79
0.00132595379387711,0.325102190177661,0.592259773053252,0,NaN
0.00589250872129423,0.246791086597511,0.655246798921544,1,28.03
0.00682097886321567,0.138375856726822,0.643121078641561,1,18.7
0.0102241918435878,0.188476404143112,0.420031732842461,1,18.57
0.031114245430884,0.31398312850259,0.778678545293746,1,15.81
0.0142777762516523,0.443786906856432,0.580154421328732,1,7.53
0.00182114595195745,0.315006049368699,0.495759482737691,1,85.36
0.00316487920653962,0.134219435355266,0.49292495209206,1,34.95
0.00851141631451655,0.110486062226202,0.715634060496388,1,16.23
0.0198094857476069,0.0491073073048215,0.42258027941557,0,NaN
0.0172830113392544,0.06826518336317,0.599364047574283,1,9
0.0316229601746649,0.121218300321768,0.784901589908382,1,6.91
0.0625834288770787,0.200302679107224,0.517591241445713,0,NaN
0.00185034024624511,0.199138687202161,0.404830126930816,1,53.21
0.00320297237989514,0.319906624656316,0.620635188486467,1,62.32
0.0335040922599933,0.204492215660963,0.469760787525919,1,30.03
0.00148335276903166,0.398589631593762,0.591345733196817,0,NaN
0.010050622137128,0.31290442883467,0.788617857089206,1,19.16
0.0271746061632392,0.243148048982798,0.799697566101539,1,4.42
0.0107288670933166,0.240194954056623,0.407604269479763,1,18.57
0.00145845386944767,0.351671014168874,0.42989388105167,1,91.32
0.00687716802535871,0.315545009235212,0.565224925392894,1,16.18
0.0138295053339903,0.27467244993623,0.4299273383582,1,17.08
0.0194141700762698,0.417144074209079,0.5185141651837,1,16.38
0.0444908710471114,0.0775428067194241,0.73781158374072,1,11.47
0.00799465436170056,0.378807159317925,0.766724840111845,1,28.95
0.00651813383178943,0.355898820892786,0.670543316751027,1,28.83
0.00294873755642187,0.455699490797857,0.744577602690888,0,NaN
0.0785483419904179,0.286657918338061,0.600149896564675,0,NaN
0.0856730075835888,0.0179980666595486,0.523847152217034,0,NaN
0.00121070987289569,0.425708373533913,0.43972217101113,0,NaN
0.0483829322237948,0.45546931868403,0.621526474783836,1,19.92
0.00245870486644136,0.163612921723007,0.608011568660164,1,74.01
0.0116934149937707,0.0164294508017172,0.778620659806694,1,10.24
0.0314125364472731,0.0592179276906016,0.580559245070868,0,NaN
0.00616362977267376,0.270722495808605,0.77138437245301,1,37.06
0.00212568779288893,0.0884775601784159,0.738596078118894,0,NaN
0.00930981549972974,0.428488288361952,0.737264024556421,1,23.37
0.0063019490128669,0.389236667848502,0.738173496496039,1,38.33
0.00384105349203615,0.284365479763661,0.606908660781284,1,46.24
0.0658772000441724,0.461587296068156,0.561202207544731,0,NaN
0.0250108843646256,0.246958141952095,0.563653591720139,1,13
0.0540592931273094,0.421672729680239,0.476327778416128,0,NaN
0.0203197837555686,0.312210892137222,0.576901141542038,1,16.2
0.00160650214117309,0.0680338123509113,0.684810613360004,0,NaN
0.0688550443066529,0.28793136275181,0.694931849868135,1,15.85
0.0261865608319614,0.441010152296797,0.548100523441685,1,14.55
0.00291057711855265,0.196580983271425,0.578044378717918,1,56.29
0.0065629368851929,0.296110912873878,0.405693654792668,1,6.08
0.0301790877098105,0.197851896361836,0.457460680406527,1,19.98
0.0950810809334386,0.169146430789602,0.553177636208992,0,NaN
0.00291490332217854,0.315270250966631,0.561590607385275,1,59.31
0.00633920612967542,0.483154683842498,0.45792513667522,1,17.46
0.0145062093126225,0.270704586282764,0.440378064509841,1,16.73
0.00904106322898655,0.0611987996394238,0.638348950830118,1,13.58
0.00263783064883009,0.409983228605693,0.629480904516906,1,88.3
0.0552673056795801,0.221216020748296,0.573117707491445,1,26.36
0.00215241535664602,0.376027602458663,0.558656901657218,1,89.96
0.00174052701340609,0.275498057374098,0.408101845723963,1,62.42
0.0976482468902121,0.320715913183222,0.593914591892354,0,NaN
0.0577307553686278,0.332893779088823,0.788930042989973,1,8.14
0.00764809183967191,0.355242188974132,0.433343112585857,1,6.86
0.0354544110622037,0.0102557728529096,0.671448926022893,0,NaN
0.0122367343254452,0.456819887531469,0.541699793848255,1,8.26
0.0932340137788134,0.330050184480794,0.471014206135322,0,NaN
0.00863972850412667,0.0113389166625371,0.478307830498968,0,NaN
0.0977077257324775,0.282874371695222,0.501641541359461,0,NaN
0.0247089685198563,0.228854705415962,0.4221152818407,1,21.34
0.00325158787943123,0.126454661757085,0.519875506638058,1,37.27
0.0034062244973243,0.0527016377165761,0.626969088641479,1,44.68
0.0159148968889362,0.0256921615764075,0.656034704640944,0,NaN
0.00417798183434863,0.103622478908127,0.675164797812094,1,43.04
0.0177567448398699,0.218983879449113,0.552607063340889,1,15.48
0.0200979085045173,0.394428285412526,0.637850825689007,1,9.43
0.00121413170014239,0.29882115523133,0.463661081393225,0,NaN
0.0326474894656204,0.0771421194938434,0.513066568818221,0,NaN
0.0293787575798255,0.213360752219402,0.458260076129152,1,20.3
0.012181242646604,0.338055544841289,0.654187744178068,1,9.29
0.00594789434872215,0.13351330724114,0.429560156631596,1,5.45
0.015229614313393,0.477790015039339,0.409669230308022,1,17.87
0.0270790744041528,0.443343790158147,0.632761352543484,1,16.22
0.00203486387077331,0.361123283060081,0.55165942315176,1,92.66
0.00117498611820375,0.0871759084155982,0.5850245007125,0,NaN
0.00796489414180032,0.365982136955402,0.700749060243171,1,23.42
0.00971424132273843,0.150562854817097,0.456931355214873,1,8.58
0.00190041247893872,0.18890384003939,0.712350638089533,0,NaN
0.0653898655666354,0.375741046498434,0.64824127132271,1,25.52
0.0551253697211979,0.361759793967648,0.447021274158602,0,NaN
0.00410518201440239,0.0423192991351261,0.400538734167229,1,18.95
0.0198659262717025,0.204196967892717,0.514367090840318,1,13.5
0.0221727316546081,0.137513030474936,0.794417485091574,1,5.94
0.0013766053161488,0.336951663661849,0.715742491939091,0,NaN
0.053883386266555,0.129190338126026,0.603948531969964,1,19.73
0.00111265262972989,0.498721366364961,0.643933366443442,0,NaN
0.0104016806384871,0.4537606539587,0.714950561531407,1,19.81
0.006987234168905,0.379762098760939,0.644402647930476,1,24.46
0.00443638348438074,0.130826614360555,0.482522731903201,1,17.32
0.0106858189220813,0.184845892737087,0.563199975867604,1,4.64
0.00229125667177758,0.455309339273815,0.446776402458325,1,65.52
0.0730997465414043,0.239866254715203,0.524856721795038,0,NaN
0.0024476741454685,0.440100762642386,0.795762145302985,0,NaN
0.00295431062537047,0.411509756188254,0.645683877955264,1,81.02
0.00181703383958648,0.398135762072073,0.573372559178353,0,NaN
0.00272807376394109,0.289422508488602,0.451134828559968,1,42.1
0.00243729561893873,0.239200674622978,0.595894992888584,1,76.23
0.095569509644975,0.0688647735836336,0.67023384033898,0,NaN
0.0452884987166593,0.332021641545264,0.490564580691325,1,46.66
0.0194942247724455,0.192610295437273,0.678986626857169,1,3.78
0.0647513530735457,0.0224120300625971,0.519093607065107,0,NaN
0.0145103744175918,0.33253262295571,0.52079457195232,1,9.46
0.00121015222891811,0.191619269040512,0.467628779386336,0,NaN
0.017229248854753,0.491363243225161,0.633957768849182,1,8.4
0.00758491232685973,0.147209689075937,0.760894469973093,1,24.09
0.00175307498381416,0.128919524537238,0.417395077938618,1,57.37
0.0044274446856659,0.253715239806432,0.680362608920869,1,45.72
0.00239781292003646,0.0163033732619788,0.660310401680014,1,76.35
0.00861128484698491,0.264921200485291,0.77055981215065,1,22.2
0.0595981484323847,0.435266819520319,0.56877784545846,1,53.81
0.00722335177633086,0.19203179644337,0.452978587143987,1,5.29
0.0910228934879621,0.201100644247148,0.793013589660626,1,10.84
0.0397174883146868,0.160656146977034,0.772750338096155,1,6.48
0.00544028743882116,0.4693298624991,0.647712227779876,1,43.12
0.0184742040625604,0.210555710059929,0.68782971557681,1,4.84
0.00196216539276086,0.29107680381141,0.725772163719961,0,NaN
0.00160738737785992,0.140524931386369,0.549792858261681,0,NaN
0.0155172139995901,0.372293639846219,0.530406698166408,1,17.83
0.0304132358256438,0.447026623438481,0.515159394652836,1,23.94
0.0452261137646874,0.243516907318629,0.565898933162084,1,18.15
0.0526712068603767,0.266979461557804,0.590497981335902,1,26.81
0.00183794655789291,0.074023398765775,0.449827545088643,1,56.99
0.0150407087602889,0.329829481638682,0.791290773418017,1,10.23
0.0618991755046718,0.214444464036373,0.403584613882674,0,NaN
0.0699132819952478,0.487890036161737,0.796566639028928,1,2.99
0.00999743067507288,0.0992567388934819,0.624830802406395,1,8.72
0.0641270650981441,0.433560338804778,0.547438646373643,0,NaN
0.0290497323016639,0.31149881164468,0.708840682991586,1,14.99
0.00832372316534153,0.487042519619677,0.71656383414514,1,31.12
0.00325133934922443,0.384812776421792,0.788841225498053,1,94.08
0.00230625035017684,0.45871238826964,0.533835947119837,1,86.89
0.0680325839822955,0.222825731119152,0.704229344187511,1,14.96
0.0349266122977377,0.25587547483709,0.549889277577005,1,20.53
0.0145318296606733,0.102984378686456,0.590797780057509,1,9.19
0.00243722822137485,0.430105020545846,0.668582369474578,0,NaN
0.0203137748849296,0.467422310523844,0.639572817553847,1,10.06
0.00115938532275827,0.193960071832977,0.531228149432464,0,NaN
0.0201649352049128,0.224839706023613,0.72844336029513,1,4.84
0.0108979044499085,0.497290799755887,0.639949079696762,1,17.01
0.00661026625737336,0.0453809173617193,0.665181019283667,1,22.47
0.0577329798921818,0.137320327657137,0.705451769006152,1,12.11
0.0742205579526792,0.278696967539943,0.580585316930394,0,NaN
0.00116483297826667,0.0508725803774265,0.547216523482514,0,NaN
0.0104802813741404,0.032542235998818,0.656235983687835,1,14.65
0.0227749095422308,0.285280976087747,0.512579670618134,1,13.69
0.0170111340831227,0.317162996918132,0.68357804070607,1,6.23
0.0932456325122665,0.230290159734101,0.69099471757336,1,39.68
0.0961736144929178,0.271893269204064,0.711952653860994,1,46.17
0.0160753237407466,0.321927717200596,0.509309451078742,1,17.05
0.0170327438358296,0.321659773691026,0.764434322305438,1,7.57
0.00249121833987806,0.472395792761839,0.50229361649612,1,74.45
0.00497485347946841,0.227496343311095,0.750868681746384,1,45.6
0.0620231033508746,0.0626857854237323,0.705894192653899,0,NaN
0.0107591906127129,0.102435020373675,0.669408994090413,1,9.54
0.0040419767198536,0.43236206563242,0.519261973886259,1,39.16
0.0827986908962427,0.118341152461299,0.455933619771951,0,NaN
0.0118144201269592,0.343534605989834,0.721917723653716,1,12.42
0.0246269269794448,0.412513352345451,0.504973289804226,1,14.04
0.0854227536240273,0.427005447848546,0.434861349637279,0,NaN
0.0768562820657973,0.353449601436145,0.43021420700528,0,NaN
0.0142522676978364,0.481606730841045,0.555501125213088,1,7.8
0.0537806372219363,0.41040915942032,0.430617410742426,0,NaN
0.0480918082866083,0.0988720858340287,0.733869633040539,1,12.23
0.00541739613269671,0.259222575583741,0.608007606897519,1,27.25
0.0958202523891867,0.462564717559763,0.680091073614546,0,NaN
0.00551051924117645,0.484793459136347,0.437091116570725,1,19.51
0.025621843088847,0.269780090342919,0.432237048372564,1,21.73
0.0765246470435829,0.180016078486805,0.444916797447686,0,NaN
0.0545916289309898,0.111599460830976,0.403921928602397,0,NaN
0.00225591208498654,0.342530948157194,0.468681991482826,1,61.08
0.00139215277916479,0.448969088570295,0.432390847335484,0,NaN
0.00447488698400373,0.0214833123150724,0.629003442131534,1,41.53
0.0181326793620539,0.267207526000142,0.560763112636797,1,16.49
0.0819066551429986,0.319496045768053,0.537070467848242,0,NaN
0.00112809916574848,0.173338920437086,0.668416728754124,0,NaN
0.0692051838603221,0.432268821489235,0.534069352077033,0,NaN
0.00368882811815475,0.130579022011014,0.431063367914119,1,17.26
0.0145736252464433,0.158441363315301,0.648863140748322,1,5.23
0.00496602614341656,0.349235457555274,0.457424519911117,1,17.56
0.00877275835762524,0.315462597847199,0.743590802048999,1,20.97
0.00130375355824189,0.348452617006366,0.43750353018889,0,NaN
