optimizer_gain,dither_amplitude,dither_frequency,y,convergence_time
0.000613992547049588,0.0872529930294765,0.216675050360885,1,47.72
0.00649864106697592,0.0701156539790634,0.13307854396193,0,NaN
0.000175439512988783,0.407320680312144,0.0337290919112321,1,87.96
0.00331067706076462,0.319953056984481,0.130948394128733,1,78.26
1.05811996146242e-05,0.203431780800101,0.481181697810663,0,NaN
2.6795616839797e-05,0.312887013831793,0.0443048970935296,0,NaN
3.13815610373748e-05,0.0683746451077364,0.0311371794724452,0,NaN
1.56589282032583e-05,0.385467761708727,0.0761259529064637,0,NaN
9.34335626222672e-05,0.252754777422532,0.163606995712559,0,NaN
1.79790218938907e-05,0.376831542142373,0.100774131449086,0,NaN
1.32049305917752e-05,0.334233214088318,0.470214446621769,0,NaN
0.00269748419021541,0.169577125982553,0.0540668575321267,0,NaN
0.000899610349081498,0.287753314229801,0.0115297135357638,0,NaN
0.00254425298147946,0.235619619616455,0.315348860555632,0,NaN
0.00294261898338803,0.398834813766012,0.143813523061078,1,40.3
0.00990330523390545,0.199605546126801,0.0421123156710698,0,NaN
0.00510163034696191,0.0552047420195749,0.128079544446765,0,NaN
0.000220781571030598,0.455521848872605,0.104953396677548,0,NaN
0.000186896663836398,0.336279837150914,0.141163293777081,0,NaN
0.000208024984003476,0.240162357709614,0.160088659830078,0,NaN
0.000303278888603586,0.0779862192292599,0.091608259658881,1,42.45
0.0014228881524423,0.0827533624550813,0.088634807218977,1,25.86
0.000131321881071884,0.0543243728280144,0.0140415421044386,0,NaN
0.000951403962733457,0.0588160946317207,0.404857257684973,0,NaN
0.000870348715591063,0.26806572109379,0.318543718814342,1,64.4
5.09424801089779e-05,0.106319785164923,0.21153388268419,0,NaN
0.000246817997434449,0.464857601032408,0.264907552565028,0,NaN
0.000263724639232969,0.17286568458222,0.494261062287089,0,NaN
7.10796675672573e-05,0.399840079834124,0.143546278268,0,NaN
0.00724097470086804,0.41851464573845,0.0931358563108935,0,NaN
0.00049266759822702,0.428015322996576,0.466529443684983,0,NaN
1.21783472238741e-05,0.353823562992821,0.137421065422926,0,NaN
0.000290174250846662,0.391946803023506,0.494806690389175,0,NaN
0.00418734285608417,0.373869340522833,0.339961895333985,1,12.53
0.0032149233818931,0.14466043939316,0.174825388766794,1,13.94
3.28278636235764e-05,0.434136342024574,0.223333289601316,0,NaN
0.000210876109725745,0.191147916725348,0.194288605854121,0,NaN
3.2681929394104e-05,0.244377684926722,0.0130609740566493,0,NaN
0.00259413919420772,0.294637737678559,0.353591519732524,0,NaN
0.00127757489692474,0.332059191369494,0.378946221371089,0,NaN
0.000848203782762387,0.105623544407202,0.172034032184297,1,30.68
0.00890758585914527,0.490488784220993,0.111311891312861,0,NaN
6.02014680875941e-05,0.263799385461319,0.359287216496629,0,NaN
0.00830614003084848,0.11726186525901,0.162966036262886,0,NaN
8.51543801174939e-05,0.2111753146431,0.0150634647527259,0,NaN
6.12343812885535e-05,0.230617210260368,0.277156960917781,0,NaN
0.00576811682459686,0.413545717867452,0.219316107913869,1,33.22
0.000621968902962294,0.182877297198105,0.206074681646585,0,NaN
0.000612523932853674,0.0306620345284349,0.20650909087411,0,NaN
9.5983951504542e-05,0.277069277785166,0.393024071356144,0,NaN
2.16157903819733e-05,0.0242476416849127,0.340941286658139,0,NaN
0.000659721901492738,0.317404855142759,0.19306234979315,1,74.4
5.6146308235069e-05,0.20250821806593,0.290215644882653,0,NaN
7.96539735961011e-05,0.0485309906829971,0.158093154854474,0,NaN
0.00371204133804244,0.431850210339403,0.331414603071442,1,13.4
0.000175017011635745,0.112307293977467,0.482442408320569,0,NaN
0.001749936764302,0.186617311698417,0.255746793393222,0,NaN
0.00237593763944777,0.0573518099720405,0.140041891264425,0,NaN
0.00920144221223551,0.469630563043802,0.302651713329502,0,NaN
0.00404438696096106,0.263217302754062,0.323674526653241,1,18.03
0.000269549245832911,0.0732963871976917,0.153751615670202,0,NaN
9.49192987033485e-05,0.098725301697096,0.339287633130319,0,NaN
1.40361436548816e-05,0.122972714837418,0.346513609900655,0,NaN
0.00605119381403392,0.18785482467603,0.283773123498216,1,13.5
6.90078176454313e-05,0.0958116933511651,0.441122674947205,0,NaN
5.77009521598278e-05,0.102671324642449,0.489493888101423,0,NaN
2.00886442999119e-05,0.2539969443955,0.458704344291122,0,NaN
0.00281821166196222,0.0191367775740346,0.366880709935992,1,13.55
7.17563280060342e-05,0.180249719197885,0.389206589455762,0,NaN
3.74378774129857e-05,0.433185297096593,0.463766832883111,0,NaN
0.00531659050040024,0.0146637703755828,0.415898197097827,0,NaN
0.0048585428500129,0.298723479512024,0.470060982071059,1,16.12
1.0048131543256e-05,0.419722088350944,0.284469134364225,0,NaN
1.59559565959731e-05,0.22101990609249,0.438864189246009,0,NaN
7.32174613471581e-05,0.130557248392424,0.366631550240815,0,NaN
0.000136360054477929,0.118157837948347,0.410597885306568,0,NaN
0.00810500491919782,0.218975747663514,0.306528417209848,1,17.99
7.70254404112838e-05,0.164229990693523,0.4440007606861,0,NaN
1.19524722698968e-05,0.251513447847096,0.111498428810045,0,NaN
0.00104657265256063,0.48110540915374,0.393992142664325,0,NaN
0.00289552919919443,0.354831301299233,0.245830443472671,1,22.42
6.69272808696557e-05,0.0143596446499772,0.498055248526831,0,NaN
7.0836537611295e-05,0.24500211566959,0.445532747144978,0,NaN
1.76004097552292e-05,0.368333839429991,0.130844698693653,0,NaN
0.000401946133762618,0.479474203242964,0.492677246217126,0,NaN
2.43318145434242e-05,0.445938913367111,0.02168638222525,0,NaN
1.17938722586603e-05,0.202877945863652,0.304905689845815,0,NaN
1.69145082715252e-05,0.347889576115641,0.264991544012511,0,NaN
1.7509186804028e-05,0.333063014628857,0.117011675502419,0,NaN
5.73242111178577e-05,0.3108520797448,0.451292894863127,0,NaN
0.00432030664274131,0.406963459818019,0.354180435457759,1,13.97
0.00935263466595165,0.225392942564098,0.285768864101565,1,18.55
0.000460713616536138,0.0861733407365981,0.214368768743007,1,57.52
4.24483691684826e-05,0.448262979279403,0.253623288318397,0,NaN
0.00241609688763765,0.235766143283819,0.0935905928517783,1,63.14
0.000207212069447784,0.470439082173629,0.01012781903356,1,85.11
6.24255700811506e-05,0.356422259296836,0.350140538952735,0,NaN
9.4324276027013e-05,0.0303836827334999,0.382047274106481,0,NaN
0.000887393980841887,0.337799424305418,0.241829594252379,0,NaN
0.000200488349908759,0.404395940151928,0.256364672306099,0,NaN
0.000585203803003145,0.134951856860092,0.0468482785011874,1,35.8
9.36340023547559e-05,0.271514106055744,0.241582021885912,0,NaN
0.00237794061132878,0.498266710787658,0.139858959720608,1,37.72
4.92774681589198e-05,0.232433779567488,0.285858761776738,0,NaN
0.00121372404673125,0.183494550234578,0.260131430419781,1,44.18
9.08826373401633e-05,0.390435635086128,0.345749344366606,0,NaN
0.00324227682902726,0.297663428089066,0.0193484306838136,0,NaN
0.00240622376095246,0.175373395669074,0.220423458445184,1,21.5
1.39095145292754e-05,0.466008122911672,0.321857443340805,0,NaN
0.000422330728968491,0.348541736852783,0.187958087878281,1,75.61
1.23819718065773e-05,0.193035171703184,0.0486200837078745,0,NaN
7.35843086414031e-05,0.166768294916104,0.375135616753266,0,NaN
7.50677179515856e-05,0.199880815888287,0.489518784239875,0,NaN
6.9115934683928e-05,0.311769436145263,0.284847988427264,0,NaN
0.000165672592842693,0.0294522749962735,0.402794930094389,0,NaN
0.00229673200933066,0.217016697135301,0.036413374956016,0,NaN
0.00174344366440372,0.288166216985812,0.161503524915855,1,25.72
0.00259627975189588,0.173491400581482,0.400047138745175,1,21.34
9.80777991724043e-05,0.482943905018073,0.213044212318513,0,NaN
0.00167884785058302,0.39625915217319,0.273820774158791,0,NaN
0.00698992642487906,0.42670083054334,0.252322081290435,1,24.56
0.00040027751675561,0.126507179648767,0.072584498876061,1,23.84
0.00409922875178008,0.491517023457308,0.344288369182311,1,21.31
0.00185688251646464,0.099679465519712,0.480997316081381,0,NaN
1.4949390054006e-05,0.101166758961354,0.152022559490117,0,NaN
0.00509628591393145,0.0935301142021958,0.341779274287141,0,NaN
0.00115351599426639,0.39857109550989,0.239531890227135,0,NaN
0.000376216662424719,0.333077837799272,0.32037929331256,0,NaN
0.00163094102967004,0.376681828773704,0.215715189166356,1,19.89
0.000144910787312904,0.160874166051781,0.177727422649255,0,NaN
0.000183812946407077,0.286973018932152,0.189100592287303,0,NaN
2.52289000980119e-05,0.12057422876072,0.0668090731946678,0,NaN
1.05466820678599e-05,0.376624677203747,0.162358228178897,0,NaN
2.01400078762487e-05,0.327926244817882,0.424528842017417,0,NaN
0.00794522161064481,0.265683842768535,0.232753916639496,1,41.24
0.000844926967740116,0.316972499801614,0.0247636986643764,0,NaN
0.000554794851363525,0.224297679498537,0.051592561254929,1,88.21
0.00100811419558093,0.0563589157957987,0.102096577722327,0,NaN
0.000840233488634871,0.239421015940873,0.164037542199198,1,26.45
0.00109883841719654,0.0711897517631912,0.340273315851509,1,83.23
3.97071344882341e-05,0.0972691737820578,0.475127907344211,0,NaN
0.00057457318281923,0.157307023438107,0.144490703137768,1,49.44
0.00313988226001169,0.202480035347472,0.0857509815107043,0,NaN
2.67140352276793e-05,0.377544091909386,0.0172961040244446,0,NaN
0.000233398094863483,0.0331015181018725,0.336428924270124,0,NaN
0.0013575151970374,0.0224136821011685,0.117108196583627,0,NaN
0.00820917743780953,0.372029471339086,0.0605827648905546,0,NaN
1.27102780534036e-05,0.3427696163728,0.247896338211807,0,NaN
2.66706948599443e-05,0.307834092380149,0.124398267477639,0,NaN
5.04983979000208e-05,0.312282357446707,0.348047039630727,0,NaN
0.000286682608868695,0.3350488333294,0.258554739606866,0,NaN
0.00106856853790606,0.382247088308334,0.130872929565,1,19.04
0.000817900801595504,0.412995240857583,0.464149221249282,0,NaN
0.000284054762445085,0.0231029475092407,0.468149348803228,0,NaN
0.00473496164492152,0.252162537849477,0.218599836724314,1,25.41
5.4513006014101e-05,0.153216863269595,0.152922386789773,0,NaN
5.77182108615773e-05,0.413100244967717,0.405032926409525,0,NaN
0.000228878459227082,0.123435767914475,0.19672761316169,0,NaN
0.00128998829851562,0.179121127731554,0.152800713737761,1,10.91
0.000131198705676894,0.300614478644985,0.371978206591485,0,NaN
0.00081715530435069,0.46506830929933,0.230886025257542,1,73.46
0.00103403420416986,0.0302040028730154,0.403079067664136,0,NaN
0.00091757464090107,0.38395135230244,0.288080762332552,1,80.27
2.30156796616453e-05,0.444790023931395,0.33629541513209,0,NaN
0.00108424189281998,0.324081352858493,0.327959103021867,1,65.6
0.000351311990082748,0.092310972482495,0.46497940928966,0,NaN
7.12143686539944e-05,0.0499160983469457,0.120286000259128,0,NaN
0.000882006904275042,0.131824000577721,0.341382469523644,1,86.54
0.000563948488457455,0.366374894481168,0.0195228510045442,0,NaN
3.96605589117847e-05,0.281734698984471,0.466093369423283,0,NaN
3.6435303708472e-05,0.376876367260921,0.164187659296869,0,NaN
0.0011700526541545,0.414568495097489,0.344777711436815,0,NaN
0.00305380156019161,0.251577696313477,0.284174534589525,1,17.81
0.00043981000434096,0.40582749176109,0.184001184919991,0,NaN
0.000346362559752701,0.325440880395513,0.0100436178318835,0,NaN
0.0021159060426892,0.447311501994153,0.418264866870781,0,NaN
0.000861576351509074,0.0846328691006506,0.182607548452999,0,NaN
0.00186842387654161,0.372001108076037,0.0370810056840697,0,NaN
2.21422528685941e-05,0.422594457172971,0.0907086654416196,0,NaN
0.00918177763117665,0.306983915411022,0.341958686272607,1,21.6
0.000171098862407099,0.144779207210323,0.477466734899464,0,NaN
3.4736527552871e-05,0.0172858279744706,0.0312168952228678,0,NaN
0.000147696534598218,0.227005104900053,0.424291388446922,0,NaN
0.000385940679877668,0.296091911797228,0.0886810627879746,1,38.64
0.000101744262558529,0.0556826935418188,0.136981269338597,0,NaN
0.00288649541850441,0.165217241311548,0.147800449011192,1,20.42
0.000672398883267124,0.141334449286902,0.38996156584672,0,NaN
0.00430234177492673,0.0177186303981746,0.345107630277215,0,NaN
0.00225924869797196,0.297159963914736,0.121431508046957,1,73.06
0.000100217242637154,0.156252817646719,0.272788561296039,0,NaN
1.91991691918046e-05,0.062765955356984,0.0772061046111417,0,NaN
0.00873899759961695,0.261643265594104,0.43457344628649,1,10.15
0.00378818720806388,0.263929633043654,0.182972867006604,1,37.57
0.000107292985630269,0.29557276161949,0.36250871145072,0,NaN
0.00044681147389043,0.258620013645656,0.0218785009027928,1,31.7
0.000105589170973945,0.441862879181969,0.0220938870999523,0,NaN
0.00502369215120559,0.0488833664949261,0.0454643621073445,0,NaN
0.00237762953804631,0.163656701384955,0.281123654169348,1,11.53
0.00575047989513219,0.401001480179182,0.013124441013085,0,NaN
0.000374770796348308,0.358611439020467,0.273822951404669,0,NaN
0.00931779570626763,0.122719905641469,0.0673497567081467,0,NaN
2.42962945891466e-05,0.334172779749274,0.178588307044107,0,NaN
0.000200419205858901,0.404580975841362,0.141823294477173,0,NaN
2.47967271526683e-05,0.387342851502366,0.47115074403997,0,NaN
0.00499638970131502,0.496930490824798,0.17706610958501,1,46.9
0.00082158085055795,0.495627435944237,0.476041475519761,0,NaN
1.22110856550741e-05,0.386541535839568,0.394337815032686,0,NaN
0.00887959062216609,0.401846446154276,0.31881258595569,1,27.81
0.00427059779739075,0.161271436651884,0.0516884681416319,0,NaN
1.5934496361836e-05,0.0923543501323975,0.176539609013467,0,NaN
0.000180486733021214,0.381379934290921,0.156516959918676,0,NaN
1.58026483271145e-05,0.101424388182639,0.142743768117967,0,NaN
0.00517057748372511,0.0596411654099294,0.0452161900425528,0,NaN
0.00168727369143779,0.195036315731372,0.476266279820507,0,NaN
4.67542453445314e-05,0.347918633082235,0.201647087178234,0,NaN
0.00435182051414533,0.46991297135633,0.0268961570754169,0,NaN
0.00186832442930442,0.2293140689151,0.179804087752922,1,21.94
5.39612027014184e-05,0.445473414888942,0.421680290383611,0,NaN
0.00426113665556216,0.084824609436748,0.381397428052744,1,6.59
0.00234768948875023,0.427226157842308,0.492474940459053,1,61.11
1.72131184394123e-05,0.135054017346214,0.259837107060124,0,NaN
0.000673848219433213,0.312282655089331,0.0499219984575479,0,NaN
2.09050872749607e-05,0.324917879022917,0.143100084771653,0,NaN
0.000184462410022088,0.352544324361386,0.144720614746543,0,NaN
0.00108033635414798,0.0441871962332435,0.0692359134587566,0,NaN
0.000482061623874824,0.0142309644691327,0.366284507536637,0,NaN
2.55759014938451e-05,0.414070285658764,0.202763407093251,0,NaN
0.000142177305626018,0.338121113942677,0.0393263119949321,1,85.77
1.64249752921169e-05,0.0824274661282325,0.247911614136466,0,NaN
1.72589464869849e-05,0.125719086334857,0.0494781518728066,0,NaN
0.00758401962053957,0.47872448584754,0.176473588044275,0,NaN
0.00524022648638983,0.310111894124967,0.28225055959558,1,15.59
0.00322223551430002,0.180382352654408,0.486353912058223,0,NaN
0.000406822737559452,0.0175693525406951,0.112921413083458,0,NaN
0.000255522824554042,0.45631705189885,0.173525374683876,0,NaN
0.00112030310131348,0.247758890661501,0.138461050827658,1,13.8
1.55859852687779e-05,0.139986222203131,0.464951186327601,0,NaN
6.5473232416652e-05,0.263032756912848,0.478784767232369,0,NaN
2.60005868709188e-05,0.115195736094102,0.415124797718317,0,NaN
0.000674202869575513,0.355113025827625,0.253540869578592,1,80.3
1.10812406983626e-05,0.0226342363600802,0.424773698602104,0,NaN
0.00174201981115977,0.29809507203998,0.31488336264414,1,27.25
6.97129813143069e-05,0.393310326359858,0.0595129195375899,0,NaN
0.00201294389780962,0.397011561746372,0.0601169820688196,0,NaN
1.15150355871126e-05,0.466670900451402,0.0966733702139089,0,NaN
2.21507667001755e-05,0.0632366724114232,0.0536366453091125,0,NaN
0.00360270302638786,0.150141781196285,0.303521712120297,1,18.35
0.000914949892353557,0.206387446689188,0.162194276689811,1,23.08
0.000333661401291233,0.489483698519402,0.263943379262781,0,NaN
0.000413087922442726,0.432817510261867,0.141255463856707,1,68.48
8.51077974046248e-05,0.142092001962746,0.140201693558866,0,NaN
6.07971110284965e-05,0.130424879342716,0.341327767910247,0,NaN
0.000690423202660944,0.219608428520844,0.288218115933244,0,NaN
8.69768754307557e-05,0.0883893706495075,0.0536966934606562,0,NaN
0.00959506090048963,0.463515954785183,0.0379366080020125,0,NaN
0.000521688150928908,0.0824640293598399,0.0242081269637294,0,NaN
0.00751240531142935,0.114878788632392,0.135041616074732,0,NaN
0.00796667974195133,0.0296208986934167,0.161488089358335,0,NaN
0.00420023787432804,0.307615122013799,0.326222695834185,0,NaN
0.000278720926350618,0.382161476250474,0.430862942768794,0,NaN
0.000166662809596603,0.108105756662262,0.391360477955352,0,NaN
0.00327560127351423,0.36912823600749,0.0834469554407186,0,NaN
0.000119749097343522,0.046992678524716,0.467578362049596,0,NaN
0.000615633411483973,0.328231923645357,0.216102242738851,0,NaN
0.000131870214980642,0.028542235287654,0.08517846164424,0,NaN
0.00324779111782025,0.32250720376837,0.200025274127453,0,NaN
0.000135834833004865,0.0554039579587866,0.333555958259931,0,NaN
0.000658256684759275,0.314584278052086,0.456697443248012,0,NaN
0.000111200099304373,0.491229569783387,0.264098460758285,0,NaN
0.000986756279305125,0.44911714293576,0.373374367957302,0,NaN
0.00441458602740096,0.205819765328494,0.11676669391023,0,NaN
3.09864531502506e-05,0.0621569877595275,0.0384079092340339,0,NaN
0.000664209447384973,0.0149714175451939,0.0549232122704913,0,NaN
5.30527309786506e-05,0.292151748201137,0.0461793266270341,0,NaN
1.12936636501997e-05,0.372310233237448,0.228383113690497,0,NaN
5.73560213965365e-05,0.0785123006857384,0.407318354453449,0,NaN
0.00016377851800588,0.468078790288865,0.386970966753832,0,NaN
0.000544923038028143,0.226176138456299,0.471756805979519,0,NaN
0.000151686474898901,0.0796614299376174,0.349530082069947,0,NaN
0.000372058747185398,0.253779157480722,0.041346533944563,1,70.42
0.0043834179077055,0.014417403775848,0.109266885439302,0,NaN
0.000516717760377751,0.178542207258163,0.402037924614997,0,NaN
1.55449870382031e-05,0.104147368600455,0.318455819064824,0,NaN
0.0016360343555056,0.401237684835594,0.0886914291332149,1,88.36
8.11137880427784e-05,0.220328597838799,0.101866562342411,0,NaN
0.00655359554441334,0.187323535387121,0.316544027632501,1,21.85
8.50792572826397e-05,0.461218434711098,0.463846124041226,0,NaN
0.000209173909875339,0.0740651315223097,0.236126091095108,0,NaN
2.21824628090331e-05,0.303531628091308,0.0747415812420293,0,NaN
0.000216708500329266,0.472612395143439,0.263155080349663,0,NaN
1.16775809385959e-05,0.391927151203252,0.0927183059598707,0,NaN
0.000270111038544063,0.212703231182695,0.458237415040442,0,NaN
0.00121318564895747,0.464501037599447,0.354788983521213,1,68.58
0.00042717625646768,0.212355492660122,0.317783659798084,0,NaN
2.37275268777668e-05,0.432746923901563,0.0124202679931375,0,NaN
0.00517905011999252,0.0798900616789822,0.167001250370845,0,NaN
6.70507997064418e-05,0.162583261746403,0.104458283845477,0,NaN
0.00293867878078653,0.384496329500856,0.363367019899472,0,NaN
1.00905177003272e-05,0.198322482778435,0.0236823716442102,0,NaN
0.000180570803814583,0.0837135069395731,0.262592060464171,0,NaN
2.31617297094752e-05,0.300485261472282,0.296718727462526,0,NaN
0.00334276570913905,0.0924025182826214,0.266843880912903,1,12.5
5.42373735019252e-05,0.0419085096598824,0.473544910485981,0,NaN
2.93772707147268e-05,0.128454120950664,0.374272172485524,0,NaN
7.11775284786625e-05,0.490100883506892,0.330078166018473,0,NaN
0.000718826283292991,0.382859805116134,0.449126715410281,0,NaN
3.80590164516028e-05,0.38185434758085,0.0134995677296661,0,NaN
2.58136381930647e-05,0.471701575354976,0.426221788658475,0,NaN
0.000863149091522315,0.0825998990834208,0.100534410125048,1,38.82
6.66747574701571e-05,0.252078655273868,0.392629949156304,0,NaN
6.38111097657937e-05,0.0513800337684596,0.171598774265506,0,NaN
3.126554408438e-05,0.188876675828758,0.0854684653538637,0,NaN
0.000181099591553879,0.263559019579808,0.0190029643883804,0,NaN
0.00484813933879579,0.142388370457547,0.447890083030266,1,9.62
1.68173630930836e-05,0.0181733850203863,0.480051474297957,0,NaN
6.63607095884037e-05,0.48558015006478,0.288375511042874,0,NaN
0.000154067268752701,0.141717796850655,0.222605825483431,0,NaN
1.26710523326401e-05,0.228934645007714,0.0158914354112306,0,NaN
9.38592460769814e-05,0.275956766525548,0.457069652478186,0,NaN
0.00443586071460622,0.391780654134774,0.20326193263871,1,33.1
0.00121975799147158,0.218216279927189,0.23305292060014,1,22.42
6.01139760255635e-05,0.0737085842516973,0.253299069893547,0,NaN
3.54602244202734e-05,0.478007678520843,0.040874655671311,0,NaN
0.0074105621406817,0.0772218367676168,0.102577396885368,0,NaN
1.71595306136045e-05,0.333477188559923,0.0121050242747301,0,NaN
0.00359290601419679,0.350691805276351,0.353113628722906,1,15.58
0.000218291846405049,0.270150959994203,0.430854308913297,0,NaN
0.00013056239328109,0.159469587089544,0.0595428123898628,1,86.6
0.000729767608405956,0.390561551070587,0.220716685657069,1,61.97
0.00169622631837392,0.164223379122114,0.415313253122318,1,67.33
0.00321514717119969,0.27074690383156,0.374538088873026,1,18.11
0.00442470781099502,0.0897981552809056,0.108607524046785,0,NaN
0.002477614607261,0.365192305628116,0.442940792629054,0,NaN
0.00338771745475406,0.112698646225135,0.269918273723888,1,18.05
0.000240719950685052,0.432707475635103,0.240919521036802,0,NaN
9.20837583320661e-05,0.405129444021735,0.206754700756332,0,NaN
2.30309787981277e-05,0.10460138203133,0.250093522695988,0,NaN
0.00132826542379889,0.319162259939328,0.224941282601801,1,26.66
0.000320820481175304,0.391310293823053,0.312828759858959,0,NaN
0.000190983027262972,0.459109430010272,0.221983111205967,0,NaN
0.00169916017484032,0.482214405810881,0.14492163686419,1,32.53
3.22073316491466e-05,0.385202552750814,0.2749754662898,0,NaN
0.000663916099104754,0.0196827167901324,0.30478948214713,1,85.83
0.000620642562061271,0.364494767279982,0.209974218303948,0,NaN
2.40600978102163e-05,0.181477130730296,0.277905347308488,0,NaN
0.000314517819034532,0.341639951027306,0.233950685980594,0,NaN
0.00901319975513666,0.175559621907031,0.17467486512862,0,NaN
0.000134464747105179,0.4426040183089,0.260826067895668,0,NaN
5.84594459746431e-05,0.0903616059520786,0.332715887222742,0,NaN
4.85239322689137e-05,0.156367286654455,0.0128931204318922,0,NaN
0.00823167962723041,0.135512902284461,0.313394600612132,1,14.44
2.45082496385897e-05,0.302577517241317,0.27625757938761,0,NaN
0.00275505386661122,0.136688953337291,0.26906883020019,1,8.63
0.000243818236500139,0.448050848643783,0.47585118248209,0,NaN
4.36228238386694e-05,0.253200817729042,0.439891724043635,0,NaN
0.000132469491503854,0.291310476835484,0.238522392797885,0,NaN
0.00289332427600057,0.355953881617678,0.465458882659027,1,27.36
1.07860466964133e-05,0.445104447182399,0.322999158291988,0,NaN
0.000451742569046641,0.205832822711514,0.260041165451086,0,NaN
0.000147786081648262,0.243585660199071,0.440129616053738,0,NaN
0.000291340432045498,0.166902738998817,0.236034833684802,0,NaN
0.00172260875789705,0.471305305816645,0.14141188647031,1,24.72
0.000467960818281573,0.454186615929985,0.0377747051567299,1,69.94
0.00040359085630438,0.209670732248016,0.124388476641586,1,42.6
1.55659905642195e-05,0.29765966682328,0.127203707961996,0,NaN
2.33522127932128e-05,0.25068980738017,0.31206973697391,0,NaN
7.03003224208953e-05,0.0530490240175683,0.210308733145482,0,NaN
1.92220693253472e-05,0.330584341671365,0.104799524243238,0,NaN
0.00045523249485139,0.214644223031189,0.0641191803619117,1,50.09
0.000109477861251623,0.077940519623105,0.170837598792393,0,NaN
0.000181715457854985,0.397121797872619,0.0464904634603077,1,78.59
2.11704049995455e-05,0.487237531389118,0.126568629558745,0,NaN
0.00761706554797577,0.480378594529319,0.402805688621422,1,9.85
0.000307371898889756,0.494630379954854,0.285652487634722,0,NaN
0.0091802827772064,0.251439918915786,0.358333295686031,1,20.23
0.000784879890054856,0.179187385571718,0.0548870688845945,0,NaN
4.7063985754853e-05,0.218998449378041,0.446479262983726,0,NaN
1.884076206526e-05,0.219277166267247,0.298541243046971,0,NaN
0.000976963266653667,0.265083890016208,0.457886476763294,0,NaN
0.00179759280848596,0.0523166392127523,0.0299955256778493,0,NaN
1.59892376068847e-05,0.462395883394348,0.0366366694362742,0,NaN
5.19587347564504e-05,0.023410686326694,0.0343526587827028,0,NaN
0.00020243942751053,0.24344294348082,0.0638986254726036,1,78.14
0.000581602953171051,0.368015371913474,0.490670433279651,0,NaN
0.000633682813829789,0.30708073522158,0.384515372114211,0,NaN
0.00426018354595718,0.326797068758856,0.0965807678263022,0,NaN
3.77463259536075e-05,0.158639432063114,0.484202222039805,0,NaN
0.00066246800663021,0.0570519949709176,0.10769932510161,1,44.69
0.00106628083918134,0.305294345003661,0.432602161897894,0,NaN
0.000207097121320861,0.0121792437221823,0.10731945593463,0,NaN
0.00199064158931587,0.326960725020393,0.296980314052876,1,22.16
0.0064305903693027,0.197510718760685,0.488827147815704,0,NaN
0.000131811556799475,0.378248029865167,0.455607543669429,0,NaN
3.61988387587556e-05,0.177151316943776,0.426207385333156,0,NaN
0.000801046807224459,0.0512997557589136,0.127977094030967,1,69.02
8.72013434206732e-05,0.445981220108035,0.25043597866736,0,NaN
0.000206322033753831,0.326483051958754,0.247806583347045,0,NaN
0.00141048224157305,0.249178702183822,0.431954415610401,0,NaN
0.00024264558427517,0.0647631204942374,0.292038749493504,0,NaN
0.000279114332263683,0.293850228412707,0.318199158606624,0,NaN
0.000333292014367603,0.398813017065733,0.152770935630069,0,NaN
3.86889896116133e-05,0.406261573494493,0.0426699095314312,0,NaN
1.99580274978354e-05,0.295774662309054,0.475510608755787,0,NaN
0.000867713740303328,0.114878019782308,0.0918067242112346,1,26.39
1.8596433601604e-05,0.189013682870941,0.207163789415014,0,NaN
0.005714412622675,0.493119795189056,0.114247290942773,0,NaN
2.0834599621634e-05,0.195444131989258,0.242636481612337,0,NaN
7.19332834523606e-05,0.337431885550609,0.366825743400192,0,NaN
0.00951070900334605,0.399862437671979,0.0460319003048236,0,NaN
0.00123817270331759,0.445584724587336,0.433421237368571,0,NaN
0.00980969876799207,0.192063640792599,0.0506805858525143,0,NaN
0.000171964628594884,0.343188593995623,0.330891231935228,0,NaN
0.00018873791758328,0.231507953206266,0.0231123212531515,0,NaN
0.00164625369236602,0.282499881702091,0.309530652455807,1,29.13
0.00476769806269577,0.359493937325774,0.256844615679234,1,28.67
0.00859679620453233,0.383138510276302,0.336851905206041,1,13.14
0.00814682254174044,0.288249054216461,0.0688741180000982,0,NaN
0.000759322553789087,0.14625555264221,0.210718693121923,0,NaN
0.000202495823992042,0.358635078607698,0.485728628474169,0,NaN
3.9975385232634e-05,0.437076007782265,0.0799308058896921,0,NaN
0.000105509694375297,0.130937397156279,0.191031582992809,0,NaN
0.00468606425086561,0.375346922477809,0.0580091803921789,0,NaN
0.000654599701905379,0.425852138246782,0.230929916341466,1,75.18
0.00338463591372428,0.298826020008275,0.30966927920342,1,9.54
0.000485842287393704,0.251850598365498,0.315196817861192,0,NaN
0.00544156599262358,0.394376292424597,0.228712781814294,0,NaN
2.68208413164733e-05,0.366514735625196,0.2836192698689,0,NaN
8.79270973200485e-05,0.214516047898615,0.143853635721498,0,NaN
0.00033132549636249,0.43329514080166,0.113320775909464,0,NaN
0.00014376053419361,0.381186392596195,0.398036834883578,0,NaN
0.00015354088381694,0.146467899710123,0.0874377258044755,0,NaN
3.62248492896279e-05,0.324834631779531,0.478892630585878,0,NaN
0.000901028175163558,0.104823071460729,0.355076836126051,1,79.67
0.00248641150011496,0.0221340849703423,0.0209137315837373,0,NaN
0.00134402428814861,0.389762588081498,0.397832031553431,0,NaN
0.000929534400115227,0.497952343741934,0.281679158693897,0,NaN
0.00665549782993119,0.49094386755319,0.0936045773008818,0,NaN
0.000434539366696559,0.0366118087726471,0.14142214025824,1,92.33
0.00337549332359254,0.164887136381708,0.222342754383395,0,NaN
3.33340297899957e-05,0.262121866650325,0.445316247398846,0,NaN
1.07282176772057e-05,0.0576591995509669,0.025344255013716,0,NaN
0.00850871498988403,0.0343458299256418,0.338401395958834,0,NaN
0.000640372489530097,0.185843818963181,0.369259758734608,0,NaN
2.71258127762047e-05,0.0115568597198499,0.259939065696253,0,NaN
0.000104848319000803,0.324663409023431,0.111397573161718,0,NaN
3.1572823361726e-05,0.299682970430724,0.347082810129111,0,NaN
0.00119223174387919,0.203925521951595,0.20416943958451,1,17.3
1.3313500911674e-05,0.076518652427832,0.260642587475398,0,NaN
0.000293783671928631,0.474677926107401,0.111597203678955,1,86.54
0.000419151051504844,0.018565305455015,0.396372533982484,0,NaN
0.000954263827313764,0.228355724408323,0.25076881568879,1,45.51
0.000205673932205042,0.472486325261827,0.401669300568485,0,NaN
0.00257857776457598,0.195404387739391,0.381871941294188,0,NaN
0.00026879139731411,0.16924362189229,0.376690480548167,0,NaN
6.94496073077366e-05,0.217768251847076,0.096248614150887,0,NaN
0.00142253162694103,0.249897483617088,0.307077998912933,1,33.49
1.55490912933498e-05,0.105550027429566,0.0410354819933724,0,NaN
0.000564087499432233,0.083556847457824,0.326830213988127,0,NaN
5.27791435352648e-05,0.204557542952085,0.117562723382333,0,NaN
0.000473500147400334,0.179894161542035,0.280500587421014,0,NaN
0.00228187970993607,0.243170277970706,0.334348226474491,1,17.64
0.000864951671051968,0.272180058185468,0.45811358030397,0,NaN
0.000382945398480412,0.0173748812111997,0.106217665588122,0,NaN
3.08023164950044e-05,0.28187113326026,0.490828534712341,0,NaN
0.000218170423768214,0.0484599092624071,0.36201635972045,0,NaN
7.42618514799563e-05,0.442705006914275,0.0697386186922479,0,NaN
0.00202316861879956,0.0433030255408962,0.10069244798398,0,NaN
0.00019280537818549,0.423869651448881,0.122090722267732,0,NaN
0.00181556328071075,0.472746534419143,0.116764262753435,1,42.12
0.00659296674151056,0.441626056475471,0.126364304050277,0,NaN
0.00018868106490243,0.446321620243442,0.0918256711099056,0,NaN
0.000731227266316376,0.415223706396062,0.201923943535502,1,80.37
3.54290243611544e-05,0.408567109800552,0.477996327776623,0,NaN
9.7763415058018e-05,0.411580173793759,0.343698823971041,0,NaN
0.00505892210516037,0.149019611236077,0.420735627763439,1,16.61
0.000385186027270999,0.0265565061664945,0.431130705699749,0,NaN
1.49286468668364e-05,0.0890541902759262,0.183153882719485,0,NaN
0.000304557256457832,0.170083261155791,0.458055174076861,0,NaN
0.00203106731411633,0.417572894461637,0.136437318712408,1,39.03
2.24351298335238e-05,0.436618049074126,0.48642715325993,0,NaN
0.000210519837059843,0.0638934609250538,0.0265931322753714,0,NaN
0.00893870926494866,0.470675096563306,0.467228627125731,1,9.95
0.000213971172929512,0.191942970556266,0.0414119110973039,1,47
0.0069349073420423,0.395279177948483,0.304690605181531,1,21.11
0.00856669011907573,0.070116287846101,0.408638630118642,1,24.53
0.00114121829845367,0.341420203546182,0.365282333240851,0,NaN
0.00526163857231191,0.379773165463629,0.256741553745937,1,15.57
0.00023877953310951,0.0957724095328296,0.384441329931275,0,NaN
0.00733474328012825,0.206953084257165,0.367736579532881,0,NaN
0.00214680974192433,0.484205221819638,0.320727692354844,0,NaN
0.000187676527699463,0.0596206502634896,0.415846973952927,0,NaN
0.000445747613874407,0.155300888822847,0.162978077521273,1,63.55
0.00017935989552569,0.302358071058949,0.0889755728286228,0,NaN
0.00534455540093993,0.125790858040947,0.497226495691655,0,NaN
0.00107068196790936,0.279666203708825,0.0363807904407646,0,NaN
0.00218582486400207,0.0821304733821145,0.1593824088653,1,15.75
1.14144995904605e-05,0.440326133284572,0.494262553694793,0,NaN
0.0012173887279452,0.376430704904821,0.485306455590793,1,92.74
0.0015831173202092,0.454758650142426,0.234138010734969,1,27.52
0.00478419303488097,0.200757163400673,0.442024755758248,1,10.15
1.75532294949222e-05,0.45719834222556,0.453022266455278,0,NaN
1.15356063193754e-05,0.0145522065415951,0.107180911095788,0,NaN
0.0028165703244883,0.47652049060022,0.38741087768523,1,49.45
0.0041245713487633,0.343342332379899,0.430672677864371,1,23.1
1.57036956442553e-05,0.247724100140634,0.249384849835414,0,NaN
6.19719900406471e-05,0.0639408981119255,0.178454287640523,0,NaN
6.01293979277676e-05,0.21339909053465,0.0365643728123332,0,NaN
2.44150377403798e-05,0.332836858891905,0.0683988573811974,0,NaN
2.08148552710739e-05,0.282513497251449,0.418841882819353,0,NaN
0.00134088304252166,0.331711411863049,0.14594392502641,1,30.52
0.000255155697040534,0.0324861559715755,0.059639787106784,0,NaN
0.00125155615380251,0.110409318316682,0.313205398092297,1,34.82
0.000608400982325254,0.0972309909020458,0.128239803031266,1,33.22
0.0068170445214918,0.299141224822179,0.0111210421929137,0,NaN
5.33453805708917e-05,0.437990254090045,0.340454199689251,0,NaN
0.00015867929510043,0.170054091197209,0.169324330062404,0,NaN
0.00291112314594447,0.34726227072612,0.325225143171415,0,NaN
0.000530922274689936,0.431146804442963,0.359459722105334,0,NaN
0.0010257415472338,0.281993173977518,0.40244700692349,0,NaN
0.00286679071737781,0.478040081403438,0.317598622398865,1,20.47
0.00235841805123298,0.118574444749977,0.214060408426949,1,11.73
0.000826969713334738,0.108512217432915,0.0310027897162667,0,NaN
0.000105448967304758,0.0941997569951198,0.443383374463657,0,NaN
0.000388558047228823,0.021990291827816,0.0294919766599055,0,NaN
0.00583165373266114,0.304576596533745,0.325494446888926,1,16.52
1.25249320044626e-05,0.0339227718401344,0.407899473151129,0,NaN
4.29501467099226e-05,0.106429687387683,0.400084694043308,0,NaN
4.41260573903807e-05,0.471117659903623,0.334166823777636,0,NaN
0.00525605152681359,0.0271413196210427,0.121399098496842,0,NaN
2.40207376403084e-05,0.284785272471428,0.0105334293865668,0,NaN
6.10008105775966e-05,0.199930998132089,0.165856979856121,0,NaN
0.000939717137513212,0.104279094996845,0.28806438667504,0,NaN
0.00175717549798297,0.478827357881854,0.129431902855717,1,29.13
0.000108884455333721,0.192272150295858,0.356726933379216,0,NaN
0.000131466029878454,0.222868413663928,0.206323742000486,0,NaN
0.000660055292970644,0.0456290967691879,0.22573757805566,1,58.64
7.53756422290527e-05,0.0594957849358522,0.24367126940433,0,NaN
2.90516569100873e-05,0.113052216904018,0.344985706107662,0,NaN
0.000310126542478221,0.446790014884993,0.365980630739443,0,NaN
6.62258871428167e-05,0.267845134817845,0.400488440302353,0,NaN
4.16908952193977e-05,0.439226705578595,0.0557263835696322,0,NaN
1.43145787200713e-05,0.366106275762238,0.444299383784574,0,NaN
0.000254857578013798,0.104736662735443,0.0228817470663672,0,NaN
1.71483671225111e-05,0.360758482899508,0.249436409877096,0,NaN
2.14977465712575e-05,0.307779182450543,0.215580226718286,0,NaN
0.000338446550466611,0.259497415529286,0.404025009372807,0,NaN
0.00504242074573986,0.0381232158746771,0.368070845850129,1,13.92
0.0042536722975192,0.0853689240125027,0.481279510655361,1,19.13
1.03930583798265e-05,0.0720223937312189,0.463458387683392,0,NaN
0.00154208497760848,0.0345914372269917,0.0808230600779243,0,NaN
3.60041836991798e-05,0.126015852723882,0.230922971285001,0,NaN
0.000100141059475074,0.416737815115383,0.351216422858717,0,NaN
0.00107458334891715,0.139345623813278,0.137351620089008,1,16.77
0.000208824887679528,0.0373641749669255,0.136776876527184,0,NaN
0.000809873196704665,0.475293978359465,0.389237993764256,0,NaN
0.000150475146497285,0.297155265292731,0.388797604496768,0,NaN
0.000110135927040984,0.152199076324483,0.019472972394361,1,82.09
0.00165043560991829,0.085003491656079,0.416214367621328,1,32.89
0.000973481899004324,0.121284688503397,0.0624012604504914,0,NaN
6.79366308280039e-05,0.315393863867185,0.170851687695074,0,NaN
0.00122842232197432,0.440102003003916,0.0130157017224931,0,NaN
0.00477772714095272,0.327569342821214,0.461361675802024,0,NaN
1.86520627153102e-05,0.0735131256701747,0.490968432833739,0,NaN
1.14626724871267e-05,0.0794900217659611,0.443363670343895,0,NaN
0.00241843705921313,0.492436360471886,0.424832972037493,1,78.47
0.00169136261797205,0.419890278106907,0.167335699577904,1,15.18
1.2495479930957e-05,0.175312394159124,0.455232158995966,0,NaN
1.99033833981669e-05,0.413833184600689,0.116933809229648,0,NaN
8.66041169787032e-05,0.401540283758922,0.45243330844864,0,NaN
0.00163614675177427,0.252977116176725,0.494356299076021,1,69.86
0.000547000682447061,0.393023115063947,0.0646512310956222,1,50.66
0.000432832002508571,0.129055422951598,0.177933903416182,1,59.45
0.00261938758578005,0.126380584642403,0.249597042648116,1,6.35
4.19654400986037e-05,0.0563529657790263,0.455456644496419,0,NaN
0.000356565470791821,0.38160291811601,0.0948040120721271,1,64.36
0.000297486107376151,0.0494779774527261,0.0312209672238002,0,NaN
0.00438698172538206,0.0912866498218175,0.186721687358425,0,NaN
3.49928071286854e-05,0.454603856152874,0.0562103681480498,0,NaN
1.65676374530428e-05,0.200138654287361,0.151720182392243,0,NaN
5.23768690392063e-05,0.153534013980531,0.354047870777712,0,NaN
0.00235304952175375,0.0859085745244113,0.282199125468749,1,8.81
5.48947766930215e-05,0.223927482099652,0.159176174756814,0,NaN
6.45764262746924e-05,0.203848498918453,0.120017031134648,0,NaN
0.000615187421920422,0.456404897926083,0.279709175470858,0,NaN
0.000156743406346681,0.450104432866102,0.237022177957079,0,NaN
0.000192944667776984,0.495933002623265,0.342255679826914,0,NaN
0.00032436094618767,0.375076906021416,0.324026441203185,0,NaN
0.00382690135177487,0.323072636608054,0.354302132972684,1,11.8
0.000201385231855858,0.266525013404095,0.188109825009043,0,NaN
7.38824695107538e-05,0.489711766435821,0.488078760183436,0,NaN
0.000789053809985169,0.396595558203107,0.399511558504769,0,NaN
0.000346580707134914,0.417000640782049,0.0720650239877972,1,54.25
0.00254263329075508,0.270631159332796,0.197282744638924,1,20.18
1.74003731214589e-05,0.469042451028009,0.292373453490398,0,NaN
0.00452739186854991,0.497859281743986,0.264989235231332,1,14.27
0.000724993692390346,0.0566876297345597,0.484232191780682,0,NaN
0.000427590656954167,0.44242742343446,0.274116820904845,0,NaN
0.000387729217123184,0.132123090925927,0.149704660512135,1,88.45
0.000889834087432491,0.453783357927068,0.159520161178039,1,35.04
0.000413789692119704,0.185509723839183,0.404899580780243,0,NaN
0.00871798625832681,0.0599536628138614,0.325875799777909,0,NaN
0.000277988676302134,0.0145988256618952,0.420768668763035,0,NaN
0.00125033556779443,0.214402269055162,0.276627622919933,1,31.09
0.000696970364030683,0.248580166447128,0.429381338747382,0,NaN
0.000395432208234121,0.0904481083167291,0.205522508131678,0,NaN
0.000375770359591423,0.395936637012977,0.0717522519108872,0,NaN
0.000171276035081804,0.320939935025982,0.0496145455612221,0,NaN
0.00494546082727218,0.406873939384706,0.322526553156098,1,8.36
1.91102308581857e-05,0.327303477473011,0.249741768412583,0,NaN
0.00059490559480798,0.243424453478126,0.305374447214622,0,NaN
4.35670472683129e-05,0.0867103421626327,0.389383190171103,0,NaN
0.000753930140409922,0.135532715014544,0.0897556494056728,1,33.2
2.05937715928275e-05,0.42352477884098,0.204736205278653,0,NaN
5.9475728187272e-05,0.438521795918165,0.303887410460105,0,NaN
6.40551966414808e-05,0.45125998884163,0.229496555336347,0,NaN
3.19385948104742e-05,0.431254104570959,0.1236683420545,0,NaN
0.00258667950445467,0.282030630559105,0.414019026064145,1,27.23
1.33395568186737e-05,0.251016238538303,0.238365598404052,0,NaN
2.56979865312495e-05,0.156416334323322,0.223476361864161,0,NaN
0.00974553155855973,0.0272982396741161,0.142055005149813,0,NaN
2.22897303987681e-05,0.444251809364059,0.0253763861185041,0,NaN
0.00104688119435306,0.450171716339454,0.119476038872954,1,20.53
0.00646974179562777,0.438414510428678,0.202930788220453,1,41.01
0.00634110511008723,0.161812225972404,0.343743616953523,0,NaN
1.32769198231875e-05,0.474948328663974,0.207968947409728,0,NaN
1.89856566141737e-05,0.433611354316575,0.221947729200297,0,NaN
0.00196123714886272,0.119274430958157,0.435192623419124,1,49.12
0.00010015374039785,0.301483948781381,0.272209157559128,0,NaN
0.0011199437913471,0.467630687890283,0.201018721225422,0,NaN
0.00103162033028239,0.47090044508302,0.271645459992542,1,71.57
0.00373218828485127,0.490847836119471,0.366558129585664,0,NaN
1.21999574165119e-05,0.0815601021717743,0.169889575463584,0,NaN
3.34065709178588e-05,0.3672330739694,0.371009561268257,0,NaN
0.00279467955272661,0.235373183821728,0.418525148089208,1,27.55
2.5302410353395e-05,0.340240016723209,0.301660971986069,0,NaN
0.000401415983666816,0.119405256188494,0.23007737071206,0,NaN
0.000813996539455709,0.490228165335856,0.0363315209329801,1,54.22
3.83658882785236e-05,0.475209654916268,0.45209478749325,0,NaN
0.000111249221798503,0.0615191152316177,0.163915207329404,0,NaN
0.00682244724232976,0.163816836749499,0.361957099990772,1,11.27
0.00222053495251995,0.302117998072615,0.415932947729474,0,NaN
1.57178708033567e-05,0.337992169373347,0.426004364214986,0,NaN
0.00793899977753244,0.221972303052295,0.159974744913655,0,NaN
0.000156490194860805,0.447762952999024,0.314635990093281,0,NaN
0.00749077259555813,0.369214700517185,0.36853353641048,1,13.67
0.00220128919691752,0.0144185545557446,0.354864541802916,1,16.62
4.02662754317416e-05,0.0137063194058853,0.494594727612864,0,NaN
0.00220691172847156,0.236013960920648,0.0639220727370764,0,NaN
0.00019664117052915,0.185616184496228,0.246393658991163,0,NaN
0.000240923886935486,0.0133667859850328,0.048704964323344,0,NaN
0.00459721075127856,0.319380141582241,0.188789293672597,1,43.89
0.00495424088603373,0.366304077748537,0.38573079091983,1,11.45
0.00860131781368132,0.272509282239501,0.480292581917909,1,13.38
0.000236003744139346,0.450032988287472,0.466302074866467,0,NaN
0.000219215822554693,0.407243348389459,0.465892058189002,0,NaN
0.00294778790424462,0.191123321114468,0.0936758225389192,0,NaN
0.00108310953928494,0.2496733668906,0.134226162455357,1,13.88
0.000166865297584991,0.168024382194303,0.250350845670986,0,NaN
7.91431270222717e-05,0.440717584533159,0.281120852088361,0,NaN
0.000469529700543358,0.390148103166149,0.303494465272603,0,NaN
0.00113323789454298,0.49599661643937,0.246872355531187,1,54.82
1.96570000476917e-05,0.113596990826421,0.131758495969572,0,NaN
2.0585733476682e-05,0.39662678246242,0.373992849382045,0,NaN
6.55067547002948e-05,0.423370443819092,0.195096175872766,0,NaN
0.000177049792255266,0.28201427037987,0.0141523736513642,1,79.92
2.66822294692549e-05,0.416698770645082,0.298907154842832,0,NaN
6.25392696616908e-05,0.219906375485511,0.113288107433205,0,NaN
0.00284135202429126,0.41559756461359,0.305586750253211,0,NaN
1.53602889703125e-05,0.317547199672681,0.326816032339112,0,NaN
0.000107309165337404,0.350480989837975,0.162099023902417,0,NaN
1.00051084549433e-05,0.308300887519847,0.366308380612885,0,NaN
0.00626008280109299,0.187307554123174,0.476512151130659,0,NaN
0.000600838252935138,0.0882533596858,0.290162677844842,0,NaN
2.43769363739883e-05,0.202987157128385,0.175074054781703,0,NaN
0.00148147988896239,0.165689290119006,0.496446312267292,1,84.78
0.00548329123402434,0.488514021567285,0.219225373533097,1,27.22
7.71368124357912e-05,0.0334995039922452,0.186047479012464,0,NaN
5.63405102437997e-05,0.193282442626785,0.433743032122813,0,NaN
0.000206341134794974,0.306519910790318,0.129655609743439,0,NaN
3.49137456036291e-05,0.224786300871443,0.305735464174504,0,NaN
0.000163349420539975,0.248745501972702,0.379974694690107,0,NaN
2.86897628722803e-05,0.259445906724661,0.337337440834691,0,NaN
2.46377325693106e-05,0.228512550432084,0.381247749056873,0,NaN
0.00828053887226,0.195489861331226,0.217150385302936,0,NaN
0.0050065297783781,0.280116101741522,0.167531034783462,1,28.75
0.00818481635419969,0.405907714682017,0.186800938336244,0,NaN
0.00319057383414695,0.343259299373134,0.110547779999974,1,78.21
0.0017382840745971,0.310954582388079,0.143907313310423,1,24.6
4.57183545512989e-05,0.266986818998516,0.30278064748379,0,NaN
0.000742787886170212,0.42729229029736,0.487107901350704,0,NaN
0.000163916748868832,0.327019761347335,0.401421068997227,0,NaN
0.0035303466422736,0.403434980101132,0.182024789421441,1,31.34
0.00552371394830523,0.184618651725216,0.0366418316695513,0,NaN
0.000934135599228054,0.484373422395292,0.364672210696602,0,NaN
8.57135972003962e-05,0.0394853387402642,0.241024047027695,0,NaN
0.00750175974069833,0.451695998431365,0.044622564720726,0,NaN
0.00025226867338707,0.0123913956663608,0.428112784963173,0,NaN
0.0098813853151861,0.404920645711436,0.131803925963046,0,NaN
0.00218920885975133,0.457221738005342,0.321390068751041,0,NaN
0.00992953550611032,0.454061682441819,0.262279644729471,1,35.3
2.2529044712187e-05,0.367673884335111,0.163583479918438,0,NaN
0.00280099639969884,0.470551069346053,0.214411985366274,1,12.43
3.12611957409773e-05,0.457768930025482,0.151274757927329,0,NaN
0.000963127053428466,0.0109418057511813,0.311518009459256,1,49.35
0.00110236543667215,0.426818339678359,0.0282840895311516,0,NaN
1.60569784720822e-05,0.448827557192758,0.140762523289603,0,NaN
3.20049457428913e-05,0.254186513302684,0.224146043039303,0,NaN
0.000536558004728517,0.410152329200563,0.355705285060438,0,NaN
0.000923227346863444,0.251743092500702,0.144240246819193,1,19.11
0.00817863268204413,0.306663430285474,0.397674903297401,1,25.76
4.3022833461875e-05,0.230043630064351,0.0852016573791178,0,NaN
4.45507521981136e-05,0.321379645795612,0.446722869077178,0,NaN
0.00019861228017337,0.0224394243317896,0.411922028646842,0,NaN
5.24213044926768e-05,0.201480639840982,0.298086506762974,0,NaN
0.000100321180155411,0.245812466977646,0.206825926534971,0,NaN
0.00589730764424614,0.127787140283946,0.481025809175825,1,7.58
5.23273969373539e-05,0.133540545812261,0.131026775945808,0,NaN
0.00265609951096389,0.312421258268968,0.104998457114128,1,32.58
0.000178164696479857,0.427985095940189,0.126914955712974,0,NaN
0.00103162818631856,0.170437618700998,0.058494703492206,1,42.25
0.000181472895165619,0.254577094360952,0.144955465809337,0,NaN
1.79963590847448e-05,0.444472920992301,0.430566591803551,0,NaN
0.00189133159725518,0.299092863658557,0.356852376815348,1,29.23
3.43065932445037e-05,0.247350596487384,0.0406093695276526,0,NaN
0.000836022516029379,0.0309330684515313,0.184149634044693,1,21.41
7.74956888813176e-05,0.397504560742547,0.0350638239339516,0,NaN
0.00162106842289875,0.306678876731556,0.256086551142821,1,19.68
3.08037607807487e-05,0.269479830933499,0.0126920215866818,0,NaN
0.000316116832664306,0.3442115908055,0.023816267413506,0,NaN
0.00575226594910509,0.299340939118624,0.150833814638205,0,NaN
1.15766516111368e-05,0.190659237428739,0.191966771097936,0,NaN
5.49139370673722e-05,0.385063537461396,0.397756090189907,0,NaN
0.000194842057742134,0.362590292128931,0.0714287623554242,1,82.77
0.00537761696114898,0.358049990231816,0.403444432842093,1,13.2
0.00215095574774713,0.074431959432158,0.0404468885661957,0,NaN
0.00242652304017155,0.367257371571685,0.109477036185707,1,73.01
0.00101605512177583,0.130403089090593,0.245259784907373,1,41.68
1.73881122457297e-05,0.0730788090387238,0.351356174033744,0,NaN
0.000217595649562126,0.262377145552395,0.24607273129435,0,NaN
9.95545273529971e-05,0.337733428039225,0.246835417835218,0,NaN
0.000309889430216314,0.139536544472421,0.397071016443147,0,NaN
0.00575539192835854,0.0133781334504028,0.0408374903024652,0,NaN
0.00214375818158886,0.457700590037304,0.34278724831287,0,NaN
1.0133830592313e-05,0.231670250605776,0.396554506960174,0,NaN
0.00330203016535857,0.0386238134819293,0.226560326131862,0,NaN
0.00172971412478041,0.46846232674372,0.169401907156715,1,18.58
0.000255290334584307,0.265564234603404,0.329803037145962,0,NaN
0.00178653376893979,0.211858157564811,0.0174929367564452,0,NaN
0.000203564723205215,0.275961886338805,0.30897278966364,0,NaN
0.000109427205560046,0.0458811341313556,0.367689000310618,0,NaN
2.03760384931886e-05,0.197470882732807,0.170174061701203,0,NaN
0.00118626328328529,0.246081177180628,0.399853585809923,0,NaN
6.23082843657662e-05,0.428966370134293,0.238066357912168,0,NaN
0.00018255221792685,0.275166669145994,0.202722605266052,0,NaN
0.000672629055014516,0.0135883744604646,0.467023600140488,0,NaN
0.000614862936331251,0.206088858566676,0.281427717804757,0,NaN
0.00089831880418241,0.0750826262200822,0.38318301156347,0,NaN
0.000100701752869899,0.144382757713896,0.0832700614482176,0,NaN
2.3251663374507e-05,0.0439280719021128,0.252416313677974,0,NaN
0.000499936284486231,0.363068559117293,0.177748025256781,1,81.11
1.80464358713621e-05,0.353419788034511,0.157541198474067,0,NaN
0.00139691755478558,0.44818337183886,0.157131795464029,1,18.54
6.21708086889942e-05,0.300250574963947,0.453540879409826,0,NaN
0.00122100252936796,0.0121859625406609,0.426861012211557,0,NaN
0.000237084298753097,0.173071680510622,0.0478881659542447,1,43.43
0.000120670939720421,0.207033235490395,0.468003573013752,0,NaN
0.00128522288315958,0.226137367132127,0.353347483436656,1,62.06
0.000102370526316118,0.375720782534455,0.402703449093474,0,NaN
0.00363321836277434,0.298687715623955,0.259038186389396,0,NaN
0.000212729710740547,0.255958846360452,0.0193916660657371,1,67.39
0.000128743241057472,0.473143494093634,0.0983863762484116,0,NaN
2.00712596717666e-05,0.22204305805142,0.14600486121566,0,NaN
0.000440758537346548,0.181304652280191,0.283548522244101,0,NaN
3.46527059040591e-05,0.196525251798066,0.147556897806974,0,NaN
0.00146666429449666,0.379013104952962,0.25742804199845,0,NaN
0.000188852592973037,0.104874771502055,0.0414329068865928,1,57.66
0.000557758647936117,0.28027553868194,0.0314653205587382,1,28.17
0.000137982389706361,0.227227237754094,0.0674306607758097,0,NaN
2.39053386115405e-05,0.349422537258273,0.485605879524749,0,NaN
0.000151977377352072,0.285548849359626,0.107191785805279,0,NaN
0.00031888146349585,0.192789545919228,0.0665284733101591,1,38.73
0.000532782584176757,0.254282736405192,0.0678317514853623,1,43.39
0.000234770834818378,0.433040976350888,0.178567340747418,0,NaN
0.000392049022377479,0.143968215721882,0.267251035354102,0,NaN
0.000788819415584056,0.0338715652020504,0.489634007747157,0,NaN
0.00188120499786095,0.186344739443462,0.219073827239226,1,11.34
0.000378733322270658,0.478395465164493,0.380008034193814,0,NaN
0.000710718146613192,0.0747439307465105,0.382754842592603,0,NaN
0.00698725685998387,0.0287766564975088,0.0571409047396964,0,NaN
0.000981040495855416,0.45278481462813,0.176617268160232,0,NaN
0.000677319554324627,0.282172475611812,0.233064008342938,1,81.53
0.00645103073329532,0.15016339602688,0.440717920026829,1,8.82
0.000892695440487688,0.266875111879793,0.0653057782058647,1,86.8
7.75027016176301e-05,0.471998005506385,0.0606889808625027,0,NaN
0.000522312183258669,0.251335075112763,0.0244629244517628,1,64.35
3.8061419822927e-05,0.0475367258457994,0.395711568362431,0,NaN
8.20930829747445e-05,0.493167667811702,0.487893765031013,0,NaN
2.02589656454007e-05,0.432076549478084,0.332343639960676,0,NaN
0.00128572899171773,0.423987598078697,0.379022380375102,0,NaN
3.05393594615204e-05,0.236435458680419,0.0675131678991616,0,NaN
0.000392806707502223,0.486845653471176,0.147028713883171,0,NaN
0.00447577335468857,0.396732369285633,0.0604530202974269,0,NaN
1.01813077448654e-05,0.380491055294104,0.364059336037622,0,NaN
0.00293732515902226,0.0491778046977748,0.370310589357714,0,NaN
0.00104921045841144,0.336285819190171,0.416916158211061,0,NaN
0.00859342169143049,0.342397841176068,0.262803295270992,1,27.64
1.77041319561424e-05,0.193139885543713,0.0769488679861151,0,NaN
7.64849909487129e-05,0.196452987085346,0.158065144772772,0,NaN
0.00675620189732354,0.494047614283016,0.198687180595944,1,54.15
0.000641445185980135,0.379625310113866,0.429733723990211,0,NaN
1.15821352087265e-05,0.330748958139003,0.0381912291831085,0,NaN
0.000136238086431001,0.26186948515373,0.438896230880429,0,NaN
4.32650787399283e-05,0.44737534029766,0.0603540790691962,0,NaN
9.12911624513772e-05,0.0106839002069424,0.198311086528305,0,NaN
0.00060729410721214,0.112594593314729,0.300925070150753,1,74.01
0.000334777448388409,0.0375462169244226,0.108844829454009,0,NaN
1.47739359600453e-05,0.466225763232141,0.216754552057903,0,NaN
0.00116073882170008,0.392242651197282,0.481792195858416,0,NaN
1.0814094344895e-05,0.15099811118311,0.273675018572281,0,NaN
0.00106912474496733,0.0943035748187265,0.0933481010113074,0,NaN
9.41128992520339e-05,0.484046082434723,0.317926732010883,0,NaN
0.000110202499233542,0.49711303504541,0.420859232769065,0,NaN
7.21920261598631e-05,0.337360100976183,0.245789331516634,0,NaN
0.00769110296251009,0.480179778055429,0.226616760642317,1,40.67
0.00317155761029728,0.479269449045554,0.470539699527423,1,34.99
0.000371463339885108,0.23742875825497,0.15635732956222,0,NaN
3.63257348180453e-05,0.137317611238771,0.18347882880745,0,NaN
1.06782274475023e-05,0.419488559729391,0.198233968243305,0,NaN
0.000393135939487632,0.147855042369641,0.392858222928758,0,NaN
0.00159649607353361,0.148787495995383,0.360284396109386,0,NaN
0.000807105898790733,0.0764148089397375,0.143658090696084,1,33.7
5.46544723437493e-05,0.150428682176557,0.0797963657479935,0,NaN
0.00518444100965023,0.254343828816247,0.493138910892446,1,15.06
0.00107634563004691,0.375916049751493,0.350712389417359,1,75.47
1.11676342330204e-05,0.313247422534616,0.408977559250213,0,NaN
0.00111286463051716,0.41049525435426,0.319720038259233,0,NaN
0.000429675373090955,0.335834941275648,0.0243688150503704,1,82.61
0.00849291598213204,0.101928068871883,0.466415681614445,1,3.99
0.000119041085145365,0.268259752067943,0.234949945548555,0,NaN
0.00028761793746378,0.201296915514263,0.127278533512967,0,NaN
0.00306331403476424,0.414968995972572,0.465726077570021,1,39.25
1.26732728751061e-05,0.233636530137619,0.215046406550454,0,NaN
0.000400105943452488,0.243269448645505,0.19901639001956,0,NaN
0.000285672444620682,0.0172301941924956,0.392452315106845,0,NaN
3.86350757304076e-05,0.438464596835438,0.499194452950313,0,NaN
0.000127281194470204,0.211505862151758,0.410006697285252,0,NaN
7.98831586974019e-05,0.337074108812407,0.368340998950548,0,NaN
1.86121026070457e-05,0.492873743961022,0.35239779679574,0,NaN
6.70728013620587e-05,0.267381984045745,0.0792563240649342,0,NaN
4.24033771545279e-05,0.46733410605546,0.180702553772456,0,NaN
0.00316788843459167,0.224802841690042,0.455301307905616,1,24.17
7.76942416728015e-05,0.152423417183092,0.153146955787275,0,NaN
0.000310497366061518,0.34615476006634,0.124796149024898,0,NaN
0.00208208124056169,0.117105872169051,0.364105985847204,1,37.09
9.73232046631668e-05,0.38352849007151,0.260625344896615,0,NaN
2.82464923537938e-05,0.0942006537923551,0.105504538217179,0,NaN
0.000212224610947244,0.240891896804107,0.0325779721225062,1,49.25
4.99468702106276e-05,0.410976958141545,0.0518175705257978,0,NaN
0.000166588229980419,0.210451204506118,0.0659791262410616,1,92.48
0.00108669675613287,0.184993511666843,0.334180438031354,1,55.04
0.000540652074193178,0.469225832006718,0.289409691681004,0,NaN
0.000515349183747548,0.349989158646346,0.154482826796559,0,NaN
0.000222180379532876,0.131953007861405,0.468312866648185,0,NaN
3.30345270547614e-05,0.337378977065017,0.22511646247342,0,NaN
0.0046669941845542,0.191596912870427,0.323006063815116,1,14.25
2.1844853330531e-05,0.237858572050198,0.0634947016462953,0,NaN
0.0061518826743397,0.470034067946254,0.320568849367223,1,15.31
3.18774171203763e-05,0.475384602733712,0.0150785457535474,0,NaN
0.00673864860006884,0.306871613828112,0.263779412500915,1,21.73
0.00780480016549111,0.374911893022595,0.438174629074659,1,7.89
0.00290391326654352,0.148905379581088,0.0387265318031187,0,NaN
9.87688205318209e-05,0.387950089792203,0.274857798475838,0,NaN
0.000434248831589108,0.324763791199945,0.215850730879392,0,NaN
0.00672817406429939,0.110652696700633,0.137246293168368,0,NaN
0.00166093723484805,0.200493474872098,0.0925219867616823,1,22.54
0.00754019672151498,0.0976260488753177,0.498247567880623,0,NaN
2.56557832447413e-05,0.218041351516063,0.119311133085671,0,NaN
1.22337199679876e-05,0.0502821120895182,0.303082383530008,0,NaN
0.000192607418067055,0.472399687462361,0.158519891804749,0,NaN
8.23161262746518e-05,0.0767235996966494,0.0573470452912548,0,NaN
0.000205741944639904,0.110907054436586,0.490290874438416,0,NaN
0.00228170090971709,0.0223121972622961,0.0133438967722456,0,NaN
7.14629432134827e-05,0.432958329812976,0.33155196260638,0,NaN
0.000409851632771669,0.095641545497926,0.190623555304634,0,NaN
2.40459356670064e-05,0.0823903884429944,0.01141499509685,0,NaN
2.28112646392929e-05,0.0657570056510214,0.480511471480573,0,NaN
9.77316213099529e-05,0.240300240368517,0.0388020867222743,0,NaN
0.00522940047920519,0.474361416104205,0.0258965773078107,0,NaN
0.00113748811013484,0.477276068942443,0.0561229439573253,0,NaN
0.0042773464024721,0.250999180908371,0.236160668051637,0,NaN
0.0049166719749387,0.33201242585799,0.326253325579474,1,7.56
0.00587871781134377,0.21923094494087,0.40384484444256,1,6.31
3.1502911474823e-05,0.296396691975865,0.463130930713713,0,NaN
6.96772226845472e-05,0.416935649173302,0.0443865764992439,0,NaN
0.000177925616638679,0.21079567274616,0.136629938195356,0,NaN
0.000930210410511162,0.0743292675029117,0.308850152504598,0,NaN
1.40054213533692e-05,0.160527059943179,0.0931843217515118,0,NaN
0.00216934903603403,0.288244728612618,0.289160549402775,0,NaN
0.000125180704208025,0.323932192272879,0.04528946986138,1,94.74
5.27398755460301e-05,0.0428238410675799,0.381011318172989,0,NaN
4.39084543156877e-05,0.0749125666530038,0.11259940875473,0,NaN
0.00100591858897956,0.0575799748191307,0.393582548068557,0,NaN
8.3963064268212e-05,0.3482660568174,0.124443895497302,0,NaN
1.07165676911427e-05,0.341867202098692,0.370647209733007,0,NaN
0.000137455242404728,0.464528278367979,0.383863539949539,0,NaN
0.00220819264758502,0.29929513517,0.481407212381727,0,NaN
0.000245765318951658,0.444144255704386,0.13617261538573,0,NaN
0.00426491697300507,0.403396174310715,0.40352766853787,1,14.76
0.000583021282264503,0.256186766539383,0.174425399926382,1,69.46
2.81961341758664e-05,0.138455727685238,0.058338158423803,0,NaN
1.05522893222834e-05,0.0853316505343587,0.0406865435777737,0,NaN
3.05887909367216e-05,0.0690465459464445,0.362434165655212,0,NaN
2.53995491959337e-05,0.0809650614375442,0.0383355985671107,0,NaN
8.38707688778794e-05,0.0447224379610732,0.0285512777942301,0,NaN
2.8465508156722e-05,0.497645801911751,0.225403989927752,0,NaN
7.55942617775028e-05,0.05294542392469,0.240508597156007,0,NaN
1.10380407696413e-05,0.436918448707778,0.356552567236687,0,NaN
0.000100748935576465,0.3031500637717,0.463837095112398,0,NaN
0.00222542446571288,0.360424090581257,0.363602819238965,0,NaN
6.87732501365663e-05,0.402171690094338,0.238726318633287,0,NaN
0.00325349921846393,0.450570692097741,0.390085110841944,1,39.17
1.15981766578627e-05,0.19543507269143,0.135603582359577,0,NaN
0.000408741552324936,0.109268614366187,0.180628182490489,1,77.88
0.00160234685109451,0.249423574333065,0.209435098010294,1,12.67
0.000100608595987762,0.457695613412492,0.384902940236865,0,NaN
1.41842531796613e-05,0.311655709495242,0.0649705842212042,0,NaN
0.0018567868231989,0.478163435082054,0.267354763714017,1,33.32
0.000302649850894378,0.166514329688309,0.425583618517277,0,NaN
0.00143359637128562,0.336746288419399,0.197073711117866,1,21.41
0.000169311998643836,0.296649833685223,0.156425584367348,0,NaN
2.1012597008474e-05,0.0822056392771597,0.495849344935132,0,NaN
0.00927859379948775,0.461979233019663,0.192839465895136,0,NaN
0.000285706871777959,0.102070323118631,0.115592858086819,1,51.04
0.00278482258465908,0.146036071755385,0.477020733905171,0,NaN
1.90488550134796e-05,0.177096391115312,0.198354927842906,0,NaN
0.000334745555624208,0.0906640273274431,0.258445407082368,0,NaN
0.000202020442748717,0.296550645946718,0.497427789998738,0,NaN
1.37761830291807e-05,0.0847446467965309,0.450774037616396,0,NaN
0.00515196807429597,0.176798041172651,0.117457375950319,0,NaN
5.1653241563263e-05,0.206547739881483,0.110435432077848,0,NaN
0.000563363760656095,0.39300794251185,0.128538736125708,1,41.62
0.00178986472763666,0.346957967450779,0.456262115475831,0,NaN
0.00641736862849163,0.199505689180106,0.215157341502179,1,24.87
3.92001657916893e-05,0.314383912074871,0.147367459104733,0,NaN
0.000209618254356273,0.0893316825229253,0.447827486737844,0,NaN
0.000307464198380098,0.240861652835464,0.034457782359182,1,82.94
0.000474767669721542,0.376517853452593,0.20190427075481,0,NaN
0.000132659676645163,0.294802535573927,0.0445959243534079,1,87.52
0.00846971339049592,0.332399475012026,0.291867866964242,1,27.09
0.000344207760572314,0.289034628671016,0.0203388945906405,1,45.04
0.00575018069923249,0.122925727343293,0.224889393896601,0,NaN
0.00275786398115071,0.188251713853453,0.254665596118096,1,6.48
0.00300458108882422,0.15754949272414,0.156050495711096,1,23.69
1.13655276625084e-05,0.431933293914858,0.280941494588718,0,NaN
0.00126927261942241,0.35189650722899,0.447793242011513,0,NaN
0.000353574522004225,0.411672797850534,0.0267911505367619,1,91.6
0.00463812231327821,0.147198517722222,0.305495019421582,1,13.35
0.00428864692661429,0.250659208615138,0.207695598738777,1,25.51
0.000426434917219649,0.0152285039666177,0.0568229997217918,0,NaN
0.0014968533897947,0.39001815746938,0.322581167094177,1,69.49
2.88862170810191e-05,0.111354950846816,0.0312190371947121,0,NaN
0.000248761150037435,0.118186572589614,0.232244126329766,0,NaN
0.00175037103233941,0.0474894581927575,0.0915971009774928,0,NaN
0.00807067808924911,0.411250490853365,0.491203983233359,1,12.86
0.00052627907818631,0.153128241401048,0.340144522621195,0,NaN
9.6638382926458e-05,0.174715896292117,0.0833354115986407,0,NaN
1.72812384522212e-05,0.398355634483512,0.297663702723326,0,NaN
2.52151625636759e-05,0.18316180427066,0.42108441456904,0,NaN
0.00586243810509371,0.204435378599571,0.176084188901899,0,NaN
1.56565927357684e-05,0.434090418408252,0.115981899923727,0,NaN
0.00361811830434508,0.263501124480108,0.135302147544227,1,25.64
0.000237608311551434,0.242607901770361,0.472618099186213,0,NaN
0.000325896234319142,0.222709627768089,0.0219725155136778,1,55.08
1.00091599764558e-05,0.149749707323005,0.0750247943683664,0,NaN
0.00548331879304042,0.416296299145431,0.340055930830045,1,9.79
0.00062439970009923,0.482367809476188,0.180650315868929,1,74.03
3.16708803244178e-05,0.173365724196321,0.236890929172169,0,NaN
0.00489175482125314,0.0726329266491267,0.323565881492169,1,18.89
1.5153698531286e-05,0.154500190025851,0.038781773314592,0,NaN
0.00183456183336895,0.285894850021389,0.159251850742933,1,23.85
0.00233136160753321,0.247725798678893,0.263863042076964,1,12
0.00066733291173175,0.460881389080174,0.113050103310684,1,34.02
1.12705906124964e-05,0.109515140639585,0.342024256783389,0,NaN
1.60376469683281e-05,0.386532675980942,0.271323194926273,0,NaN
0.000216734067086217,0.483620237157794,0.417778338244859,0,NaN
4.33239013046219e-05,0.249419472353414,0.0739887345626735,0,NaN
0.00156463177742265,0.371996179766207,0.0883376518387737,0,NaN
0.000601581661448664,0.0696504647265496,0.492181921615099,0,NaN
1.55701937153428e-05,0.46595104774804,0.258863801184745,0,NaN
0.000392450846821883,0.0821125638218942,0.389861764054277,0,NaN
0.000832087044463891,0.43539408017271,0.0375869320257022,0,NaN
0.000219097193113767,0.336692557962782,0.23268576401693,0,NaN
0.000512264760827082,0.469532838170616,0.244599302619731,0,NaN
0.00116699556945414,0.117722246188766,0.434583326946462,0,NaN
0.00506834963273461,0.0928477924937771,0.111130007766237,0,NaN
9.2714837816787e-05,0.218350297777789,0.334108889982629,0,NaN
0.00138049915690728,0.102912931317208,0.112074622168122,1,48.4
0.000115875752490269,0.246061106048955,0.118130127494982,0,NaN
9.08571968641152e-05,0.251286486765187,0.312520494337825,0,NaN
0.00532717530903279,0.423727766932666,0.151195616456863,0,NaN
0.000413642679523701,0.149113013387965,0.2589846835897,0,NaN
0.00118675015316395,0.117177523575744,0.459986105422263,1,81.4
0.00048343318863274,0.159967303148134,0.158101557197859,0,NaN
0.00165420470214411,0.397673557681587,0.215196787805978,1,18.51
0.00184289851794157,0.37757181979114,0.0195929739415129,0,NaN
1.91893402867721e-05,0.0449297534534394,0.428993423427768,0,NaN
0.000210245582548994,0.265785673614723,0.0354630872833804,1,56.34
4.96657645638655e-05,0.448994694325685,0.235259090087183,0,NaN
2.09539160047996e-05,0.373388194714968,0.334485526619293,0,NaN
2.14840856570589e-05,0.328808674582736,0.453167066860431,0,NaN
0.000439396846525618,0.0546930967411452,0.453779109782759,0,NaN
0.000865472557145566,0.314081081559856,0.0487013135348511,1,66.01
9.89541426936822e-05,0.485458837597199,0.337904799402865,0,NaN
0.0014794186550006,0.266321272064093,0.494704059716677,1,85.75
2.73299701199085e-05,0.290858146840191,0.258760402924101,0,NaN
0.000601602392696795,0.0795162269083584,0.209127866712366,0,NaN
3.51802864852872e-05,0.340319622714441,0.381017983115912,0,NaN
0.000292644660549577,0.216332268842743,0.225104495036217,0,NaN
0.000123902403240378,0.255756499400215,0.0603385213630014,0,NaN
0.00135517324920232,0.32818578579921,0.370946110368613,1,47.59
1.97855584745532e-05,0.21760951124177,0.284455587561473,0,NaN
0.000107289149552323,0.161150218299507,0.0741490194944298,0,NaN
1.58716427721959e-05,0.400366774592705,0.292531828209886,0,NaN
9.35333229894123e-05,0.445859152150671,0.495005017641474,0,NaN
0.00247390480076123,0.329519947600512,0.304659586184866,0,NaN
2.86456007118159e-05,0.0955768381603117,0.0393579602822373,0,NaN
0.00735886711010822,0.483033030228525,0.165911573412201,0,NaN
0.00219462294582198,0.146126908246122,0.187308017715885,1,8.56
0.00199666029957097,0.0335172267537937,0.270099289038188,1,20.09
9.52031832177485e-05,0.392972606476731,0.379902343044487,0,NaN
4.94230410173445e-05,0.260506842833046,0.334429045708214,0,NaN
0.000285611986242413,0.212212423198588,0.492789272541437,0,NaN
4.48786976106012e-05,0.386590243706534,0.373364175880316,0,NaN
0.00028507231122896,0.0485329236536476,0.117858674386557,1,70.11
0.00721208398819491,0.212444512739783,0.207066030498268,0,NaN
0.000290117493731998,0.350763857110365,0.462158976445395,0,NaN
0.000679951363594922,0.102349686707918,0.392023327478466,0,NaN
0.00262072654142459,0.346805615707811,0.0499027090278301,0,NaN
0.00637506984624852,0.291598838074445,0.017890347888029,0,NaN
0.000258279482535228,0.216668676384584,0.354355915068405,0,NaN
0.00375195610528396,0.247772862564098,0.0674587422168015,0,NaN
0.000392916081618514,0.194988301663771,0.436242015036145,0,NaN
6.08627747943854e-05,0.364603437226584,0.221866777341913,0,NaN
0.000131181557345869,0.25249834507265,0.0261704077324524,1,87.13
2.48342616446428e-05,0.139555472290746,0.37481253561251,0,NaN
1.30886080582119e-05,0.177994642096387,0.333077180287319,0,NaN
0.00115451574269211,0.464350268292067,0.0403891065055804,1,94.25
1.40202792356448e-05,0.281362036267775,0.422774404945301,0,NaN
0.00035933457629022,0.43847025621204,0.17216218549427,0,NaN
0.000372210153253534,0.425225734043205,0.0327487275627182,1,85.89
0.00372606900932043,0.275215913020412,0.0583556370321757,1,68.22
0.000118254548551828,0.116573848398982,0.390956416496645,0,NaN
0.00435490805524272,0.187966928537006,0.396395283525813,1,10.54
1.87420837852073e-05,0.450455538207281,0.0587518008332187,0,NaN
0.000176382544658359,0.0913722217312424,0.499058511521558,0,NaN
8.55144101218507e-05,0.387615565393962,0.457007440923365,0,NaN
0.000855573757539622,0.297728336224876,0.275818444330569,0,NaN
0.00891047790152908,0.0896495884355727,0.384811159639279,1,23.63
0.000271391373226058,0.441755072605873,0.0445206360049071,1,56.99
0.000481393463890123,0.409960185863845,0.271405229819349,0,NaN
0.00317625393621662,0.020340327448751,0.371017894344073,1,10.91
0.00357045879706306,0.456964448439711,0.0565133373596009,0,NaN
0.00146339682295428,0.0732968067350895,0.300655605532912,1,28.35
0.00205002031945149,0.123893952164311,0.360356268682836,1,25.92
6.02399011142471e-05,0.232455782798403,0.492125232525667,0,NaN
0.00112539020994044,0.146871160607212,0.146812857234656,1,16.82
0.00749882067577315,0.190992620029345,0.405056171836,0,NaN
0.000231208354656379,0.222244965749707,0.17583832785332,0,NaN
0.000133736796038604,0.496273027275206,0.109505969163211,0,NaN
4.53806480139861e-05,0.168741405878359,0.406416002142193,0,NaN
0.000327777550417517,0.182641781693664,0.0460343848550621,1,67.64
0.000186567456154013,0.0234804448116168,0.310721456625863,0,NaN
0.000447530573867092,0.152484445126746,0.220952565835417,0,NaN
1.90156658838829e-05,0.12210621699157,0.0623924659499968,0,NaN
0.00669036369933289,0.275326468327424,0.265489391684595,1,21.02
0.0064263125962023,0.217976377131485,0.131695217349095,0,NaN
0.000926583095167921,0.0402588914922336,0.454260362048433,0,NaN
0.000183909236431367,0.159606204626767,0.0533728321843349,1,56.81
0.00011787060363462,0.492122749239098,0.0363880287769165,0,NaN
0.000587268455531732,0.196517510586587,0.0612439840195801,1,69.84
5.35552957932558e-05,0.468812711255917,0.353181075123016,0,NaN
3.9981146059611e-05,0.191280097780114,0.251469082600041,0,NaN
0.00624827361724828,0.22062336895315,0.244275276382024,1,23
0.0039302808501964,0.479456751682292,0.364293683816771,0,NaN
1.5718108001901e-05,0.480407524969258,0.339381937256196,0,NaN
1.00626831165451e-05,0.475455334715673,0.0949757347205545,0,NaN
0.00076622675150091,0.174840408042933,0.0581817506533945,0,NaN
0.00480642626848819,0.441496773134152,0.313349619771139,1,8.57
0.000612999428582966,0.012021188755304,0.0543218178873581,0,NaN
7.07979049005215e-05,0.324771063301218,0.0979778028577675,0,NaN
1.23374470947138e-05,0.080685543820278,0.429466176543753,0,NaN
0.00132720867291271,0.379918869430656,0.0376313120874844,0,NaN
6.52442114977495e-05,0.263182854654702,0.27369399666126,0,NaN
2.90069104739567e-05,0.262555087138189,0.239777502598823,0,NaN
0.00400935368056665,0.307008191453487,0.0993491112068571,0,NaN
0.000664991251268788,0.149887560442945,0.475049690465903,0,NaN
0.000338348286969095,0.29966693947442,0.450881191283675,0,NaN
0.000469841249870062,0.330997029400389,0.236898334578998,0,NaN
0.0059508230651853,0.0691833556613361,0.141362468525775,0,NaN
0.00544126997901519,0.469259979698782,0.135258189563885,0,NaN
0.00832656251341681,0.345317213596409,0.07845588856886,0,NaN
0.000514114695206851,0.0628838322334811,0.486398244428286,0,NaN
5.46097987176099e-05,0.116920144319564,0.350502431043525,0,NaN
0.00193384960418495,0.36594677272357,0.485132565216473,1,91.31
0.00021390344784102,0.322797367699376,0.160497515691317,0,NaN
0.000328254147831963,0.166320442513276,0.331952068235851,0,NaN
0.00108855905934898,0.0614996309589589,0.436604691120318,1,94.71
0.000465569916788529,0.318995916945506,0.261567086988935,0,NaN
1.14782655055357e-05,0.427488317201954,0.2502228046842,0,NaN
3.33882382858098e-05,0.0597678378416501,0.242412920721987,0,NaN
0.00200839790559441,0.219835890299416,0.362305395601335,1,58.13
0.000377423736299573,0.172924123089219,0.44147415969321,0,NaN
0.00598861284082871,0.032055481517956,0.0936797179426311,0,NaN
0.000624744703773283,0.0843893562665444,0.429379296850793,0,NaN
3.26846129441701e-05,0.395818969306499,0.0568366907975261,0,NaN
0.000707685550737037,0.140969587327631,0.396756878289563,0,NaN
0.00066169621140459,0.466690091093076,0.0688921628351201,1,49.9
5.94924302197365e-05,0.118715874348718,0.37660864059465,0,NaN
0.000206053976920556,0.0233208957437454,0.0278067046150518,0,NaN
9.63203730254791e-05,0.318161031338706,0.331600760756649,0,NaN
1.59448454608217e-05,0.108013791377585,0.430662418935992,0,NaN
0.00449087859325935,0.309815523117293,0.458154183066614,1,14.18
0.0002480568252388,0.231625382933047,0.445393490515285,0,NaN
2.26940734087718e-05,0.366933341388517,0.213497172231771,0,NaN
6.53723702161853e-05,0.470332841800296,0.348791898898772,0,NaN
1.51582203632358e-05,0.149017961672106,0.272451108789799,0,NaN
0.00565173496697956,0.238652951722456,0.190716982067468,1,31.7
0.0037429210912662,0.34977459486286,0.412406142155446,1,16.23
8.73363928012077e-05,0.280316551302997,0.265107617312382,0,NaN
0.000665888297697989,0.338822633477506,0.26673588970696,0,NaN
7.98793322587421e-05,0.252237230056103,0.384697135286558,0,NaN
0.00326175078242628,0.170945977963046,0.273749196303338,1,11.37
4.77582535899044e-05,0.307664540411163,0.274008587650703,0,NaN
0.000354614870519589,0.249428471434426,0.351837640755673,0,NaN
2.9192891145363e-05,0.153545360530531,0.336577408232422,0,NaN
1.61268162778491e-05,0.306806504736175,0.326938766431931,0,NaN
0.000936819075601709,0.318247947918836,0.0446020473260833,1,88.76
0.00015687494297075,0.020216828669902,0.367071741202363,0,NaN
0.000845727080838598,0.381442325972042,0.0348540696044712,0,NaN
5.17734313789466e-05,0.371743248236621,0.144538542735401,0,NaN
1.95167339937854e-05,0.0914411166250269,0.195511006878489,0,NaN
0.000525664762874468,0.367800610941798,0.399409569374105,0,NaN
0.00188688929899056,0.444321586844479,0.451979358298824,1,71.83
2.68640479181217e-05,0.332755888073369,0.151593723654033,0,NaN
0.000465012965101681,0.0783738468782454,0.115956879568626,1,37.09
0.000637438541326267,0.35867427986179,0.440843787221292,0,NaN
2.59446102747366e-05,0.167841206559872,0.194430823967774,0,NaN
0.00674627953419997,0.124506309555204,0.489603238977593,0,NaN
0.000408535016250068,0.105676157872853,0.217468921068733,0,NaN
0.00135224619546231,0.25625410588956,0.397970754121699,0,NaN
0.00890412766045031,0.316545646558257,0.463658328652633,1,6.31
0.00169986656854699,0.431464545250394,0.0732393493306958,1,94.15
3.27471550417773e-05,0.0391731888175865,0.460683599122373,0,NaN
0.00840289645185796,0.33908162342945,0.110177218494658,0,NaN
1.48335764791919e-05,0.32405715157534,0.208457906538207,0,NaN
0.00244524901465729,0.318557613070379,0.20333485818144,1,18.96
0.000854215593032033,0.354216472248655,0.216129391091954,1,43.16
6.62763473020156e-05,0.224467719591112,0.209406206186766,0,NaN
1.28085119477673e-05,0.440906017150228,0.388519129069698,0,NaN
0.00263232441033701,0.130632370325328,0.205209268944427,1,17.03
0.00316024844270776,0.392830701178407,0.230488717590223,1,9.87
4.1979587782342e-05,0.490552052655419,0.287549925177493,0,NaN
0.000468187482909301,0.0226331888445991,0.173722201542283,0,NaN
5.77756041348267e-05,0.303933168857688,0.113211713102602,0,NaN
0.000228080867541163,0.266355235555384,0.07111111358216,0,NaN
0.000453748785107266,0.0403367412107616,0.153551015426682,0,NaN
0.00181735136588123,0.25199050590018,0.318047634432826,0,NaN
0.000388031183038834,0.454411431292559,0.195649528260932,0,NaN
0.00284400005429357,0.41064657749139,0.21770878063638,1,18.13
3.36740488760901e-05,0.356545232881898,0.127068898405622,0,NaN
0.00672197584840104,0.0299178697296633,0.280194175136066,0,NaN
0.002021354660946,0.351028018301249,0.0174761795338191,0,NaN
4.52772626868915e-05,0.385064274762929,0.198240835924748,0,NaN
1.15129024058071e-05,0.0896921566913747,0.205823624545588,0,NaN
4.01799133643743e-05,0.0319814140601377,0.102670816421599,0,NaN
0.000103280630741539,0.287608461096157,0.279867338999348,0,NaN
0.000374026981945773,0.427130956986973,0.395718205158322,0,NaN
4.5109810674216e-05,0.499308964473317,0.358164902695941,0,NaN
0.000175188573468485,0.282773856732866,0.396104421206348,0,NaN
0.00394262103183532,0.323240567372001,0.0713258183604311,0,NaN
0.000316442084276976,0.162621101615926,0.336617686312361,0,NaN
0.000455512859983226,0.287302607925548,0.0174591303927821,0,NaN
2.69399444331534e-05,0.170953069248032,0.403510026448627,0,NaN
0.00125058038478207,0.238100064726428,0.370972532499837,0,NaN
0.000205460151974078,0.0869139501770064,0.207097364683708,0,NaN
0.000479382133242633,0.160951434352946,0.43266547479524,0,NaN
1.01272411520502e-05,0.396105726128399,0.272821891970404,0,NaN
0.000496707936825208,0.320269227396693,0.0819209243070105,1,30.3
0.000235866733999109,0.0766325126896837,0.201349729968315,0,NaN
2.69502793815659e-05,0.307506349582599,0.106587983074612,0,NaN
0.000182425183624782,0.177717141462914,0.0377394099425239,1,55.3
0.00014035127956094,0.415927174930077,0.499201345033651,0,NaN
0.00081139163653259,0.343169033532135,0.468099051553211,0,NaN
0.00156284421346257,0.0236580669621867,0.300602524036631,0,NaN
0.000307255492638618,0.0849899868745147,0.380270358224321,0,NaN
0.000156375665435373,0.101319567570247,0.474195412982815,0,NaN
0.000154798180754316,0.0249530335918594,0.278740521503345,0,NaN
1.8030307369453e-05,0.23936905909191,0.300885882857627,0,NaN
0.00310594201315419,0.0755707819968978,0.353095518216739,0,NaN
2.71626967611443e-05,0.184788840476783,0.486780646722804,0,NaN
0.000166615644495389,0.147973293916653,0.276270657185903,0,NaN
2.93110492925433e-05,0.0651295242822168,0.134991109633419,0,NaN
0.000438360161767806,0.333093411269238,0.335417626138331,0,NaN
0.000625677732073396,0.417297025632383,0.164360013870963,1,51.39
0.00118350448691075,0.137889948953802,0.149419916763863,1,16.84
0.00326033695159741,0.428456576158886,0.451650710946893,0,NaN
0.00336607730107013,0.474097859706871,0.425094835848865,0,NaN
1.18230884791215e-05,0.427071108017959,0.46530036721344,0,NaN
0.00347554146282274,0.299684945096442,0.49240387908366,0,NaN
0.00010220366864335,0.145907992689913,0.165039548701754,0,NaN
0.00227234111628146,0.458771029730924,0.338634815537537,1,39.45
0.000588605299739943,0.0373148785635257,0.31300301001243,0,NaN
0.00229887934424261,0.0880330788381567,0.258318710776952,1,9.98
0.000107943389443781,0.399638179528601,0.232588081285986,0,NaN
0.00200892623633243,0.111731471340906,0.0678232641145916,0,NaN
0.000470071616409213,0.0622955290509719,0.225179171520919,0,NaN
2.026312324353e-05,0.182151847843855,0.192457594114694,0,NaN
0.000229961415630661,0.434551344666835,0.202768395680134,0,NaN
0.000245616118627976,0.39443115822974,0.40291482157151,0,NaN
2.4509557663639e-05,0.0984405894345334,0.0247344026345671,0,NaN
0.00244005013870424,0.38876035559523,0.0827986951209975,0,NaN
0.00280214000429529,0.0484928488273375,0.202994330633763,0,NaN
3.72123664024108e-05,0.165173575953893,0.293301049400291,0,NaN
0.00123879379963174,0.178407232576563,0.455199701590183,1,70.2
2.89916612339242e-05,0.341683662737762,0.207216655704316,0,NaN
0.003221376648818,0.480054757573744,0.495070991539359,1,47.61
3.13186432163655e-05,0.433247987619111,0.383343067005502,0,NaN
8.62808556387999e-05,0.0555897286529138,0.22455097313541,0,NaN
5.79314670103574e-05,0.436051192403871,0.47447421430546,0,NaN
4.40777454283865e-05,0.347475533394013,0.302050727052708,0,NaN
9.62335216934167e-05,0.221214159588641,0.103461734291342,0,NaN
0.00158687604586955,0.135921983441782,0.194830711775919,0,NaN
0.00130906863192941,0.118636012348412,0.0428651811410492,0,NaN
0.000133139530416329,0.34947401729175,0.0781166298999573,0,NaN
7.65181862987226e-05,0.35050070884534,0.428147276050589,0,NaN
0.00298575741580471,0.472891969554951,0.392586616937408,1,37.52
3.01071199873735e-05,0.208527184893239,0.0739998319804691,0,NaN
0.00700149995320792,0.276555813973329,0.413513596490764,1,5.94
7.87289402104796e-05,0.265975765650666,0.105970046264826,0,NaN
0.000264428678992282,0.390901489599457,0.177275368445357,0,NaN
0.00445027542045693,0.432242954205457,0.0447270899304673,0,NaN
0.00150209718763486,0.181858698789796,0.0258519515716169,0,NaN
0.000286825302212315,0.388078632255181,0.341769484425373,0,NaN
2.69422679231403e-05,0.0238830981861218,0.222418440209133,0,NaN
5.07390043189628e-05,0.0571485536722651,0.216620762236827,0,NaN
0.000535600537927656,0.250746836678809,0.141079516009912,1,36.87
1.82570576766573e-05,0.333762907095917,0.424658750322144,0,NaN
0.00111657031960692,0.30504464845716,0.368408757119054,1,61.06
0.00151181525228724,0.160466788622792,0.180663839788136,1,9.22
8.33719010232108e-05,0.225076034575967,0.297718068434989,0,NaN
3.39406092391877e-05,0.458824670235117,0.332625623791052,0,NaN
0.000142411803195276,0.393477229511853,0.0108839527738945,0,NaN
0.000561868142902825,0.22303205737001,0.0954465626462136,1,23.76
0.00109802008505564,0.442268092471953,0.0109022667108741,0,NaN
0.00713251065555219,0.154113621412778,0.201149142239671,0,NaN
0.000110881394730388,0.466968608702691,0.0733867023526937,0,NaN
9.07740237544769e-05,0.418473182977714,0.118046905541809,0,NaN
1.23700750323665e-05,0.343302793361798,0.150212979219844,0,NaN
1.07865626325134e-05,0.045095478464133,0.294697523307013,0,NaN
0.000184448278974735,0.247207548753478,0.0895773296438317,0,NaN
0.000172103108713499,0.481612036684992,0.203922417235831,0,NaN
9.10641355343973e-05,0.337962675432458,0.0939740594491824,0,NaN
0.00834849660367516,0.354221056084274,0.161640515539389,0,NaN
0.000756114128014089,0.440928952266472,0.160485921655889,0,NaN
0.00248442272876285,0.295647404710532,0.062761355236799,0,NaN
1.49239635023407e-05,0.0369839079339161,0.469895338256802,0,NaN
0.00669763648604201,0.212629351170605,0.0909402680122278,0,NaN
2.22411206262117e-05,0.32367615888253,0.160241576861902,0,NaN
0.000244505304384221,0.0845767197544754,0.202516232200494,0,NaN
0.000739168864304647,0.48718277187289,0.364699830450668,0,NaN
0.00532591459690094,0.450354058368812,0.396492820396898,0,NaN
0.0017824383900563,0.454686087098662,0.310242005389024,1,38.86
3.16306872653667e-05,0.0912750325885517,0.357323228698409,0,NaN
1.46099102240452e-05,0.280225564851893,0.388414079237317,0,NaN
0.000405408943438274,0.383254928423869,0.100777580366716,1,48.37
3.44228212695824e-05,0.029987874049724,0.142360168830871,0,NaN
0.00296930086422353,0.459640211971904,0.0249932374011808,0,NaN
3.23497713457447e-05,0.191456175575205,0.0470619756609285,0,NaN
0.00237592601242386,0.33721627569234,0.230627231715302,1,24.63
0.00266603077463718,0.0455526906239219,0.321363273926053,1,17.51
0.00240345725224848,0.43437917939827,0.271765907878364,1,19.61
0.0061445293450391,0.227156392851763,0.0556503102567966,0,NaN
0.000105009529880538,0.348562361800011,0.03678208861208,0,NaN
0.000118150735059515,0.0365589363466603,0.144296139750561,0,NaN
0.00307922442117539,0.209175002845309,0.350037793454324,1,12.61
0.00538784307237382,0.459638038996184,0.31308558045284,1,9.33
0.000123437576265521,0.498228818770302,0.446229833550088,0,NaN
0.00078561560228743,0.0867866650176892,0.372346950704694,0,NaN
0.000576547164094734,0.148349910646134,0.401380991975074,0,NaN
0.000495575574587031,0.120350660407942,0.257666463410228,0,NaN
0.000338928246477206,0.260154202265907,0.275354236008923,0,NaN
0.00219945501983666,0.21048174310255,0.349890134820821,1,33.01
7.3301437524313e-05,0.487619423221405,0.269522735485453,0,NaN
0.00558149392254584,0.224455070051263,0.287805363154625,1,23.19
3.28134830917335e-05,0.31326043247451,0.118017958233053,0,NaN
0.000464732221617835,0.0111839240568873,0.282441197721315,0,NaN
0.000161885295778006,0.38838000697018,0.290542404234404,0,NaN
0.00196304240834895,0.0428423020137476,0.391474254416754,1,33.38
5.24000812712283e-05,0.298546491066899,0.312147998476374,0,NaN
1.03865373296077e-05,0.371559403164616,0.077824708230961,0,NaN
9.3172815262993e-05,0.286713543034264,0.0372841904327034,0,NaN
0.00109393843637576,0.346518623891934,0.0919464864682615,1,46.04
0.000200605727302134,0.234930492967357,0.335883082410651,0,NaN
0.000603463377026545,0.238862589448228,0.015088341095896,0,NaN
7.72771437138042e-05,0.45879952082932,0.141002980957934,0,NaN
0.000134383241925209,0.361555534494428,0.314225367114742,0,NaN
9.84141526637007e-05,0.328601057208295,0.436914571207622,0,NaN
7.45954664763379e-05,0.118224101402764,0.394938335904793,0,NaN
0.00444435966965523,0.322783213097097,0.327377513073858,1,19.48
8.17559597742603e-05,0.197768328096185,0.349681589018278,0,NaN
0.00108159724790112,0.457305202946289,0.20049852273535,0,NaN
0.0015088182199729,0.342375327744565,0.397590362275417,1,81.46
0.00179908665420948,0.410597256983737,0.490247042705421,0,NaN
0.000629511187377681,0.235008670570875,0.0324976209290558,1,22.95
0.00107814524766961,0.119310366820468,0.369122695293203,0,NaN
8.79580812736689e-05,0.0351011743429588,0.16448256709159,0,NaN
0.00222488620181616,0.0565415701895077,0.127148356148108,0,NaN
1.24715924705242e-05,0.172936453097789,0.142911491011499,0,NaN
0.000397063849156529,0.49285668571198,0.0725173278417961,1,45.97
0.00540919004950987,0.457904262814159,0.186951064307294,1,44.05
0.00058882818771126,0.453208297168174,0.466063030431501,0,NaN
0.000240855504990231,0.426262639926436,0.288682463583063,0,NaN
0.000309227270368016,0.372797139002479,0.265940480085784,0,NaN
1.25577448939518e-05,0.139388698566184,0.0795315512968328,0,NaN
2.47689241541345e-05,0.0899211927288584,0.494599548410246,0,NaN
7.66702174315284e-05,0.332205200304796,0.4380468118132,0,NaN
0.00535583336949436,0.101309456468397,0.382404582807814,1,4.03
0.00468548027230602,0.353781573727005,0.0320863577716298,0,NaN
0.000744745034489728,0.256256596732147,0.270591530215026,0,NaN
1.52996198082533e-05,0.293059257109424,0.469369014775261,0,NaN
1.25010390692723e-05,0.308247744043262,0.40413261857934,0,NaN
1.52984217814766e-05,0.333717601591174,0.30288150457788,0,NaN
0.00920651409343547,0.0986293411261553,0.0460371714606689,0,NaN
0.00776414856004758,0.462351360225214,0.437336716840191,1,17.86
0.00306058147734491,0.451537915671363,0.438358331077044,1,28.42
0.00163893181613318,0.317686927204143,0.290572077907058,1,29.39
0.000601147818283619,0.0787168009995182,0.331996618592129,0,NaN
0.000903709091514176,0.487017756402608,0.458945006946695,0,NaN
0.000146733552565293,0.245715773665684,0.0434042179683708,1,77.6
0.00247856482397481,0.0687888416278611,0.211868432751227,1,15.68
0.0030231505485839,0.0279993797566323,0.343998762000537,0,NaN
6.2793057907063e-05,0.24968222996288,0.149222241176866,0,NaN
0.00202989678371519,0.273892666327115,0.495430642156909,1,60.86
0.000264819282151563,0.278973179642799,0.0474457661135547,1,48.58
0.000127856145682236,0.126030809247389,0.275329385611986,0,NaN
0.000116794222730563,0.17969110274803,0.484051928463466,0,NaN
0.000822986749631275,0.163485063420719,0.479588458430765,0,NaN
0.000325446892701293,0.178077687762079,0.448473040343311,0,NaN
0.00294101027138017,0.181954873925504,0.117888213185743,1,9.53
0.000264784167260961,0.161760914642211,0.429192834741445,0,NaN
0.00337656961351993,0.340345558279572,0.291290316326421,1,9.19
9.35792197357043e-05,0.346903942742603,0.221924644005603,0,NaN
5.35850898564062e-05,0.219045139092255,0.311630220225006,0,NaN
8.10880869595123e-05,0.464845506186514,0.285690539339676,0,NaN
1.78532105157896e-05,0.31016672821959,0.346422444937442,0,NaN
7.01544059482219e-05,0.124263775356786,0.165547635374199,0,NaN
5.529743680831e-05,0.337390622069475,0.146411473411032,0,NaN
6.33158092796761e-05,0.413351278366586,0.0281032690209584,0,NaN
6.72208119780589e-05,0.316621162652408,0.359046928779297,0,NaN
0.00492810213840789,0.255620028790671,0.0748379587751195,0,NaN
4.3258719961579e-05,0.189155693188239,0.494612726355793,0,NaN
0.0010961792221621,0.318978483662897,0.202659817694845,1,30.14
0.00470379688980103,0.0322379980098622,0.281424699778352,0,NaN
6.08308768495625e-05,0.325579689151569,0.20967826930078,0,NaN
7.34811623674916e-05,0.382043593901203,0.124608098340742,0,NaN
0.000664974668588573,0.183500480658137,0.328318852590183,0,NaN
0.000378105859489469,0.448796318853135,0.0482572894137822,1,80.25
6.34326297619332e-05,0.164267244878101,0.12539859735957,0,NaN
0.0017043689467366,0.41835892491559,0.375101089613006,1,91.36
0.000937732536099509,0.0340005492745648,0.145298593242842,1,34.25
7.12756458026566e-05,0.108175588251799,0.210593281372522,0,NaN
0.00168865353511696,0.434294864848474,0.214297988255124,0,NaN
0.00161019075795133,0.346723466021792,0.137414927460032,1,27.04
5.46449597938244e-05,0.168050805359031,0.284901409908854,0,NaN
1.30935839405197e-05,0.188199736554002,0.347163370886263,0,NaN
0.00024071110759575,0.429728770848558,0.277595990925199,0,NaN
0.00036163599402956,0.20190644473931,0.482657190679579,0,NaN
7.51105207210009e-05,0.233737587639408,0.453294554700011,0,NaN
0.00123148876697046,0.114391460702244,0.390506581777811,0,NaN
0.00428328844334293,0.27683282572617,0.379027694299329,1,11.89
1.39176488134645e-05,0.34478969659113,0.209731083233041,0,NaN
8.1430461061436e-05,0.197032967478405,0.454490253807101,0,NaN
4.27097575063166e-05,0.161857174219248,0.214939573160253,0,NaN
3.73279260078473e-05,0.444209217159289,0.155796139803268,0,NaN
0.00275686925128761,0.451718844470199,0.353286379694428,1,33.01
5.39295471348006e-05,0.122921137543287,0.31697301247208,0,NaN
0.00163492139455796,0.360756374865171,0.129870368157624,1,41.32
0.00372165398124402,0.486018448284344,0.0800011508226037,0,NaN
2.10032279481985e-05,0.235114878200174,0.198201169820113,0,NaN
0.00593798971749053,0.153859858863203,0.196404571124958,0,NaN
1.245105231003e-05,0.203172059572186,0.10480815690112,0,NaN
7.74971948890352e-05,0.376001755962997,0.299410794820594,0,NaN
0.000462789299715035,0.29889555837224,0.409442358282442,0,NaN
2.84133727188576e-05,0.425757860139934,0.0660980707301826,0,NaN
4.23757037769489e-05,0.371624143364725,0.434913898418906,0,NaN
3.57544947269562e-05,0.261356368367632,0.480074281846359,0,NaN
0.00847693973779695,0.372161503473818,0.193440245460714,0,NaN
2.55191405304623e-05,0.328970076584506,0.0292816688967932,0,NaN
5.47702437482473e-05,0.458094355484541,0.0137277289109276,0,NaN
0.00699767721117282,0.489862483121807,0.31340537234913,1,26.33
6.97120031302553e-05,0.288409811791922,0.284439823241073,0,NaN
6.31278137237941e-05,0.327509568436177,0.36459757989703,0,NaN
0.000712944537490456,0.337273905213735,0.17490978794152,1,48.61
4.79901197646258e-05,0.370778943539877,0.039351316878404,0,NaN
0.00241812075506385,0.276677912162104,0.0379971128679558,0,NaN
5.33464172472751e-05,0.0226183817954302,0.488008488483509,0,NaN
0.000127495386152494,0.0407690243764383,0.0586369725007966,0,NaN
0.000108449584226714,0.0108313359889802,0.361612650364152,0,NaN
0.00107460882232801,0.314363910801699,0.21805952477847,1,27.59
0.00192449486544883,0.0883679461370034,0.0579443188090644,0,NaN
6.30438337088645e-05,0.302644297409868,0.0475424751602119,0,NaN
4.36519482872957e-05,0.248835502181495,0.184823885384476,0,NaN
0.000375909880061894,0.204110339633605,0.413103031379552,0,NaN
0.00945566500302775,0.470051498768863,0.31122033678117,1,28.74
2.24414987248032e-05,0.29031265915911,0.123923519786446,0,NaN
0.000154677511901999,0.0777734995711479,0.101704524808954,0,NaN
0.000839838762578297,0.0604285631550202,0.0935291374395918,0,NaN
0.00148997976532228,0.160232532996262,0.449842564968336,0,NaN
0.000182751150637378,0.0352762766213973,0.472542361829097,0,NaN
1.90767826552448e-05,0.448955473922235,0.101058003059755,0,NaN
0.00604007513314494,0.344532594941667,0.242997522599217,1,32.09
0.000275748897915359,0.357900086726855,0.471759699019183,0,NaN
0.00750980279890839,0.267000082947903,0.239835006095508,1,19.96
8.37667354346588e-05,0.362957974999356,0.428762949057827,0,NaN
0.000230015817164564,0.376564720218823,0.271764317019147,0,NaN
0.00023976064097498,0.160189765025181,0.368453370982275,0,NaN
1.4167756201808e-05,0.294760917912635,0.406080444064956,0,NaN
7.05469916825801e-05,0.446930375672894,0.163380017257144,0,NaN
0.000110199669146473,0.29375244951321,0.420111865413769,0,NaN
1.19063412869337e-05,0.201746003536308,0.434490185990123,0,NaN
0.00312514750340525,0.0162871185365125,0.238677923667386,0,NaN
0.00209837667705322,0.420977470659176,0.288151818990095,0,NaN
0.000155164308955871,0.350345386286591,0.373458111925505,0,NaN
7.12063281654421e-05,0.193684537028569,0.189759480188374,0,NaN
0.000631490088445084,0.218511533196878,0.316299144295119,0,NaN
1.07634352492138e-05,0.362261157636867,0.441524413687886,0,NaN
0.000494407734398681,0.271478620336914,0.040731232844451,0,NaN
0.00254030636873005,0.0584637809976249,0.072286713873641,0,NaN
0.00427603048744762,0.266267848878383,0.0196064496778894,0,NaN
5.30363037813902e-05,0.289042706428333,0.438409091512257,0,NaN
0.00402462724382494,0.0391520110059785,0.108100915526799,0,NaN
0.00854899590950629,0.0495689685896842,0.0442468109397571,0,NaN
0.000285946151337586,0.161779602509495,0.0680727946528802,1,37.58
2.82012660366841e-05,0.0881342561406875,0.109767879476215,0,NaN
4.55711913253471e-05,0.111161470463538,0.336193641281498,0,NaN
0.000773735378967284,0.29515046905608,0.0823861102124812,1,35.23
0.00100025986487316,0.114824579202166,0.267953680006404,0,NaN
8.02894961417765e-05,0.117935072594053,0.446143363724043,0,NaN
9.60322456012683e-05,0.0686665976167209,0.335947277607238,0,NaN
0.00343073889056147,0.279603678705042,0.325941037639809,1,12.7
6.15438285259449e-05,0.113590202202715,0.316586897210221,0,NaN
0.000250566580066377,0.399325810089638,0.462972216979856,0,NaN
0.00206172035861047,0.484920024129819,0.330067967857844,0,NaN
0.00107983598068669,0.2522161999026,0.425860250417529,0,NaN
4.11221110434124e-05,0.0865027892086158,0.351954057651726,0,NaN
0.000547954389294875,0.301781039401314,0.388729955325334,0,NaN
0.00784787092139194,0.145634711949261,0.489239788736137,1,4.91
0.000383453476152196,0.326032646746255,0.0520663635725636,1,36.34
0.000266985012158901,0.415102385093528,0.111140689098659,1,92.84
0.0014458012149316,0.464695469205553,0.0247594104607417,0,NaN
0.00367167603772064,0.171673875284195,0.433814167014756,0,NaN
0.000499831603034425,0.271454392973996,0.414381224465017,0,NaN
5.96461077882225e-05,0.0418712208014445,0.193173063400071,0,NaN
0.0028147643875947,0.0564682240234148,0.040941262539111,0,NaN
0.00537689922257607,0.395909647844849,0.233622473608568,1,25.08
0.00140791086122921,0.205536251228554,0.041015335552982,0,NaN
1.07055770287157e-05,0.347792866337854,0.137603710760903,0,NaN
3.57295718752876e-05,0.374185658458662,0.15405328691722,0,NaN
5.1441798304288e-05,0.224119582875848,0.143093671690508,0,NaN
2.93798431252304e-05,0.36700804705117,0.20178576410574,0,NaN
0.00412696575079219,0.182684743547064,0.0881361361899095,0,NaN
0.00387082211733582,0.251163898878839,0.206902520977949,1,22.13
0.000255553830583286,0.412797749029927,0.346423199184908,0,NaN
0.000950503655316155,0.0258443957697441,0.41413867089481,1,83.02
0.0023394381048513,0.400978723737368,0.320051441897408,1,23.31
0.000800593601461327,0.215914717886695,0.33539537263572,0,NaN
0.00199797370331763,0.311520866565743,0.439809235564369,0,NaN
0.00334487110052332,0.110003867662245,0.0669674943455527,0,NaN
0.00764440274536416,0.0462048472367778,0.0223308353783672,0,NaN
0.0010415174445456,0.126014899578757,0.0470214425947433,0,NaN
2.95509783524398e-05,0.350632761051005,0.0110088881087874,0,NaN
0.000351220199904347,0.359877641199534,0.29017542625636,0,NaN
1.8888268992427e-05,0.182595008879841,0.27692000771013,0,NaN
0.000134934040600459,0.0122673887375368,0.0250678603011058,0,NaN
0.000565022562731253,0.142287498566921,0.160532728162114,1,39.62
0.000907271695770409,0.19263227969306,0.37848453552356,1,90.71
0.00201725990600777,0.21837184371488,0.291456306753718,1,17.56
0.000137899099508899,0.0617367330473305,0.157492346382576,0,NaN
1.16218001012757e-05,0.16716381689503,0.121156945087679,0,NaN
3.88878746569617e-05,0.0191370739071801,0.452336308195407,0,NaN
0.00189096342996296,0.356297861916639,0.183066158046921,1,25.17
0.00505007288269638,0.187640652421351,0.463258602746819,1,12.94
0.00152714584440196,0.0977220627424479,0.308372395443637,0,NaN
1.15879674027393e-05,0.378584752647102,0.0987136658842674,0,NaN
3.26320994576674e-05,0.400387564749639,0.101920188446214,0,NaN
0.000160956071381048,0.468408172407678,0.243355210345558,0,NaN
0.00873004368119925,0.226080552290611,0.0776120394211621,0,NaN
0.000839025370498469,0.410655861211805,0.123448642150506,1,25.51
2.13442460508479e-05,0.209458309693155,0.0431693178245889,0,NaN
0.00171365121040165,0.0227240374911067,0.497118776929235,1,69.58
0.00362045652740508,0.241087807058883,0.493892443415806,1,21.08
1.00481531038333e-05,0.0656878538547428,0.0674641538977404,0,NaN
0.00745660733097618,0.0689671501280268,0.358836993648072,1,11.53
0.00148555126802896,0.339028086870352,0.0637110266033867,1,82.57
0.00554712022832714,0.0599523585049916,0.191488173957731,0,NaN
0.000658329164166366,0.0945824923954377,0.0605045000388672,0,NaN
0.0044804056942869,0.108825574448406,0.101967729668477,0,NaN
0.000754303506987702,0.332551655350658,0.09677139065109,1,23.13
5.64350232746862e-05,0.326331200840103,0.443219838003699,0,NaN
0.00165355152210217,0.42115228067157,0.0353210209939736,0,NaN
0.000117947080919006,0.392064045888178,0.204366984790918,0,NaN
5.51269192830479e-05,0.0974539944495868,0.036604564969266,0,NaN
0.000342767566167678,0.247213405234681,0.0809272907424793,1,42.1
5.12237878176888e-05,0.483351648541376,0.465641469525453,0,NaN
0.000110741248837866,0.0742745782036947,0.379737696947557,0,NaN
0.002015956261544,0.370893819357117,0.109650055688154,1,78.89
2.24734291584255e-05,0.179428186072805,0.36408958269575,0,NaN
4.75707858494015e-05,0.186668737697776,0.20815292501147,0,NaN
0.0024806619697379,0.221515913353748,0.403868962824274,0,NaN
0.00186328158463232,0.17121923630054,0.383547504928201,0,NaN
0.000107310617673694,0.308167997611381,0.188895187862295,0,NaN
1.30243473022751e-05,0.247633594195896,0.331268646686592,0,NaN
7.60371587099794e-05,0.295660055901187,0.0175511024817181,0,NaN
0.000575948902388875,0.358569325236738,0.272817021324953,0,NaN
0.000954403263914393,0.262752125112763,0.420784089848713,0,NaN
0.00156166229787768,0.245948779166903,0.14342497757009,0,NaN
1.13977255936438e-05,0.126914050668728,0.128925326282307,0,NaN
0.000906953955553311,0.286107779824997,0.200526221510593,0,NaN
0.00119780015211025,0.060159822367144,0.229171545296245,1,22.95
0.00018956606700351,0.319920584066049,0.466770871936063,0,NaN
0.00754200935847745,0.0185131605025247,0.0825470102876272,0,NaN
0.00534275408468448,0.415767122667098,0.405867013033016,1,13.64
0.000744634612983303,0.068050829329573,0.460296457331359,0,NaN
1.83717438646389e-05,0.0326408223624202,0.0202542994230779,0,NaN
0.000622970580456441,0.20706775612629,0.285048428677003,1,84.47
2.10904056804271e-05,0.183942712433213,0.129946606372931,0,NaN
3.61851838697156e-05,0.140532264065473,0.468679827015291,0,NaN
2.5719009707485e-05,0.461143016486581,0.465436021052652,0,NaN
0.000145324927894963,0.363797692236525,0.440506797489274,0,NaN
0.00218266260923283,0.42492275800842,0.333232915108199,1,72.46
9.73647187759004e-05,0.0149879830737396,0.0520982447405237,0,NaN
3.01039637753748e-05,0.199436594552161,0.469275228940532,0,NaN
0.000257172363779245,0.404593811477824,0.285568067429855,0,NaN
0.00824353945447091,0.197607542175045,0.135590298125365,0,NaN
0.00462636654470539,0.107030158052661,0.0611482420471856,0,NaN
6.89126484820875e-05,0.0417488843733875,0.426873443653931,0,NaN
0.00101113571284931,0.311823499187655,0.286332184120791,0,NaN
0.00250931499249031,0.150034757453148,0.466312035538841,1,31.02
0.000189035628173509,0.288045543100796,0.0178711969030871,1,69.12
0.00218301205576015,0.490599270798215,0.348072654445391,0,NaN
0.000212603026466081,0.3756648603556,0.349998381383096,0,NaN
0.00176826770331142,0.27474309222943,0.106216530517401,1,68.55
0.00471290234197937,0.37078080303602,0.331776700959853,1,8.61
4.22509796088562e-05,0.481727281413642,0.0712227172746711,0,NaN
0.000624100494220317,0.0430096213395705,0.250395557075689,1,60.37
0.0071529737198588,0.42988450120209,0.451312849474651,0,NaN
0.000215378200970863,0.0305467795857356,0.436737166892161,0,NaN
0.00655723976308869,0.470439822033065,0.359292218531751,1,9.61
0.00400072774805217,0.411991629780054,0.150873068309467,1,49.04
0.000110493074028791,0.23404686413463,0.426511972418602,0,NaN
0.00516545165746843,0.0761296641363923,0.293285354171991,1,15.57
0.00184827986485681,0.216981418152896,0.479349711685009,1,60.15
0.00160605464297573,0.118500427685051,0.135412948632346,1,17.82
0.000218461837859551,0.376736565805004,0.18301362643779,0,NaN
4.42963323933795e-05,0.314474170229037,0.0716394026813522,0,NaN
1.00105225604266e-05,0.108712995243924,0.0430405968982259,0,NaN
7.10370744266571e-05,0.203225652183307,0.138740566579543,0,NaN
0.00642274075602978,0.294239415066999,0.1312615039297,0,NaN
0.000272350922692576,0.49641130783132,0.473663928542964,0,NaN
0.00585177574536346,0.199465791461125,0.283540388727051,1,24.04
0.00547452497207717,0.099955241278852,0.202622965789787,0,NaN
3.51008359105679e-05,0.149942301401509,0.315159307746131,0,NaN
0.00775622959296701,0.417860207215477,0.253276475121448,1,22.09
8.34325224269867e-05,0.468727842578959,0.347298528815675,0,NaN
2.81787852497809e-05,0.344102201979472,0.285965600396285,0,NaN
8.11133562258065e-05,0.456987788783817,0.345143291930632,0,NaN
0.000358778501361146,0.311466974831164,0.154477538726968,0,NaN
1.16735487585049e-05,0.207695126618036,0.0888549262300513,0,NaN
1.04727673563207e-05,0.311619233611275,0.320309164056004,0,NaN
2.52580549206169e-05,0.0891177638875905,0.0549837460066835,0,NaN
0.00683123786016311,0.0296326855359105,0.374599250566445,0,NaN
3.8431023301538e-05,0.223685689388249,0.0950446693287938,0,NaN
3.58424215909031e-05,0.250366462863217,0.400198963049633,0,NaN
3.28609302918711e-05,0.252200664529077,0.493011951133536,0,NaN
2.71269542863642e-05,0.229340345878835,0.186346740383919,0,NaN
0.000183802928414677,0.418156668368294,0.209084865053189,0,NaN
5.89337087483435e-05,0.0111864406353992,0.335683111595516,0,NaN
0.000474942481746486,0.278546303004672,0.392537399900712,0,NaN
0.00434932081925641,0.461249976656187,0.444228707249374,0,NaN
0.000232964366200341,0.0176162122564791,0.496247540816019,0,NaN
0.000432717754468441,0.394701243196927,0.361669977087521,0,NaN
0.000135209549681727,0.309533839937125,0.0503473456662172,1,91.51
0.000715807821978186,0.208457194542419,0.281688670775806,1,70.71
8.8345616336021e-05,0.280239859670734,0.408443390105171,0,NaN
2.91003177558511e-05,0.0665242785700415,0.0520770386854514,0,NaN
1.20073888591859e-05,0.106428147149305,0.391244298800064,0,NaN
1.2402800903649e-05,0.463448589742314,0.279357869130312,0,NaN
0.0007234742346515,0.246572409739419,0.222121678343146,1,47.09
0.000780465707166084,0.490686326438489,0.0901224470029426,1,26.1
6.09780510364263e-05,0.493735236120139,0.199587842295371,0,NaN
8.2289898783022e-05,0.185471379239701,0.394821011940048,0,NaN
0.000139388665010004,0.421289126690968,0.265099028951148,0,NaN
0.000134567397647508,0.272421787788457,0.36775470683106,0,NaN
0.000109683876655263,0.407282060424392,0.449874942028179,0,NaN
0.00194141020435056,0.426324713648548,0.470383924350226,0,NaN
0.00830590909516846,0.281922146042853,0.329596216229713,0,NaN
2.85108989979579e-05,0.291418280600997,0.36739411810245,0,NaN
4.27566109005077e-05,0.0295353336065085,0.254990076001417,0,NaN
1.31378651805297e-05,0.0339966681673084,0.430573539645914,0,NaN
3.5732248287355e-05,0.292786796871302,0.440736785250499,0,NaN
0.00479140298745082,0.412881314651329,0.370318070705168,1,11.55
7.71291252135544e-05,0.318164788166189,0.30242284239014,0,NaN
0.00218399120370988,0.4925378841804,0.110512710121444,1,40.82
5.09007788354826e-05,0.342771473689274,0.400605891566589,0,NaN
0.000323746972568227,0.49737281597208,0.442651905763529,0,NaN
0.000457907523528726,0.0570090496554891,0.395610493889037,0,NaN
0.00079238225681336,0.016219029872195,0.0689096863049847,0,NaN
0.0048486126145857,0.49978724306151,0.195327103196732,1,35.42
0.0002404411606479,0.246349487939326,0.0391261111831166,1,44.22
5.47216731856031e-05,0.449951957687684,0.329072363420355,0,NaN
0.000150562996796123,0.202483445928364,0.379849443879511,0,NaN
0.000280271782148227,0.467788695184617,0.19318807793885,0,NaN
0.000394419026344851,0.11295965451267,0.154651460733875,1,72.68
0.00500191771412318,0.456633783997761,0.367868269762875,0,NaN
7.12190668859078e-05,0.125152811401325,0.0428906246621964,0,NaN
0.00062047061322942,0.489882420381893,0.464183766110411,0,NaN
4.39515284490236e-05,0.205607855942351,0.472010836175219,0,NaN
0.000176800794589786,0.313892737449551,0.223510289686484,0,NaN
1.7800634783623e-05,0.344561143189897,0.0610888999528338,0,NaN
0.000533493003718093,0.190110733800378,0.216792242160311,0,NaN
3.98076404776011e-05,0.332420273897795,0.234738186212062,0,NaN
0.000378067075436318,0.376234403734684,0.276233799414071,0,NaN
0.00225769545914938,0.368009140596024,0.15382080345291,1,32.4
0.000192338731450813,0.205586494184164,0.456444741825952,0,NaN
0.000303364587098472,0.128823365838967,0.43758341363493,0,NaN
4.25800606557733e-05,0.131798803829785,0.136007859823479,0,NaN
0.00901619500318293,0.427803398719542,0.32550957081251,1,22.58
0.00219555378062458,0.394884096016277,0.180910972937344,1,22.69
0.00884583499574434,0.184928934238271,0.0735701688337138,0,NaN
0.000535592393787389,0.393518458283606,0.222269997338345,0,NaN
0.000611729420044941,0.207965726484474,0.479882676181427,0,NaN
0.00297080396428677,0.380312174730404,0.274067950844048,0,NaN
3.60639553313175e-05,0.060487038023029,0.0337212841140619,0,NaN
2.8171128896908e-05,0.430508438877013,0.242009867879247,0,NaN
0.00024150467075262,0.110569950902424,0.238089678202748,0,NaN
0.00948549245165336,0.171409446698325,0.29032766066498,0,NaN
0.000130692238869778,0.290636980232481,0.196363961953485,0,NaN
0.00361917092228636,0.186439438130322,0.316979733773936,1,7.25
5.70183473139745e-05,0.475807620723488,0.488975722487663,0,NaN
0.000122583761242354,0.403029362916859,0.19128104938408,0,NaN
0.00106905332419692,0.497253244474362,0.0326690275443137,0,NaN
0.00761742910436338,0.236044183894294,0.362128949278378,1,13.11
0.000123421093678733,0.494897603891893,0.238200778386067,0,NaN
0.000459303944503791,0.212715971350461,0.381105638698267,0,NaN
0.00346561523642079,0.076285961793586,0.0480733833869708,0,NaN
2.2100839201035e-05,0.0611720488330663,0.297809276874433,0,NaN
0.00279436873970178,0.360578703117182,0.43613858445147,1,35.56
2.90127445527293e-05,0.48070005836228,0.157643271934325,0,NaN
0.000491745628823157,0.171131322712129,0.0106526306688904,0,NaN
5.80576112616783e-05,0.35469641580757,0.276575230224955,0,NaN
0.000641029511586574,0.295517604536402,0.0358443016980624,1,65.43
0.000602947832121021,0.178123832029222,0.0649943987579795,1,67.34
0.000883352439562331,0.370891923193157,0.397882603300726,0,NaN
0.00117479362330066,0.370858340274819,0.359493247372327,1,90.24
0.00262783548519752,0.171173774898376,0.0564597101797091,0,NaN
2.59547625139737e-05,0.245694874499287,0.470275863142009,0,NaN
0.000210344687012322,0.316977148930134,0.314160182705564,0,NaN
0.000193035983983891,0.427286155512482,0.356589332027179,0,NaN
0.00153130397160198,0.444997555859965,0.49686618974903,0,NaN
0.00559542988133124,0.0630271320419826,0.430565194903582,1,19.9
0.000143793890811229,0.481080967433897,0.0491594489116998,0,NaN
0.000588052268732523,0.288435790100616,0.0160126383926359,0,NaN
0.000448466177406846,0.489504083006722,0.0747750994887153,1,44.75
0.000208680265086802,0.0271349064465258,0.22569695931554,0,NaN
1.40982339502303e-05,0.136158334283656,0.444049017223252,0,NaN
4.71974009816159e-05,0.254363869151696,0.277863201450889,0,NaN
0.000221162654642859,0.438280722927974,0.324298372843681,0,NaN
0.000193498517769045,0.491471935976862,0.486223287047253,0,NaN
1.33543313165017e-05,0.380760653086868,0.488200845625392,0,NaN
0.00462816038028576,0.0957183123816137,0.184393226279755,0,NaN
6.61144137868704e-05,0.110844048773063,0.311447500089033,0,NaN
0.00103049983414582,0.385067736805984,0.133914008376901,0,NaN
3.23149043024819e-05,0.227845759671857,0.185417716088474,0,NaN
0.00528874195492343,0.0424458302906939,0.445062020573699,0,NaN
0.00103933292740417,0.400109728837974,0.439067220343082,0,NaN
0.000585382366004602,0.218429429841194,0.393506226676309,0,NaN
0.000591959544877703,0.0982360324566052,0.466591632806616,0,NaN
0.000237487231151082,0.476505007610635,0.187507161794839,0,NaN
0.00735401936180624,0.226101139305447,0.315776558953086,0,NaN
0.00829739952335372,0.364345871705429,0.284928164308783,1,26.95
2.15869637420761e-05,0.149137513124827,0.0463619223474386,0,NaN
0.00383535809486206,0.303802863171925,0.396594326557402,1,17.05
0.00150081182409407,0.027568195693377,0.0784582855460028,0,NaN
1.19382388940815e-05,0.115931883446418,0.29224494859476,0,NaN
5.34423694454249e-05,0.206809444850847,0.394611176417191,0,NaN
0.00971434929346004,0.318415732024743,0.462831966962236,1,9.54
1.8613548355894e-05,0.456519407956033,0.0825187546533722,0,NaN
0.00701770252366777,0.0882635791864893,0.244676750478509,0,NaN
0.00646396753503218,0.0444691714069139,0.159991687814531,0,NaN
3.37392449599756e-05,0.298407590230431,0.0896673004981694,0,NaN
0.000620810801843939,0.332410096611227,0.276477668705194,1,84.38
0.000203600731740372,0.396362811311454,0.298639210456407,0,NaN
0.00791632242896329,0.497937684829146,0.18883216400772,1,70.04
8.75133056101575e-05,0.225689238482231,0.318944964867497,0,NaN
1.29857615038418e-05,0.193498273210523,0.160990747362957,0,NaN
2.62818269170944e-05,0.298243594078648,0.188092849750404,0,NaN
5.86527910633834e-05,0.275429251024882,0.0523898551348761,0,NaN
3.06695942223538e-05,0.452838282090124,0.265141190492326,0,NaN
0.00612456588130928,0.428776274725566,0.487483824940753,1,14.97
3.18775251206849e-05,0.24740364210333,0.240140181716321,0,NaN
4.29742459880486e-05,0.162379669547782,0.238513477027136,0,NaN
0.00139616066900714,0.190343238783684,0.0174174103829026,0,NaN
2.49007524806587e-05,0.13054353842053,0.140381578748451,0,NaN
5.48813866330837e-05,0.445726936850968,0.358113824557442,0,NaN
0.000782185070172931,0.31167711429883,0.136562090441793,1,26.4
0.00119912246722079,0.104806110132427,0.160466370109459,1,22.23
3.37756988655546e-05,0.0312767886894608,0.270411212271262,0,NaN
0.00366116102703879,0.31067028478148,0.143001739518648,0,NaN
0.00300538136106312,0.338584435500333,0.120719122504763,1,90.67
0.000809240926529967,0.384224639150901,0.371460996143001,0,NaN
2.40672221640366e-05,0.176357517583006,0.158356240811188,0,NaN
0.00127108969455632,0.455903035857007,0.197252476987265,0,NaN
0.00473706042886683,0.108474828911042,0.452385006341197,1,11.28
1.14564131850353e-05,0.305323725313364,0.316470767277338,0,NaN
0.00689361656884919,0.455622779643138,0.0681262340187214,0,NaN
0.00345748797337159,0.213476120681104,0.168202535205966,1,29.26
8.86436849787103e-05,0.345086365139995,0.324291833765481,0,NaN
0.00799764229550253,0.382434638701885,0.0550358525548063,0,NaN
5.29595863998813e-05,0.105131800054309,0.494148391603717,0,NaN
0.000169238560887524,0.392644119095174,0.421213886339086,0,NaN
0.00111316155919816,0.132071096293271,0.434213121676366,0,NaN
0.00180316767462369,0.115929552651438,0.163331710514811,1,14.53
0.000143326753956761,0.197883096789696,0.279739036337381,0,NaN
0.0014013498642697,0.408430989692344,0.18142942766631,1,24.28
0.00353586463764294,0.336422427931265,0.220438062837476,1,29.78
1.98436951037527e-05,0.190572869170049,0.345772220219511,0,NaN
0.000184432356693909,0.329415009273305,0.309124763590884,0,NaN
2.67925404006582e-05,0.0556543434667827,0.345809183615755,0,NaN
0.000954610917568196,0.218278317558141,0.119927043536441,1,30.68
1.17860176166576e-05,0.108085092841612,0.0773264991748796,0,NaN
1.34244110780869e-05,0.281574259674485,0.154753001668342,0,NaN
1.06995367016682e-05,0.0190781220250393,0.467263571317025,0,NaN
0.000767336086228414,0.26798644267321,0.152711724467805,1,27.24
4.3507953713839e-05,0.103490570826146,0.374799530134668,0,NaN
1.83811587651465e-05,0.412945117939991,0.442564037524602,0,NaN
0.0021265668784799,0.418191692815994,0.366747971513671,0,NaN
0.00035350224279876,0.308825383593239,0.450251182219708,0,NaN
0.00803820805598192,0.486085536129682,0.294750722000869,1,21.36
0.00010524318131764,0.264682428943338,0.324018420634795,0,NaN
0.00104529834402682,0.426710711780275,0.275974293808198,1,86.87
0.00181786633692862,0.0298971584715669,0.445092135213843,0,NaN
5.51737426929084e-05,0.046834567000948,0.0855725516709698,0,NaN
0.000384901703655239,0.0870166590924872,0.312164715007589,0,NaN
0.000231159816251419,0.311349228491509,0.0845111673207704,0,NaN
0.000501660617208034,0.316182929199123,0.471447760074695,0,NaN
0.00888714865865182,0.450567515550793,0.327755149047512,1,19.27
0.000179187313520275,0.317400730531491,0.402000444103312,0,NaN
0.00122987978203187,0.0759207464872712,0.189817472976069,1,18.7
0.00398856420480214,0.0346513970622123,0.409651604653339,1,15.92
2.60896954416425e-05,0.498373078424239,0.0307634204554404,0,NaN
0.000326073525407253,0.338842178559252,0.364366032707929,0,NaN
8.40494987062921e-05,0.104987394414131,0.377277398930384,0,NaN
0.00145146566638093,0.0586841834275701,0.302911317406102,0,NaN
0.00035395323376731,0.456211750940255,0.475803680976747,0,NaN
0.000717339143570949,0.10784778965986,0.0623518525703552,1,83.82
0.00013511316812452,0.0665284195781302,0.411161647818673,0,NaN
9.77443905482991e-05,0.0955248076969548,0.389642023028041,0,NaN
0.000119875149817642,0.296627941886591,0.391100206890913,0,NaN
8.95314415497702e-05,0.246716346436743,0.216597200822496,0,NaN
8.63155071831659e-05,0.287878950826752,0.182512783323082,0,NaN
0.00376478481556645,0.443986963443624,0.216445685971117,0,NaN
8.29625801122159e-05,0.109613691760021,0.0977930526682864,0,NaN
0.000710274290695913,0.415936703421304,0.0623694648482179,1,70.56
0.00290944564074291,0.0111309741121398,0.150754980811109,0,NaN
1.7941213066426e-05,0.0141348168854466,0.36909318683565,0,NaN
6.02740218875141e-05,0.416682794353184,0.28793851036473,0,NaN
0.000155841715975542,0.144386589135864,0.0124025652013958,0,NaN
1.47358138414936e-05,0.110396927690047,0.431571784737865,0,NaN
0.00570641913571183,0.377985968825181,0.352047626165802,1,7.37
9.30563465653659e-05,0.499841948233578,0.402375475119727,0,NaN
0.00380226238724838,0.241665485228613,0.202368317060851,1,25.05
0.00124160713287068,0.0795018059797595,0.0323838849097587,0,NaN
0.0012765967621975,0.129124300476685,0.454477888997404,0,NaN
0.000155177022940756,0.468979059631886,0.498425449195872,0,NaN
0.000294134057623475,0.314959697703078,0.353248095891031,0,NaN
0.001570858850842,0.0298380303198014,0.451493627257396,1,50.54
0.000904812597884953,0.149388920941145,0.111062066142699,1,14.44
0.00171337781524303,0.181713670920092,0.142392318937843,1,22.97
0.00115999291882767,0.460221468585402,0.141814100890859,1,24.21
8.5730915776111e-05,0.102315135144527,0.174429039741821,0,NaN
2.21771197178618e-05,0.284335556624435,0.337136372432564,0,NaN
0.0038891663163999,0.44407607347854,0.0211515814194707,0,NaN
0.00210953504867816,0.0763343388150203,0.115643999133585,0,NaN
0.00123150844046079,0.299154374101254,0.106296548845744,1,47.82
0.00204872379802419,0.128165924451131,0.212257522706899,1,24.45
0.00904550313800342,0.0489420879600254,0.21353446297156,0,NaN
0.000285853085772999,0.366483776307244,0.0663294345753185,0,NaN
3.81173937702682e-05,0.41126510523845,0.394098099480821,0,NaN
0.000284889251789426,0.445312819178564,0.359306155155334,0,NaN
0.000288913528935231,0.0224909606876289,0.174506656719515,0,NaN
0.0048710034780162,0.343762712451397,0.419122172125799,1,14.11
0.000219209875854304,0.225658777525926,0.161716915221012,0,NaN
3.77446492886814e-05,0.253036086069122,0.0205545474672012,0,NaN
3.4327191540564e-05,0.0600026154972938,0.18135230502222,0,NaN
1.4501762407524e-05,0.488119538481537,0.461125287326819,0,NaN
4.81537914264053e-05,0.496381446884848,0.16998480183967,0,NaN
0.00434279854620717,0.46297763840463,0.36206598019324,0,NaN
0.00110503119944369,0.0767754694918117,0.404832400570509,1,61.64
6.73752329540373e-05,0.476074641128815,0.0257194975859178,0,NaN
0.000107300399758389,0.204198488164296,0.294776588690019,0,NaN
0.000182079539054164,0.337144163481813,0.433029328962713,0,NaN
0.00106840891642508,0.350380579315459,0.422298097818823,0,NaN
0.00965054715266495,0.297832825614342,0.169345727668717,0,NaN
3.99702922008806e-05,0.418223085916645,0.387421396243713,0,NaN
0.000272964059522104,0.482491033832022,0.256808716881679,0,NaN
0.000588609471376186,0.181058553448501,0.137891350868154,0,NaN
9.00438833002719e-05,0.193728361013653,0.0526341377275625,0,NaN
7.17499004258504e-05,0.0393353928610733,0.227983956728416,0,NaN
3.99168892901616e-05,0.0195444321735842,0.41675027159288,0,NaN
0.00201143351998837,0.268130418736632,0.141956270520808,0,NaN
1.56009800444973e-05,0.0221952278446088,0.216799656132045,0,NaN
0.000675200789612345,0.124017744005538,0.11348459997007,1,21.1
1.72273833791752e-05,0.481036095386326,0.377606430126937,0,NaN
9.86425391336818e-05,0.400533492324322,0.395329722071834,0,NaN
0.000709599944003233,0.318273576032453,0.154855579645734,0,NaN
0.00534403823712989,0.127425886461333,0.0101945818943027,0,NaN
3.54980701730479e-05,0.376871004641844,0.312279840789168,0,NaN
0.0041817533325545,0.32938265443273,0.310275465080494,1,8.06
0.000743747486172732,0.210485670338838,0.498850167125767,0,NaN
0.00665662730140124,0.167243132155748,0.135247315561015,0,NaN
3.06711812328665e-05,0.476711267781282,0.438361389642664,0,NaN
5.4144995393948e-05,0.397142111159605,0.0454277885116242,0,NaN
0.000126660068416606,0.134878890711382,0.456972101311198,0,NaN
1.08253797990716e-05,0.410019763162201,0.0510376999363795,0,NaN
0.000250045784751149,0.213850285079456,0.237054247337632,0,NaN
7.4113179292349e-05,0.258769351496364,0.392734750730765,0,NaN
4.3888230551972e-05,0.109906838973686,0.282066116482146,0,NaN
5.19871832165598e-05,0.43161928209624,0.112107526587567,0,NaN
2.09946687113672e-05,0.377756333416637,0.166280095912674,0,NaN
0.000745729395481564,0.256913377507158,0.0295269110076342,1,78.76
0.000253494581673719,0.17270448156669,0.46648069072442,0,NaN
0.000818893016001351,0.205746630443804,0.0212325806469483,0,NaN
1.40364029648605e-05,0.312812459074938,0.232507369517742,0,NaN
0.00698254848530786,0.208351409351833,0.0351921374430647,0,NaN
0.00364044950958324,0.229831930730128,0.443392609955362,1,32.12
4.93484444411408e-05,0.0472512251872943,0.187579373405052,0,NaN
0.00706221302873296,0.368413986241047,0.0866140888529079,0,NaN
1.00033400814065e-05,0.401259724106139,0.346321211564916,0,NaN
2.04300172819059e-05,0.0134318232641242,0.0300553689449121,0,NaN
0.00123882902247751,0.216717252962539,0.184372920590243,1,16.04
5.26458802766368e-05,0.341963114145372,0.295793661228635,0,NaN
0.000191039347954124,0.136734621492056,0.425184101321039,0,NaN
0.000120986105387203,0.469139329965063,0.173376985846082,0,NaN
0.00264774576186597,0.0208063472678769,0.426266724277641,1,44.97
0.00215934290600884,0.305194090368336,0.174201549486603,1,21.88
1.01035633710238e-05,0.383355042059666,0.316658284281992,0,NaN
0.000210715504739075,0.118566387633709,0.191996136043244,0,NaN
0.00569072423061085,0.19466584626538,0.157607716256588,0,NaN
0.000715108563366278,0.155548443336736,0.416356742090617,0,NaN
1.03777781462569e-05,0.138020694945279,0.437524371158549,0,NaN
0.000187337479543352,0.463171139067695,0.234422399817982,0,NaN
0.000853898079685528,0.196025347542806,0.232493793863443,1,62.15
2.00718321928352e-05,0.393642693213472,0.0268986394672635,0,NaN
3.28144477327824e-05,0.419151444079482,0.284122700406208,0,NaN
4.99135051854753e-05,0.416826349506777,0.165547447463296,0,NaN
2.87348349410447e-05,0.150211682875232,0.0235597340856149,0,NaN
0.000783940362247494,0.214243202709388,0.0631883029224102,1,89.35
0.000101466307235152,0.100405184017511,0.252506434199584,0,NaN
0.00148975377642109,0.0852799338047392,0.437931479474312,1,39.98
0.00329489780062703,0.130354979904233,0.444108908919543,1,25.78
8.24744721358892e-05,0.0855512910861666,0.200327382506116,0,NaN
0.000116146840510558,0.427212434402544,0.105689726422587,0,NaN
0.000138053297027219,0.23356288974932,0.0288398687028024,1,85.43
0.000778284010236955,0.114480967852636,0.388229807882522,0,NaN
4.2568370365237e-05,0.0157608750651582,0.205410365944417,0,NaN
0.0003746593738456,0.377047231355647,0.465281008218844,0,NaN
0.00125118023093665,0.43691798640337,0.0988492152989807,1,29.64
1.03310368724468e-05,0.387773315062328,0.269649132220581,0,NaN
0.000392017160010605,0.437431359227926,0.252072365102759,0,NaN
0.000128929121894618,0.381592486330432,0.295945742113024,0,NaN
0.000908303937767718,0.229874988034086,0.0797764435226542,1,54.84
7.94146078327116e-05,0.159903669501054,0.404130320143018,0,NaN
0.000117764215906394,0.384110555346748,0.166101855566467,0,NaN
4.35193534274008e-05,0.0835110465883359,0.216559559826863,0,NaN
0.000206558360661586,0.421426889833193,0.11181992473846,0,NaN
0.00121137626431706,0.227836709937105,0.250370825780494,0,NaN
5.35577536932278e-05,0.0358137981274018,0.308251461990077,0,NaN
0.00266101925301663,0.238587336576546,0.332618482256676,1,22.98
3.61023729460267e-05,0.139033471723617,0.155092547660983,0,NaN
0.000782955598023514,0.0569254517651136,0.210888459933026,0,NaN
0.00220702499410729,0.0329267831099611,0.225913414697517,1,17.83
0.00149527023300305,0.0393932896669535,0.385695347090417,0,NaN
0.00853769603490306,0.168680900697601,0.30256863275952,1,16.06
0.00869552884430042,0.486111507884275,0.38387225012924,1,10.16
0.00214707435733422,0.0874925340606654,0.362654666923614,0,NaN
0.00400363373743644,0.330779640779756,0.032371611177916,0,NaN
8.68239417237492e-05,0.195953896935604,0.0759152390417786,0,NaN
0.00478573513964072,0.104590248693838,0.0952310056866893,0,NaN
0.000871399382240519,0.114643347730918,0.104752611342461,1,37.19
0.000131863290508282,0.345611570492633,0.0869435084231991,0,NaN
0.000464608231502675,0.0887378728771989,0.371594462217673,0,NaN
5.09742100599511e-05,0.15690999342932,0.319811358007826,0,NaN
0.000911221069451722,0.313901635596353,0.131409887412536,1,19.88
0.00333782076453629,0.331859539517467,0.474186745364423,1,25.29
0.000201449261493183,0.335464411097693,0.260139700029771,0,NaN
0.000481844102477777,0.132909158898319,0.15282510249645,1,73.16
0.00281567176343905,0.433568408021134,0.477438988600218,0,NaN
0.000112629874350323,0.0506475716376861,0.42117043463508,0,NaN
2.75456925856123e-05,0.035032400951269,0.11567049627219,0,NaN
0.00641967663126052,0.0555497657774369,0.465624021761865,0,NaN
0.00151435739162324,0.23856893700592,0.296346198623995,0,NaN
0.000131476685756333,0.446902373897748,0.416191665351654,0,NaN
5.45152043903142e-05,0.263953139797182,0.284492574184141,0,NaN
0.00373964048779585,0.310648176419558,0.125116338951704,1,83.34
0.00181443923900267,0.200565464162805,0.156912994630431,1,22.87
0.00304328871663437,0.122325011683091,0.0376289200812819,0,NaN
3.09631659587517e-05,0.316095143246782,0.010184152872803,0,NaN
0.00102621024078243,0.354817779807004,0.184607119782267,1,24.05
1.96231203530736e-05,0.217377787341947,0.0597782124391525,0,NaN
0.0026734154935617,0.108483802445514,0.217367037543731,1,11.58
0.000919815114617515,0.411226117487814,0.111168532452428,1,34.24
2.45838864518247e-05,0.16419196820483,0.0813752721641298,0,NaN
0.0011149954353473,0.123531701187757,0.392710605708998,1,89.94
0.000853921228183697,0.337683986952273,0.332779113540162,1,75.79
0.000964380626398056,0.310735576813901,0.466788774778095,0,NaN
5.37346340262877e-05,0.0281988631431207,0.361951929451576,0,NaN
4.88147523553124e-05,0.406326922024317,0.421954636573362,0,NaN
1.58454003218621e-05,0.175743241520873,0.171311027316097,0,NaN
0.000722862230315983,0.194287368006373,0.214127457903156,1,61.16
0.00122044103285632,0.17669880275262,0.374930068965205,1,62.19
9.14296448187944e-05,0.479032503987291,0.431438791965523,0,NaN
0.00031490684086617,0.345851491137916,0.499571131633926,0,NaN
0.000176681956384074,0.497556138955217,0.113085027535388,0,NaN
0.00610343959826805,0.202916764306319,0.176681663714549,0,NaN
0.00259725506233804,0.255565521311513,0.407059926919579,1,23.8
6.41742369526045e-05,0.388636486101287,0.149570842881311,0,NaN
5.83013468300331e-05,0.244827926726451,0.224721766499958,0,NaN
1.13019683118036e-05,0.180757023880879,0.133735762857781,0,NaN
5.96335288516621e-05,0.33196184234063,0.0802818666824563,0,NaN
3.74554290300917e-05,0.413328077461497,0.468788358535953,0,NaN
0.000118213410026074,0.210109839129285,0.127527924697324,0,NaN
3.40272271922358e-05,0.209262433386226,0.14701265772834,0,NaN
9.50117873924679e-05,0.363417848207317,0.259207198621504,0,NaN
7.50303475249915e-05,0.344683158493464,0.463116790165587,0,NaN
0.00429316538985347,0.166258983311848,0.206091055289542,0,NaN
0.000823227519387145,0.304699788400128,0.394933031943431,0,NaN
0.0034889465264062,0.0578973719048457,0.296535148142417,1,17.23
1.21558412938924e-05,0.0285357971915584,0.415497883477309,0,NaN
0.00393227879286078,0.256995774486869,0.253033237021216,0,NaN
0.000322156557378372,0.455092970653115,0.335182486204157,0,NaN
1.89574941822586e-05,0.441672897660118,0.27040468791047,0,NaN
0.000126640475583844,0.276109516820977,0.478784898779655,0,NaN
0.000311557983835942,0.169193634357548,0.335990401869964,0,NaN
0.000563986857387121,0.204978751963557,0.261916034076622,1,93.53
0.000231567734183877,0.367009132701625,0.105123570744567,0,NaN
0.000305965094299207,0.393150571341078,0.0910621599728011,1,56.79
0.000401053090842461,0.233984769501187,0.135173337647956,1,46.96
0.000413135517833147,0.427577939692864,0.366470395359307,0,NaN
0.000468002879213518,0.280444579379207,0.456234726488604,0,NaN
0.000684274137347947,0.0887017940859247,0.126235395959322,1,28.16
0.00128892267618524,0.125961359216513,0.467427217648908,0,NaN
0.00933072501347628,0.327276831021637,0.230135023761754,1,51.87
0.000784395288609783,0.349904293166224,0.471490917527869,0,NaN
0.000447122851218642,0.084251041034863,0.129887430858083,1,41
1.28919939651832e-05,0.402613400610184,0.335122368724164,0,NaN
4.51751833936014e-05,0.459936731042805,0.307915779543994,0,NaN
0.000462460163844323,0.198839104498207,0.440354805733575,0,NaN
0.000126013322407014,0.309097773501377,0.0535916882800942,0,NaN
0.00219276652003554,0.137820071385526,0.139640912860947,1,11.7
0.00013148784214736,0.231571661348529,0.253524378099041,0,NaN
0.000101952103221558,0.361714623424847,0.367676121562757,0,NaN
0.000615006274432593,0.0413354141557255,0.491523957346034,0,NaN
0.000118042767388683,0.347440652901844,0.249111850680893,0,NaN
3.6392803205889e-05,0.27697645564505,0.479176022888404,0,NaN
0.00060364741719957,0.455073732774196,0.319024904631481,0,NaN
0.000399543360042647,0.014036431371115,0.14152521430283,0,NaN
0.0002750351511229,0.0652418851061051,0.140507601173258,1,87.62
0.00052150804116658,0.321009237849773,0.405351902303023,0,NaN
0.00917024360458841,0.226115186243476,0.0339461663209644,0,NaN
0.00506912354436419,0.173741628253305,0.300742476529739,1,13.09
0.000165151561377124,0.0607822272152576,0.395782198653229,0,NaN
1.41144323284711e-05,0.358123379066391,0.423377509086914,0,NaN
0.000108682119902208,0.0639393882092762,0.479407744253402,0,NaN
2.0977836028744e-05,0.360079782963578,0.0343607149270363,0,NaN
0.00763218602803563,0.28563758565278,0.369035051209343,1,20.1
3.02351809090668e-05,0.0740920743019097,0.403333052603091,0,NaN
7.49457296210464e-05,0.495294138257008,0.309113232957837,0,NaN
0.00893829775904803,0.451252972721751,0.0447550363131188,0,NaN
1.90594110432544e-05,0.339211595144707,0.366011225200303,0,NaN
0.00185220897100766,0.424193371945756,0.0604562121975459,0,NaN
0.000954720648075137,0.421403965160433,0.216507606456801,1,38.16
0.000387052540924793,0.49880762747679,0.198232165431733,0,NaN
0.00109125926174539,0.451695562496395,0.162041137378311,1,26.49
0.000427749878876815,0.344620175359026,0.128741055497262,1,45.37
0.00845486289494532,0.290633788840857,0.424187586599961,1,9.52
0.00665571956129373,0.437822080835528,0.141100980137621,0,NaN
0.000183240271768778,0.0282290153887994,0.297130350367813,0,NaN
0.0014669053955544,0.378159576547894,0.0395953103000033,0,NaN
0.000248602842246101,0.0831721320431742,0.302629677179816,0,NaN
0.00696317633175486,0.120195211933435,0.276051533801325,0,NaN
0.000146196176880475,0.200539241869373,0.438220517144241,0,NaN
3.28187193306437e-05,0.122591194215598,0.462662997208472,0,NaN
0.00472069263975809,0.3874650502034,0.176610722681264,0,NaN
0.000170256569375572,0.344359423577518,0.0832939681784475,0,NaN
0.00528477032749124,0.388769094922145,0.372967543506051,1,9.87
0.000474507060587803,0.472511537011021,0.0568512445621505,1,67.18
0.00433605323528855,0.313261959690745,0.237549066098246,1,27.31
1.79015618785551e-05,0.059315734919814,0.0207203574734367,0,NaN
4.80685406994239e-05,0.0468116374715313,0.17124268810043,0,NaN
0.000158648874994094,0.484472558779101,0.121342545036536,0,NaN
0.00920474430771317,0.492419921633068,0.254235756597907,1,40.13
0.000176575983186945,0.176209567097769,0.367214074891043,0,NaN
0.00186112421053257,0.195903825810061,0.286927918610965,0,NaN
0.00468861189485421,0.453281643295244,0.104580122247,0,NaN
0.0001083979860194,0.0116068775417341,0.277459803780642,0,NaN
0.00500999806564325,0.297977059100233,0.137695475728728,0,NaN
0.00141596515281362,0.361260514424989,0.0588176483256186,0,NaN
8.49972591636169e-05,0.151825535346773,0.0842929468136079,0,NaN
0.000155299197940427,0.315838301590064,0.10809252281953,0,NaN
0.00525245459929929,0.118292135147292,0.197369118527819,0,NaN
0.00976519671013292,0.347905859020769,0.156079260750575,0,NaN
0.000244162561711066,0.299736248588295,0.254528034968105,0,NaN
0.000463373224703355,0.363966412363321,0.498210233026631,0,NaN
0.000255661520043608,0.476876711637431,0.18953553002452,0,NaN
0.00339250771500979,0.276563981162756,0.339430409449051,0,NaN
1.80020562320733e-05,0.371446350757874,0.0852568702423934,0,NaN
7.31050101032868e-05,0.11451234379235,0.200383754781894,0,NaN
0.00467807542813739,0.0657085495764119,0.369895899744744,1,14.35
0.000381635491232676,0.21278821391371,0.440563925544627,0,NaN
0.000124072649905524,0.0924413184505724,0.183814812633911,0,NaN
0.000873455178651178,0.358089986365724,0.183944026500448,1,33.87
2.87215425808292e-05,0.129052450644646,0.102337656205467,0,NaN
4.03091204104429e-05,0.461829588308675,0.231138318141257,0,NaN
0.00831508968633604,0.451539383247366,0.431622114034616,1,8.05
0.00152943589902609,0.104964082271864,0.136238253318782,1,32.62
0.000238203608417268,0.0953033947834029,0.291858447179223,0,NaN
1.69384998702251e-05,0.190031469061858,0.0897410912987734,0,NaN
0.000584369079078674,0.27777355754016,0.0526483005303644,1,78.97
0.000235649972224188,0.0297698712963076,0.0335043493481805,1,17.07
0.000820279209386059,0.27947294154738,0.108453594810352,1,43.33
0.00541804000177575,0.217909185644113,0.262737619869109,1,22.66
0.000232536712260151,0.381113768072607,0.224663134343407,0,NaN
0.000371676170774987,0.225446478603247,0.0806667164134482,1,37.61
0.000675937511000212,0.188517866440442,0.0583022283723011,1,70.62
0.00221217905660994,0.171949972085108,0.375782412511961,1,24.92
0.000347557251544583,0.0812187184955232,0.0587593200141045,1,47.48
0.00351481470172097,0.0289183301070531,0.0958709607624466,0,NaN
3.8592868582169e-05,0.24888853552562,0.272363552359791,0,NaN
0.000714052723056905,0.476013718435174,0.344752481160699,0,NaN
0.00011489059894082,0.124264599380198,0.0671223368253177,0,NaN
0.000534278235190741,0.489216578944849,0.310914427688065,0,NaN
0.000177429017512011,0.209646724080234,0.450307257814766,0,NaN
2.3745897654954e-05,0.0972549227544608,0.0560153204781096,0,NaN
0.0010613864257485,0.0941689672605538,0.26531633465847,1,56.57
3.30366249495335e-05,0.49227355871971,0.11772161150949,0,NaN
2.67153706742623e-05,0.194826746502879,0.0772272949839464,0,NaN
0.00011138536767467,0.414154713087439,0.458328525448663,0,NaN
0.000691952041893353,0.34001704557456,0.488194538031323,0,NaN
0.00689338309723938,0.498881718962335,0.141463872602169,0,NaN
0.000804598907193094,0.0636604917280832,0.450166240376969,0,NaN
0.0011769062514009,0.261813444055465,0.276938814297763,0,NaN
0.000351143436189355,0.193836653462539,0.319119376457666,0,NaN
2.98655890099663e-05,0.421326073831957,0.168503478710923,0,NaN
0.00253314452747977,0.142121220353798,0.431697085524294,1,22.94
0.00297966132933145,0.0716857278109837,0.4297000269634,0,NaN
0.00152182389517299,0.050277367903307,0.0953421516373961,0,NaN
2.5559620502357e-05,0.460772146401984,0.115578713446281,0,NaN
2.59630921979445e-05,0.125674050928853,0.144944732256978,0,NaN
0.0015921122536322,0.493497318925524,0.430837025418778,0,NaN
0.00281050265719182,0.128790553725975,0.0192727446493224,0,NaN
0.000335617726803867,0.154917211973881,0.401177738071111,0,NaN
7.45642299333904e-05,0.110665714041563,0.153055404156601,0,NaN
0.00168072606439705,0.36417676528876,0.404727116321254,1,82.75
0.00535817950099915,0.391416325697892,0.188940764750735,1,51.46
0.000179425443011482,0.479180271397792,0.40449756034655,0,NaN
0.000358231365187121,0.308065785224911,0.0960465670854731,1,43.95
2.44956078286441e-05,0.290675117373568,0.0962626560475181,0,NaN
0.000992041584400994,0.228254973317054,0.375142571015024,1,73.23
0.00151893010111121,0.184143591323021,0.054158773077855,1,55.52
0.00473229553182614,0.370889555598506,0.0510354152225861,0,NaN
4.11276228632004e-05,0.425051188100857,0.0720459517623124,0,NaN
0.000401991491824828,0.153710146170294,0.376446291245025,0,NaN
2.33365586332803e-05,0.415948036385823,0.266265333752506,0,NaN
0.00770986940590224,0.358111211692985,0.490625357950226,1,10.7
0.000610464131571899,0.200783531018251,0.443708396620517,0,NaN
7.22125456640016e-05,0.127483415319481,0.16583331028354,0,NaN
0.00260353584123371,0.488957666684724,0.0948184744384732,1,83.31
9.67290083804532e-05,0.151321441978117,0.362153035580758,0,NaN
2.49224994860011e-05,0.0308256126890148,0.482441882236064,0,NaN
0.000977289815630797,0.171758788792058,0.489041095674975,0,NaN
0.00159800635738768,0.0609815484422774,0.470442839385954,1,61.39
0.00387561031825467,0.0625992098750041,0.148090489164347,0,NaN
0.00516659287710272,0.461757016934193,0.489401992421641,1,20.45
0.00555134575631458,0.162707483999658,0.217381301640337,1,25.18
0.00505164877253137,0.405206529003698,0.362127821751863,0,NaN
0.00135738479717101,0.013800176412333,0.361765999751122,1,30.72
5.02834508278908e-05,0.0867154714922171,0.456862143603268,0,NaN
3.94063332312942e-05,0.0872212215150927,0.151946101701239,0,NaN
0.000861189344267414,0.476756128290322,0.116557106694886,1,29.19
4.07323276699722e-05,0.420029735709088,0.0898944024581951,0,NaN
0.000744478684312457,0.179393682585738,0.493326343526789,0,NaN
0.00214919515259339,0.207486669515131,0.27726864744389,0,NaN
0.000883260939532725,0.467613120773434,0.0313632537579558,0,NaN
0.000492891161906257,0.394918112308032,0.463163831829017,0,NaN
0.00907690599694243,0.149051617927149,0.496129904063562,1,11.85
0.00528082427602165,0.125420123772575,0.244468084373099,1,18.24
0.000254574686822834,0.428454404125666,0.204057291851114,0,NaN
0.00010691322247362,0.436701514758559,0.442814659927723,0,NaN
0.00722467264981044,0.466441783785691,0.0893299552243352,0,NaN
0.000119776525550828,0.0189397720863955,0.391295842117698,0,NaN
0.00145958716449773,0.306833129792544,0.19501419401553,1,15.31
7.91680067000139e-05,0.42637547122177,0.390042976252457,0,NaN
0.00993204944314013,0.401225594000207,0.410225841345793,1,11.78
0.000144313086331924,0.221143876799106,0.425147593214751,0,NaN
0.00273558979019757,0.0993405506490529,0.299480663083424,0,NaN
3.58224774787734e-05,0.226215868312207,0.12037776210034,0,NaN
0.00905977933893366,0.386792565959909,0.138103009153519,0,NaN
1.45784795611611e-05,0.33986060146374,0.0377997414228749,0,NaN
0.0003891482170888,0.126143621530558,0.317189022418188,0,NaN
8.35335165345903e-05,0.193108423518691,0.310876207824228,0,NaN
1.64496149230576e-05,0.0240018501039407,0.198426967226525,0,NaN
0.00139752556079422,0.36377872423519,0.355462262510311,1,59.94
0.000215960640011259,0.185337685027533,0.471068641731786,0,NaN
2.59351399946425e-05,0.0274219441072011,0.119399190109432,0,NaN
0.00842820966217576,0.36828007875441,0.322466085657873,1,20
0.000520444036113797,0.245408510185902,0.455818777306095,0,NaN
0.000149384622426993,0.476091839139559,0.295643482547586,0,NaN
0.000136613301448473,0.393975289208689,0.0532289976740284,0,NaN
1.02309379135069e-05,0.18300715822549,0.116662465041852,0,NaN
2.42732012695507e-05,0.344096170507874,0.239352575155082,0,NaN
0.00113846300896277,0.0703082676020254,0.436818123984162,1,88.78
0.000368146319842006,0.417948030426217,0.0151783969931351,0,NaN
0.00141237234629634,0.360009215282996,0.39127665214168,1,65.28
5.22333033481693e-05,0.43443003403411,0.340832639552616,0,NaN
0.00708841721844198,0.376793215514052,0.221100966980917,1,36.92
0.00182381573955155,0.311158861762605,0.114622918244267,1,69.65
0.00238296859425601,0.129036226602276,0.269362722050129,1,11.91
0.00488176735283282,0.22364071932482,0.493475691651928,0,NaN
6.12761139622627e-05,0.0438768047446077,0.0534088981814609,0,NaN
0.00458389276048993,0.343711571850069,0.060042964635226,0,NaN
1.24810105459563e-05,0.0497479521936879,0.0778913804807,0,NaN
1.55913413975278e-05,0.469977932616933,0.0175049818618991,0,NaN
0.000242563858129432,0.125892323481177,0.447411267550624,0,NaN
0.00747710261782363,0.076086856067512,0.46478011264915,0,NaN
1.22404698958356e-05,0.190300577029833,0.35945247506427,0,NaN
3.38929381062356e-05,0.228047651490116,0.0815904080199754,0,NaN
0.00016280534097708,0.158281200270257,0.232935875224118,0,NaN
5.40433548055725e-05,0.373058933514444,0.141059496262157,0,NaN
0.00749316872014216,0.311385233033164,0.464479869988138,1,8.14
0.000245466790045195,0.445318167902785,0.264251339607406,0,NaN
0.00091115855865026,0.301482692050207,0.0123876504871983,0,NaN
1.54500650942998e-05,0.306254531930345,0.35961665482007,0,NaN
7.95488323763447e-05,0.39496313562392,0.469965621760123,0,NaN
0.000418555888866717,0.416901578567921,0.223370777511873,0,NaN
2.58464153266501e-05,0.0133668210260306,0.143445869734446,0,NaN
0.000452089312666826,0.22400464292215,0.343374837035764,0,NaN
0.00621253883497995,0.101518269237946,0.190694551602425,0,NaN
0.00133610388603578,0.389015353184368,0.212469141008052,1,25.45
0.00464355780621072,0.498269412555835,0.336919234719697,1,13.72
0.000269113593794527,0.369194119025858,0.497319155988227,0,NaN
4.08874394515398e-05,0.388847314403802,0.198967049749389,0,NaN
0.000330892835211479,0.221836401801015,0.34796968989841,0,NaN
0.00131037074367989,0.355944148320221,0.458451430033654,1,78.36
0.00015740773565968,0.194026823876249,0.256196516850314,0,NaN
2.99785582277762e-05,0.284997373608259,0.238940589049284,0,NaN
0.000736258220003245,0.392857779501283,0.0408376137417643,1,78.75
0.00188873621251623,0.424694053662696,0.43234863644442,0,NaN
1.48743205012323e-05,0.498053140998554,0.370745681398896,0,NaN
2.1130128863569e-05,0.174153910877756,0.141796083325491,0,NaN
0.00915661535906725,0.420180814555177,0.383233930507673,0,NaN
0.00614013863625679,0.273420052681762,0.374649453250525,1,12.77
0.00399866404075156,0.170725842863336,0.175686192172412,0,NaN
0.000154211682260961,0.263545234197154,0.261024809931602,0,NaN
4.97038379689539e-05,0.281801041825501,0.289692677620883,0,NaN
0.000229712430963948,0.29092225761287,0.313521558043019,0,NaN
0.0078744691227544,0.391153959557135,0.369754637936511,1,25.6
0.00767263358023639,0.303850534664556,0.299726743813333,1,20.09
3.01996751323425e-05,0.125570115504026,0.387600376057213,0,NaN
5.47062788824276e-05,0.168880113028187,0.0966810412392672,0,NaN
0.00835091724813566,0.246671972022367,0.129690140767297,0,NaN
0.00260176841809937,0.0956712387601166,0.240490310893319,1,29.01
1.57592087817577e-05,0.435333682829803,0.0577009900740739,0,NaN
0.000204201545305571,0.440916604299012,0.180447728713929,0,NaN
2.49103715342701e-05,0.273370527377003,0.367265374224078,0,NaN
0.00402559533874471,0.0593073193066702,0.206508390080574,0,NaN
0.000680588739047142,0.473029996529681,0.461735536566474,0,NaN
0.00407856856827802,0.204441151883903,0.0844366680857225,0,NaN
0.000780320255094642,0.366825166023722,0.275858185512323,1,74.1
0.00713442071566465,0.434489497391065,0.463517000294674,0,NaN
2.89018158312324e-05,0.253350319748099,0.0433334194355842,0,NaN
0.00358319269863337,0.370245361101768,0.441051561958177,1,27.59
1.49990847384976e-05,0.0592353188903661,0.26610757192341,0,NaN
0.00010277354350974,0.416172798525476,0.365232041495905,0,NaN
0.000159814977240856,0.235052978441577,0.269086175431202,0,NaN
0.000130600776192502,0.193578230699669,0.101473819103476,0,NaN
0.00315579660539488,0.345763044157598,0.339445592140549,1,16.1
9.028272797708e-05,0.335906409058752,0.184328557235766,0,NaN
2.54275322203748e-05,0.470561247144172,0.317006062560012,0,NaN
7.12992369785273e-05,0.467270203548196,0.48689096374852,0,NaN
0.00208631653665332,0.0870040277185602,0.182306928887875,1,14.29
0.00902028296732912,0.196259922404259,0.377602738299871,0,NaN
7.52707664360319e-05,0.0592146561763136,0.174750516349239,0,NaN
6.31394299790698e-05,0.293819711752474,0.0353251385494233,0,NaN
0.000173319458034341,0.470483502908839,0.273428734006605,0,NaN
2.15085283764085e-05,0.471220281618958,0.382893518541313,0,NaN
0.00333895753110146,0.213235572398763,0.255818876448922,1,14.91
0.00117612834579369,0.264301420419958,0.156549359384986,1,15.61
0.000702343054533561,0.435316972778655,0.0229587271902344,0,NaN
1.30743096261883e-05,0.464817773088765,0.425155031341541,0,NaN
1.50381089834971e-05,0.0443626202952124,0.131646204394305,0,NaN
0.00802484545759856,0.405290954617985,0.028653507873766,0,NaN
1.24272153632717e-05,0.171464865876906,0.361095218599302,0,NaN
2.22052682462024e-05,0.418659470447636,0.265696044162394,0,NaN
2.45198943508688e-05,0.088063707737524,0.472782056348806,0,NaN
4.0939586492852e-05,0.446486682519561,0.363241070882596,0,NaN
3.38625824020041e-05,0.310117865793613,0.0422162637088446,0,NaN
0.00106239055501784,0.293973847420653,0.108897107318287,1,28.05
0.000197667264420028,0.285233829727454,0.184670592003698,0,NaN
0.00595701933197604,0.138850271283149,0.012853830090255,0,NaN
0.000394437390113412,0.443675815916198,0.0689639562100689,1,40.37
3.17523952526582e-05,0.473111675823936,0.250915021390787,0,NaN
0.00324518801524803,0.245136951973298,0.419889028284582,1,22.09
0.00487512630487699,0.243116283973986,0.391055392325187,0,NaN
3.73797716622397e-05,0.316943108824675,0.377297988922182,0,NaN
5.7409767799592e-05,0.223650482980358,0.343173772959587,0,NaN
0.000131645200146121,0.457069872725629,0.238298176608458,0,NaN
0.00224063378758136,0.455141698940975,0.0405274120678294,0,NaN
0.00329693046276594,0.0734353833821801,0.251103448669675,1,20.05
0.00652560495649533,0.187547984396286,0.271827379139628,1,18.56
3.64928986090994e-05,0.0284937425208243,0.38102693772966,0,NaN
0.00577909228646037,0.127141564896695,0.24804980728565,1,15.07
0.000783050513672175,0.30719179380835,0.0953103148155164,1,39.56
0.000689364124679803,0.0369656163673158,0.170170180623346,0,NaN
0.000494663627939297,0.134130656506383,0.0282389518161109,1,67.91
0.00604114239673544,0.232420846856963,0.436133103425266,1,8.35
0.00109847805702178,0.4028058542849,0.292366525988549,1,59.58
3.51969332749303e-05,0.450199613997551,0.233604130677326,0,NaN
5.34129565188184e-05,0.0135135604329639,0.403730594779339,0,NaN
0.003549281347074,0.110464449882549,0.250936972103688,1,10.34
0.00319096354379882,0.486659017160401,0.273073756180529,1,18.8
0.00255834920156364,0.219978767983422,0.153229726938212,1,35.28
5.57294484539144e-05,0.103491677464681,0.275168819389496,0,NaN
0.00026239634151925,0.395028960642658,0.241854556900916,0,NaN
0.000717652464035941,0.475893265309358,0.370071565807171,0,NaN
0.000180269893508278,0.443683499297968,0.261875634968513,0,NaN
2.9444390669874e-05,0.495234933257179,0.300526148742952,0,NaN
0.00151034659881819,0.0423496176716001,0.193886465649507,0,NaN
0.00181123690255139,0.0127705714299985,0.331519027935867,0,NaN
0.00103766194155104,0.253722034515679,0.162793699886177,1,20.81
0.000523282652161903,0.466054371937315,0.323069642282873,0,NaN
0.000164548823432891,0.0516797873747447,0.481012811868655,0,NaN
5.46986829027451e-05,0.497545885917954,0.420567166981039,0,NaN
0.00245148182788492,0.397982552182378,0.0257332489089995,0,NaN
0.00244340181329007,0.229250903526963,0.420382810874671,0,NaN
1.51023400811824e-05,0.432713487531438,0.135344221252762,0,NaN
2.41805459787172e-05,0.122475109539353,0.0262084158862898,0,NaN
0.000184488734324064,0.42743282699624,0.148288713197197,0,NaN
0.00217893131573894,0.153251708009126,0.483732468386464,1,48.67
0.0053666234131241,0.103248824180386,0.0585979912793655,0,NaN
4.95808927220445e-05,0.0698008210812703,0.183295022728524,0,NaN
1.10050987944001e-05,0.158356717069864,0.388989785832736,0,NaN
0.00788534148072177,0.42076979659576,0.0212127356146963,0,NaN
0.00890691410485208,0.368511028249886,0.281083002591771,1,33.89
0.00455086293853271,0.174946474373198,0.491343588364907,1,13.06
0.00198047921335056,0.436851088605633,0.298525809931054,0,NaN
0.000100292354976612,0.322002562136407,0.452748031747393,0,NaN
0.00759143884632283,0.384365552476989,0.208348007298223,1,53.35
0.000569997861645455,0.112146819240113,0.0475905288040283,1,76.72
3.35593027192422e-05,0.0280841739431609,0.449291976794113,0,NaN
0.000398705927117244,0.243627457590494,0.373921369230124,0,NaN
0.00173158471176403,0.129087480817689,0.318130912048514,1,51.07
1.73737121328993e-05,0.484700438213773,0.0114041696536183,0,NaN
0.000555703406315119,0.307430032679786,0.0709725865931265,1,25.19
3.53354556729058e-05,0.188215127165655,0.0536376988598009,0,NaN
0.000229297558657632,0.371721695005584,0.0125708861994095,1,68.87
0.00107668552275438,0.0222850485671717,0.33933706406758,1,62.51
4.94584527220032e-05,0.271144989281341,0.0354446650756763,0,NaN
0.00608431237465927,0.494181049027605,0.425564443423837,0,NaN
0.00210976092440839,0.194737249902341,0.0226122863686059,0,NaN
2.16007798080786e-05,0.347794284336407,0.113901176506301,0,NaN
4.88060221919964e-05,0.432761534831366,0.0716784885236237,0,NaN
0.000138615353542955,0.145472144666483,0.162506500401203,0,NaN
0.00090454066464817,0.474103196069647,0.397225869772117,0,NaN
2.48660894042405e-05,0.262759652948798,0.270592893167994,0,NaN
8.04044666398819e-05,0.348943497931872,0.350681598640355,0,NaN
0.000125001114142158,0.493565471037217,0.309965696553646,0,NaN
3.40475707747986e-05,0.356069182365408,0.385626970062797,0,NaN
6.35629827312527e-05,0.369561206719373,0.43859041059282,0,NaN
5.66358259132848e-05,0.440979275530294,0.0363380660994547,0,NaN
1.431290617563e-05,0.0744782165573928,0.157430632916318,0,NaN
1.86401651198076e-05,0.106417792632015,0.110271860836089,0,NaN
0.00671218690922617,0.329161537974751,0.301904812858752,1,24.11
4.46743150675754e-05,0.194643319090684,0.014307138636911,0,NaN
1.0261086552265e-05,0.0786689121503462,0.0533214617825301,0,NaN
7.73155947593462e-05,0.358562654736656,0.227313648147202,0,NaN
7.96662496826484e-05,0.046113643903919,0.398174202217755,0,NaN
8.48471605065989e-05,0.432558401327445,0.0844119993342051,0,NaN
0.00337324722855344,0.399303940558801,0.0397761655718595,0,NaN
7.94337020574048e-05,0.0679942424570592,0.0717224719323249,0,NaN
0.00124879233576353,0.424875030673575,0.391469196054836,0,NaN
1.50960294457475e-05,0.279101926200994,0.301563747783499,0,NaN
0.000418935771371047,0.0460558915712356,0.177974561224712,1,72.71
0.000541327578556788,0.334126231467249,0.331299613903872,0,NaN
2.34859518191066e-05,0.265605617610247,0.240596115993189,0,NaN
0.00195330694378245,0.385653393920244,0.0335286030328316,0,NaN
0.00172202385253745,0.0337824313893077,0.153718875661968,0,NaN
0.00480011158251244,0.0811545013660991,0.180021876557966,0,NaN
0.000420947874323952,0.24399191141645,0.463740103512893,0,NaN
2.94391720520179e-05,0.0980264111854442,0.145322881302028,0,NaN
2.26502762039172e-05,0.319216035142287,0.36833844336482,0,NaN
0.00419110182426499,0.451839358700945,0.0488113944501577,0,NaN
3.80950211058877e-05,0.360437253750323,0.480343392908624,0,NaN
0.006263914581598,0.480919141311094,0.482968255467107,0,NaN
0.0012897586233179,0.327397374822375,0.209671328348712,1,20.73
0.00114162469345726,0.0596787381999847,0.41087504221047,1,57.66
0.00414147677928986,0.197308805421952,0.228533284786954,0,NaN
0.000725318589200093,0.399962885193641,0.348800683874431,0,NaN
3.30321820698263e-05,0.0327838723781586,0.130384629042561,0,NaN
5.64596469675631e-05,0.308373020896601,0.30819381100021,0,NaN
0.00506378553273351,0.0705020095178039,0.325362499628035,1,13.38
0.000114247114328098,0.445183499901547,0.0472231069545686,0,NaN
0.0014846623602495,0.426282094717828,0.427372720845832,0,NaN
3.90441357075947e-05,0.0429334822402972,0.152128078996706,0,NaN
0.000378510414535719,0.13616412163318,0.116010635986001,1,48.25
2.58694997979236e-05,0.0474801171299286,0.443694126996995,0,NaN
0.00648828542459245,0.446111562342525,0.254180534576305,1,34.11
0.0004515976467163,0.391376564617506,0.329719343371753,0,NaN
2.92203457543048e-05,0.274901440241712,0.144089342767058,0,NaN
0.0043961402832191,0.223543818965569,0.187896303136528,0,NaN
1.23831671041293e-05,0.298877897304058,0.209322906095648,0,NaN
0.00839537118246157,0.443870739866592,0.121107343403095,0,NaN
0.00467155735605534,0.109781241434136,0.104046149267647,0,NaN
0.000178036642479875,0.207911620585268,0.363673693578287,0,NaN
0.00344433384823292,0.217616625954611,0.0447793288920187,0,NaN
2.72175190342996e-05,0.352858442419821,0.144052707024925,0,NaN
0.000253102190458572,0.491770779202922,0.407299697877496,0,NaN
3.9571875191314e-05,0.0613405984668162,0.0239126978444437,0,NaN
1.81313284024187e-05,0.111254462084195,0.0362259824788436,0,NaN
3.62303476750786e-05,0.0242253436195651,0.075078088795852,0,NaN
4.78918398436718e-05,0.475762817980806,0.480111654604714,0,NaN
0.000779848175155815,0.439054870442088,0.47996011696868,0,NaN
0.00110937451727775,0.109117746398308,0.374352590687655,1,64.24
0.000577784778274448,0.238485688806718,0.167963141866985,0,NaN
1.55578920690029e-05,0.0280014301935425,0.0370173535150716,0,NaN
0.00738901663025203,0.0507465632869236,0.233079654275118,0,NaN
0.00104579006498894,0.499241961615265,0.485256196810894,0,NaN
0.00708726294775038,0.0324212968007173,0.257798119017052,0,NaN
0.00104159913781044,0.304982004294358,0.115127755796738,1,32.85
1.7924914855714e-05,0.18423454901503,0.0847651909211617,0,NaN
1.65953036564575e-05,0.190062272534179,0.0722535628992793,0,NaN
0.00245066200031224,0.385928044234053,0.248660153731443,1,13.69
0.00384815291725954,0.405490024203984,0.377653429555851,1,17.38
1.53443668547253e-05,0.475431648998707,0.375460375098479,0,NaN
0.00208918368084392,0.0635201182151823,0.488601866850271,0,NaN
0.000176293258520702,0.369647328710111,0.409605015834483,0,NaN
8.79727435240052e-05,0.383710987453707,0.313280564215274,0,NaN
2.76094593715233e-05,0.1304099796294,0.258661987933053,0,NaN
0.0035664962076074,0.0458832899829326,0.108766428442276,0,NaN
0.00179131157490326,0.48282772563046,0.404666519700586,0,NaN
4.41126368440132e-05,0.212308221167115,0.143977015340592,0,NaN
4.00124013357855e-05,0.223032714697635,0.284283414670923,0,NaN
0.000732152411586166,0.0401004798149862,0.49460229108494,0,NaN
9.32496717447938e-05,0.0292807471980495,0.228283136667825,0,NaN
0.00541222976946085,0.182546513784997,0.205901319663114,1,18.19
0.000954943851161223,0.448119267626929,0.346880138933168,0,NaN
0.00553006422356657,0.165804629260514,0.0146773107568323,0,NaN
0.00105121672592526,0.479320702901709,0.433856887590346,0,NaN
9.87937573140861e-05,0.171671958707593,0.0530862741908017,0,NaN
0.00304839741328282,0.0785586588343751,0.150766777491328,0,NaN
0.000515766409338946,0.392041472017394,0.439936003992814,0,NaN
2.25118410750039e-05,0.172741930789187,0.469461463458464,0,NaN
0.00089584246288368,0.0661427468405808,0.279259607351093,1,54.22
0.00206230686433845,0.0896860116578972,0.388775723009748,0,NaN
0.000307071673916865,0.301224026440553,0.138935652687817,0,NaN
0.0026980503048671,0.172029921555092,0.0174146681064663,0,NaN
0.0011926834506102,0.206076825194931,0.411482513851058,0,NaN
0.00389776749636806,0.334025956488794,0.0165953779496914,0,NaN
0.000359669510159068,0.0987765533500912,0.274458868725291,0,NaN
9.61109720161788e-05,0.135206542148567,0.458409913894537,0,NaN
0.000844409254601562,0.0783739626324053,0.291625868334961,1,53.36
0.00010155987454805,0.186736279537491,0.362595390340455,0,NaN
1.87851628686769e-05,0.217966466186422,0.31467978955018,0,NaN
0.000455617571966885,0.0534990773533673,0.342204728028786,0,NaN
0.000659936899835255,0.291233458744486,0.143115120808661,0,NaN
0.000241282544766097,0.492763220502932,0.0188585564708033,1,74.96
6.40340774563951e-05,0.348392655641984,0.49641931221209,0,NaN
0.000290468889669253,0.133240331578701,0.273710225321181,0,NaN
0.000776073579833953,0.177624102680184,0.421128979525944,0,NaN
1.22324364247079e-05,0.496625288731158,0.366027889754692,0,NaN
0.000472998329323245,0.195293833045754,0.134993364818966,0,NaN
0.00376154904978938,0.214401855176808,0.253452295896105,1,15.42
2.43670212105538e-05,0.0386111652475047,0.247694535419106,0,NaN
0.00112237025276012,0.0702969017462151,0.361887271389424,1,38.89
0.000513613617621751,0.270343224565194,0.109648833959856,1,37.06
0.00588910937641145,0.222724194428933,0.392881262083976,1,10.15
0.00569818705125534,0.336381135293227,0.477778664293624,1,13.43
0.00592747279034078,0.402191829488225,0.450175523116114,1,15.68
0.00892589979242814,0.10801544076767,0.0113521055075925,0,NaN
0.00136223513793254,0.399223270178679,0.280308396887853,1,47.1
1.01276568608889e-05,0.307125828198517,0.130937941243067,0,NaN
2.36332485166339e-05,0.494886248415518,0.0444237145005145,0,NaN
1.72312996690569e-05,0.127780625303737,0.262800996383329,0,NaN
0.00202327445576669,0.342933562787064,0.42140528981917,1,53.17
5.40941373058636e-05,0.276078413196115,0.167838654271946,0,NaN
0.000311614139241548,0.475966824259524,0.175807273132984,0,NaN
6.00694932258921e-05,0.238186343896221,0.447436693098404,0,NaN
7.85165832729563e-05,0.032641036252821,0.342315769436106,0,NaN
0.0030400178484671,0.344324353798496,0.392191257507169,1,26.03
0.000173333918420788,0.320768709918961,0.366084532508399,0,NaN
0.000866951127570891,0.236596078275356,0.335383309460551,1,81.79
7.75639356321207e-05,0.424877629842712,0.0971913307139765,0,NaN
9.11595738473784e-05,0.400086701199831,0.203897687221237,0,NaN
0.000604544156987687,0.0171435139595141,0.430996630367852,0,NaN
0.00847146766698778,0.0614022934644138,0.203156126876294,0,NaN
0.000220630988796947,0.282080705517369,0.487963620564869,0,NaN
1.65294256762803e-05,0.056881956284789,0.180387591657133,0,NaN
2.7378176999109e-05,0.147774758080904,0.0492665522333643,0,NaN
0.00105588404946735,0.239790990500989,0.140004025831265,1,27.62
0.00037010212422812,0.298693167341739,0.182038082872272,0,NaN
2.44775608421902e-05,0.206823022712624,0.257294907108687,0,NaN
0.000386938166813279,0.0539319960406933,0.161244427389466,1,58.69
0.000826791408574559,0.36334112142865,0.371562587879165,1,93.53
1.74963109552437e-05,0.166109414599666,0.0595398564316675,0,NaN
6.17844214977631e-05,0.252504801440208,0.200175382454991,0,NaN
7.53194440896334e-05,0.0377984089645653,0.396471097299746,0,NaN
8.76708843316108e-05,0.124404476680399,0.118062295916327,0,NaN
0.000384547088871802,0.426740574497111,0.423513350496719,0,NaN
2.03174825779485e-05,0.165544387434992,0.40705871818937,0,NaN
0.000264663101666845,0.199410074026435,0.389577444582705,0,NaN
0.002011290281844,0.499578629923969,0.148696181261133,1,31.81
0.00397969883675825,0.374043030082077,0.0635535919854578,0,NaN
4.28000686126014e-05,0.333529008849075,0.319858816022468,0,NaN
0.00109565535888931,0.234068536658621,0.0639140156482587,1,63.95
0.00721628331569962,0.126599872334594,0.444836180536898,1,12.31
2.02970301944323e-05,0.0590258477931032,0.119692439588168,0,NaN
0.00177437595525935,0.136756221875865,0.0266124832107464,0,NaN
0.00180894539285611,0.285081459857628,0.484658179555991,0,NaN
0.00114196778057551,0.139127256914931,0.0528674397570908,1,23.45
0.00129090140347515,0.163768677132601,0.248643925938309,0,NaN
0.000528845783372361,0.485869106355045,0.291442368339323,0,NaN
0.00017438553445982,0.0766480098347969,0.0271171676061004,0,NaN
0.00199087985866105,0.492939488271406,0.130988540208271,1,41.05
0.000426731139167055,0.451257062579194,0.336791056545789,0,NaN
0.00469872238349078,0.480298462924928,0.368799134998478,1,18.26
6.95590223734077e-05,0.272256660473108,0.177776361825284,0,NaN
0.000170454315063824,0.218152119889653,0.361813506262676,0,NaN
1.34387359049334e-05,0.489516983515291,0.145228773576897,0,NaN
3.22066626283614e-05,0.192255784238642,0.0829482283385938,0,NaN
0.000589295372809924,0.427218113711682,0.0316152873454309,1,63.77
2.09321062950913e-05,0.366938046927024,0.0997099358125302,0,NaN
0.00457412189635267,0.192259934458159,0.100042678298494,0,NaN
0.00293646256052681,0.0909847852169022,0.229653594427593,1,10.89
0.000359486431752121,0.331641523595091,0.278475528767109,0,NaN
0.00984263806619863,0.324594670018291,0.100293585225482,0,NaN
0.00149925304590086,0.384446239619414,0.340548852927634,1,51.7
0.00842944294600063,0.179619975226391,0.422505468590616,1,14.46
0.000245464237018286,0.305063510974032,0.101603008615843,1,66.71
0.00112037346282569,0.381623152195398,0.24507643073731,0,NaN
0.00995912959818182,0.0788059148529184,0.245539281012517,0,NaN
4.334860177301e-05,0.47483038361369,0.447501615511345,0,NaN
0.000305156860493169,0.317159653165119,0.264195882630741,0,NaN
0.00131290867387293,0.0925373265340491,0.335789347253212,0,NaN
3.95298992758042e-05,0.021009952587462,0.283483860476217,0,NaN
5.86381476271775e-05,0.122190557624067,0.263893339889121,0,NaN
0.00341647063129312,0.450402151397901,0.480012983212035,0,NaN
0.00020207216084605,0.36904132984671,0.344461061069196,0,NaN
0.00159945281319413,0.343355131319076,0.256933072334321,0,NaN
0.000240640323958085,0.497401745222019,0.0987648044039777,0,NaN
7.7574137897183e-05,0.407987660594072,0.390418197564099,0,NaN
0.000270624756381969,0.330683477802586,0.307889561599172,0,NaN
0.000241575540812398,0.434508660824509,0.245329240751818,0,NaN
0.00145771892087803,0.292220533435007,0.0806552873438559,1,81.09
0.000184411957159727,0.352335395491798,0.103396081469892,0,NaN
0.000276538749938292,0.408742782815866,0.170944002206492,0,NaN
0.000103343641994665,0.165555019987847,0.164143336859797,0,NaN
0.000445736884750525,0.417721232035679,0.43836509686803,0,NaN
0.00354119897662716,0.132854575615514,0.190404443491728,0,NaN
1.72908164425486e-05,0.473042566179788,0.0175055323905089,0,NaN
0.00375212432544049,0.112618500051992,0.419764985434462,0,NaN
0.000492408705510201,0.484129092855039,0.169296966419566,1,78.03
1.64174612572366e-05,0.165186569203928,0.355426419684597,0,NaN
6.56275733550512e-05,0.104358169868411,0.0866718056991815,0,NaN
0.000691550491795887,0.044770487253903,0.0209991148946856,0,NaN
1.14286450098196e-05,0.0961032530933434,0.407435678437831,0,NaN
0.00012485731415258,0.376626895376942,0.392026468946277,0,NaN
0.000184981140491085,0.438049255310231,0.370081270016115,0,NaN
0.000266690554115018,0.0661335327514544,0.395510295917317,0,NaN
0.000938947265496733,0.45440004932091,0.225395096904539,0,NaN
1.03556439967287e-05,0.181066950567895,0.155940760047243,0,NaN
2.80336190138582e-05,0.370195200520787,0.0442499813297864,0,NaN
0.00142392893051998,0.169089558941931,0.236981820337863,1,19.66
0.00283483762061215,0.475639033449656,0.254040096212176,0,NaN
0.00148070395992952,0.397896191129677,0.0167048448241596,0,NaN
0.000212659494184972,0.379860326427151,0.356180657357058,0,NaN
3.09857587304618e-05,0.40992477573965,0.255519643023297,0,NaN
9.75840452786371e-05,0.151918859431587,0.183553109930091,0,NaN
1.80259597986565e-05,0.146595789084966,0.43490585451023,0,NaN
2.73001149247562e-05,0.316286856141613,0.387388393347813,0,NaN
0.000216753173072407,0.284133728505946,0.461839896789297,0,NaN
0.000146278310624759,0.0537478906546865,0.384253902358425,0,NaN
1.08292524811243e-05,0.143530590092038,0.156631183897859,0,NaN
0.000227955253395659,0.0790113940436433,0.194149377032904,0,NaN
2.8014199498582e-05,0.172862849407491,0.11532842842472,0,NaN
0.00270830604407198,0.330301189460675,0.39778845780941,0,NaN
0.000278529595104418,0.265123360715553,0.280386675344954,0,NaN
3.62595289434311e-05,0.433812948821072,0.130908678291353,0,NaN
0.00113613052973034,0.423721176375388,0.357414947816116,0,NaN
4.67296567970612e-05,0.168552750297057,0.377280499259778,0,NaN
5.77782422579851e-05,0.408073183933788,0.106591843806237,0,NaN
0.000268013427779241,0.300915929371264,0.483831261825657,0,NaN
0.0012125995483079,0.312613425299064,0.193284215333192,1,22.05
0.000700079010850455,0.380760771884372,0.258442404280146,0,NaN
2.61649100814917e-05,0.257070126222283,0.240355812578281,0,NaN
9.01964968338426e-05,0.0306584809387195,0.0547310212678632,0,NaN
0.000399866199901069,0.380329974954561,0.145299719122355,1,57.63
0.000770433047146356,0.128075004091319,0.329531692886017,1,68.46
0.00135622064377822,0.172600124594977,0.125777379355238,1,25.75
0.000425205914547114,0.221733916587259,0.401408307351279,0,NaN
0.00677729345819862,0.451738415896705,0.145377975511798,0,NaN
0.00369931130757734,0.0159383693512631,0.0786072695218937,0,NaN
0.00101580637405266,0.352540540393662,0.0784949803715834,1,72.87
0.000851544572019586,0.443717750517539,0.356410859569751,0,NaN
0.000152845179455028,0.370452155352628,0.384258265175777,0,NaN
5.4034259132763e-05,0.20385118000218,0.419437020205806,0,NaN
0.00184598583373473,0.166176007860716,0.385949927725983,0,NaN
0.000598948111822575,0.0329841908552613,0.432867409110073,0,NaN
0.00277795935847671,0.425019930581383,0.04542225892252,0,NaN
3.43282236316971e-05,0.402168937442722,0.40723061018768,0,NaN
0.00155423091944404,0.495130646363396,0.197922228545152,1,25.78
0.000133560505496041,0.272093640005118,0.19857372341639,0,NaN
0.00184915696036813,0.179486643209855,0.129439968228525,0,NaN
0.000177855890885504,0.0459730432916436,0.280868852228127,0,NaN
7.20124959080318e-05,0.254659540644945,0.30542770583482,0,NaN
0.000148767099715483,0.244313722102982,0.294669650788336,0,NaN
1.11986429609858e-05,0.152818155238371,0.482178566128929,0,NaN
0.00393163546099407,0.391630018130303,0.158331083644477,1,50.42
0.00422004540568235,0.226722828673895,0.275878530039434,0,NaN
0.00236336668450493,0.297380340771387,0.442671000045867,1,47.95
9.69258792546523e-05,0.323362990315527,0.172261499305445,0,NaN
1.04837298572283e-05,0.19087808874925,0.307148071562636,0,NaN
0.00152645894468787,0.363029648647446,0.458519215702132,1,85.37
6.62899403770702e-05,0.247514522305191,0.211701920802337,0,NaN
0.000451569158191602,0.234285035934294,0.215547089652655,0,NaN
0.00129627741141023,0.238232094887221,0.389525889295564,1,75.15
0.00644189782540159,0.232822411457316,0.120618504424906,0,NaN
0.000152884652198875,0.419832999298772,0.30131970455023,0,NaN
1.4591761849155e-05,0.0184871855592435,0.372079671683775,0,NaN
4.554424694813e-05,0.22374997342886,0.0107315103068701,0,NaN
1.2777216527668e-05,0.385879895772122,0.12793739437784,0,NaN
6.80520230801568e-05,0.0886056767297593,0.18774902400123,0,NaN
0.000277014596809903,0.0682546145646531,0.0253332356393707,0,NaN
2.88083484535263e-05,0.21199215723577,0.207883550221382,0,NaN
0.00120358176449013,0.0554939005363841,0.172970286852291,1,20.86
0.00557395087272663,0.18888477385598,0.177413560872661,0,NaN
0.00160189795266943,0.483443698231148,0.235909332624078,1,30.86
0.0074434371260567,0.289579256997047,0.168547380025158,0,NaN
0.00143687587858122,0.145592014317975,0.0813758963354124,1,60.68
0.00254080728851064,0.0888295188119008,0.219195839810793,1,11.8
8.44066098632268e-05,0.152177859421643,0.346043069586881,0,NaN
0.000216543760204832,0.352402121901972,0.0785607197246869,0,NaN
0.000133614579988955,0.260886791923302,0.132096914872147,0,NaN
8.06442573598653e-05,0.0287922575153117,0.140185701172693,0,NaN
1.67435101269235e-05,0.360635374945449,0.272396416277023,0,NaN
0.0069819481963824,0.17355263721596,0.422572578166915,1,5.56
0.00253545977379586,0.374608876627158,0.175010353566073,1,21.44
3.43117842534543e-05,0.0801884443784836,0.411854892898855,0,NaN
0.000315180815357741,0.222964742161416,0.441200126428688,0,NaN
0.0088189546722268,0.227538167381795,0.355239886687969,1,21.07
0.00325460258597241,0.137461222151999,0.497687118429608,1,34.75
0.000837029827403208,0.488094592466312,0.442953639021494,0,NaN
2.95595659612447e-05,0.306959142926633,0.430102402808909,0,NaN
0.00462817258528015,0.20270114221444,0.147546235692746,0,NaN
7.73059499338447e-05,0.0997263962965399,0.427015671502874,0,NaN
0.0058562137620758,0.198736311858421,0.429694544666517,1,5.83
0.00169543504426198,0.170364593597129,0.24254926380182,0,NaN
0.000213739201557126,0.451892822450364,0.363253167039935,0,NaN
0.000493069918933088,0.0103506186755885,0.277805292026452,0,NaN
0.0017601018667642,0.257432802629505,0.43560064391321,1,63.36
0.00780535754316669,0.126178767302737,0.175389485514203,0,NaN
0.00171044033014638,0.455236495057277,0.0664411565913348,0,NaN
5.61346499717083e-05,0.492603879854598,0.111990710383258,0,NaN
0.00135855046621238,0.361084350172328,0.291354078387504,1,41.39
0.000625339820107259,0.464860861794368,0.447535824800364,0,NaN
0.000651615753520875,0.409732728779516,0.0791894070503567,1,45.47
0.000142685065812137,0.0148129567554784,0.104766842386693,0,NaN
0.00153789754050706,0.465839974084656,0.305158678892835,0,NaN
0.00604796965705924,0.109807673831768,0.269837729525593,1,26.66
0.00155674612391551,0.214018284222996,0.141645088664977,1,22.08
0.00343116929123733,0.197378939685185,0.116408138041234,0,NaN
1.32289549372221e-05,0.0636975633273209,0.457654449491941,0,NaN
4.24854461598544e-05,0.446581478109614,0.247141528443133,0,NaN
0.00201009516859606,0.0134236269547056,0.0952041595585705,0,NaN
0.00295428859963046,0.153963156543097,0.437892696708042,0,NaN
0.000158396448407757,0.258966311422838,0.376764308789713,0,NaN
0.000121354295405745,0.0306874544108417,0.087200989859395,0,NaN
4.05021076292066e-05,0.446092040255093,0.0388581811198588,0,NaN
0.00212407376267562,0.224125214088866,0.0535180844875428,0,NaN
0.00288863807728736,0.311755972215138,0.401121321677552,1,23.22
0.00261069973873116,0.0397332100073425,0.0544679054592373,0,NaN
1.54141407483962e-05,0.101560793178703,0.417905681215332,0,NaN
5.99447483536132e-05,0.124431126207672,0.117656113041181,0,NaN
0.000796031168247718,0.461842702511286,0.331231978793373,0,NaN
0.000147924549669553,0.232453923752505,0.421077454417772,0,NaN
0.000103808745315369,0.412903312155987,0.43379865669742,0,NaN
0.00683512318077899,0.0553592762344074,0.33894189579066,0,NaN
0.00125666998834349,0.12838711642575,0.181985802087883,1,13.78
0.00312813323742503,0.171682025977388,0.0560930562274015,0,NaN
0.00766196462274626,0.306887394852988,0.292791399366261,1,30.24
0.004931781158873,0.451984638253971,0.105640250426062,0,NaN
2.78047003859926e-05,0.331771251808546,0.272415472114328,0,NaN
0.00430433935114447,0.224979168125937,0.303590824040847,0,NaN
0.00312506705468367,0.430054689954035,0.226387012159927,1,20.22
6.29217549382992e-05,0.37810621136034,0.196360049810055,0,NaN
0.0086316551717298,0.227129060231327,0.228774529896363,0,NaN
1.17989713412707e-05,0.474799700810639,0.0386900616260574,0,NaN
0.00668771391054284,0.189353888082334,0.426531449726247,1,13.54
1.38898517180649e-05,0.47424990629261,0.11920170134635,0,NaN
0.00129730527562612,0.339986038069546,0.074608944929668,1,67.1
5.84766693728713e-05,0.481673516477235,0.0529087713231216,0,NaN
0.00220816501369284,0.376509457639343,0.0283439939192338,0,NaN
2.44495394601949e-05,0.0530725792479235,0.181194132064005,0,NaN
2.20977264468829e-05,0.38736276877615,0.412440570893664,0,NaN
0.000960957385359888,0.015238725120664,0.143188456526273,0,NaN
2.40502646324707e-05,0.062570097421713,0.229027536481497,0,NaN
0.000474325086590881,0.0883660784891681,0.216640336086281,1,68.03
0.000167708855030704,0.176685579070583,0.0318992335782626,1,54.68
1.73465375740651e-05,0.0365675787190967,0.376768746236246,0,NaN
0.00249429487991564,0.352893034835756,0.122256222389984,1,84.98
0.00016570690328832,0.123205625186317,0.3573029665817,0,NaN
0.00123710243024514,0.060668025612551,0.392590993460348,1,61.7
1.32306514328036e-05,0.467404150155737,0.11030599239171,0,NaN
0.00346366105219772,0.292189393397214,0.228608176043233,0,NaN
0.00667658306204724,0.346920064766673,0.0730332551509223,0,NaN
0.000152860901271322,0.385258092666263,0.353562870206777,0,NaN
0.00320442548954925,0.311639078889674,0.0740616047781851,0,NaN
2.65390118775578e-05,0.387496951883292,0.115396179012947,0,NaN
0.000219359695516512,0.118733354302422,0.118756284028004,1,78.63
0.00160850262497147,0.297767343715534,0.436887302195654,1,70.91
0.000235662710974169,0.0756220129280803,0.0729659314210452,1,57.57
0.000675478752962744,0.123514853635971,0.112421432439505,1,21.23
0.00305619185434646,0.49498966128144,0.364192570618714,0,NaN
0.00942880669980692,0.393419781456637,0.326758575150091,1,19.67
7.28495387294519e-05,0.0814708970028326,0.36184855293107,0,NaN
0.000177775458901478,0.288631223400046,0.458520301184806,0,NaN
7.56124525287082e-05,0.19233360121566,0.249366523708363,0,NaN
0.00581996397260466,0.322911957973132,0.253958701977996,1,24.1
0.00817854501291624,0.0336744797048482,0.400114534073978,0,NaN
0.00552008105678099,0.359898476813325,0.0580748933672799,0,NaN
3.70221898178322e-05,0.216332835513204,0.477873221820868,0,NaN
0.00136313294462318,0.0827303024501257,0.0494589117493015,0,NaN
0.000963907068830143,0.391301926836805,0.0450319642358323,1,85.93
2.41767935659824e-05,0.306150376887528,0.498195487294114,0,NaN
0.000572136111977851,0.0394824410986948,0.0508021054031301,0,NaN
4.44271425451808e-05,0.205587884531993,0.273478476695445,0,NaN
3.53576126447113e-05,0.187445250733757,0.275435625546923,0,NaN
0.00460099123019671,0.48252226625587,0.272971668952599,1,9.47
0.000348321473385522,0.0122525737662898,0.397714736008431,0,NaN
0.000110493402825095,0.328866194427861,0.435397856660646,0,NaN
0.00374517231094827,0.0165346265144721,0.147044398817477,0,NaN
0.00773348034310054,0.0398875765185756,0.424646730275535,1,6.9
0.0021845970899688,0.468197900389513,0.422652090339769,1,60.58
0.00315691826540757,0.297366630942081,0.216058717128981,1,29.46
3.09850404676556e-05,0.266383441983078,0.280881499575382,0,NaN
1.03698114734035e-05,0.221933877175125,0.250029096493864,0,NaN
0.00352946959275234,0.0165930365819629,0.353404763546564,0,NaN
0.00770051648620749,0.495058832205802,0.222262613071964,1,41.5
0.00680672598096886,0.109189443243038,0.380424522695461,1,4.79
0.0013238365752616,0.476179801176175,0.239929764589424,1,51.36
4.38474273310622e-05,0.310754851293979,0.330189685034891,0,NaN
0.000785992920936074,0.44303876662159,0.485951874405592,0,NaN
0.00203534722544704,0.0133338286549147,0.174067766012753,0,NaN
0.000299600560139194,0.470733635725851,0.489509885710181,0,NaN
0.00173325402393336,0.0690419510625162,0.415406966342274,0,NaN
4.16306944693488e-05,0.296692890434257,0.291689091088621,0,NaN
1.34575447738763e-05,0.49461839718473,0.405130510783578,0,NaN
1.37009781210619e-05,0.259466870943533,0.295234484978028,0,NaN
0.0051038467180952,0.105163205819552,0.490854050695055,0,NaN
1.43273316882812e-05,0.464895327820998,0.450269883464829,0,NaN
1.10975504788864e-05,0.173849002441763,0.428601456229428,0,NaN
3.16209971902495e-05,0.0533667307062197,0.432382527158771,0,NaN
2.79497850869425e-05,0.278390417219046,0.486005338597567,0,NaN
0.000286199257014853,0.299544040049549,0.0116604764701151,1,51.32
1.40984800009098e-05,0.493391236846079,0.255760464959401,0,NaN
0.000708946380020677,0.090909739443741,0.233204795879289,1,63.73
0.000174733528246785,0.0193148495838752,0.0527406512286635,0,NaN
0.000133205325619521,0.127861214671625,0.423241975795198,0,NaN
0.000570198689300646,0.0905749613178792,0.0197761713424597,0,NaN
3.34287367501531e-05,0.156076578862842,0.272191452921535,0,NaN
4.88411285554639e-05,0.345351555639791,0.200198797378519,0,NaN
0.000147240900096157,0.149580085839067,0.0474358941010832,1,86.28
0.000709907001611593,0.189709328425702,0.326123372843041,0,NaN
0.00726340620548738,0.473038378760074,0.259880784530423,1,31.12
1.0990459208325e-05,0.397941491541972,0.252195222989403,0,NaN
0.000742965343642206,0.445109353866837,0.457477484895738,0,NaN
0.000110885810817743,0.187696023554279,0.336710354300833,0,NaN
0.00773440976258964,0.0296335632270922,0.277893620452455,0,NaN
0.00813820703689193,0.228364587630019,0.203913324099048,0,NaN
0.00597425858907372,0.0637306295878374,0.252533630593089,0,NaN
0.00183324335149681,0.166226177672058,0.495973410636521,1,69.29
0.000169766785262987,0.288525184378379,0.368854423773717,0,NaN
6.59745925143812e-05,0.429517868746889,0.198596955856134,0,NaN
1.99926487668722e-05,0.24066497455445,0.0811664313604886,0,NaN
0.00012260551533271,0.0480673616704857,0.138635302672504,0,NaN
0.00728815943869452,0.0220953443775579,0.162722536437987,0,NaN
4.3736340834224e-05,0.331300656536672,0.311945473561113,0,NaN
9.3131011809694e-05,0.44796245184152,0.0384741786697308,0,NaN
8.0841471731256e-05,0.377522226410266,0.241607145745743,0,NaN
3.76148741794007e-05,0.350939620827823,0.155050631495346,0,NaN
0.0082868128105195,0.337133113224951,0.378185999388384,1,22.59
0.00159628147288713,0.428765065374199,0.204561689297614,1,21.35
8.79882639095691e-05,0.201444152602417,0.496896748225729,0,NaN
9.61863214970988e-05,0.416766134184086,0.412737210584057,0,NaN
0.000119719934301226,0.0451943366789255,0.342566665244398,0,NaN
1.08662992591715e-05,0.408844778774175,0.444842991673292,0,NaN
0.00126035440177557,0.182382015478815,0.193154899651967,1,13.77
5.07957937308686e-05,0.10968224376769,0.0619660273895891,0,NaN
0.0018881446828134,0.272160373299328,0.329485621370836,1,35.37
0.00542226202905324,0.264066361523005,0.362937513211132,1,10.86
1.32405426117413e-05,0.0668996550330759,0.168840791383778,0,NaN
0.0049623673902282,0.296659791442923,0.444180464476372,1,12.88
3.9857737371434e-05,0.214193839759574,0.0218225883734565,0,NaN
0.000540659171628287,0.0477978195436309,0.215716996204594,0,NaN
0.000516604852016113,0.407463379236656,0.0471682575204042,1,61.14
0.00426258986430096,0.165631235888889,0.347407148410898,1,16.54
0.00205760168920128,0.176078425939068,0.39500085315157,0,NaN
4.24893612344636e-05,0.126594343069756,0.0700892162299737,0,NaN
0.0066577748943044,0.483609520579029,0.262271798872166,1,22.68
3.359769525785e-05,0.051161074512026,0.414011368870859,0,NaN
3.94370918393828e-05,0.475021986077203,0.328294422608417,0,NaN
4.81419587213714e-05,0.492340599440315,0.147305349145422,0,NaN
1.10453256558734e-05,0.221132008543454,0.284939207619598,0,NaN
0.000143694683866582,0.0383508487170549,0.167025944468281,0,NaN
0.00358732397128345,0.485416188016228,0.316982715236546,1,17.23
1.05156809014285e-05,0.122864381443675,0.492089851994338,0,NaN
1.70877195753109e-05,0.359808233460572,0.07257073622715,0,NaN
1.26484533909659e-05,0.309364021028348,0.405000162917261,0,NaN
1.28244970083812e-05,0.0788289233632996,0.0729041752585183,0,NaN
0.000155503976304145,0.446152443648273,0.303984482715658,0,NaN
0.00159407288139777,0.350399381515886,0.0296702924126258,0,NaN
0.000147600380292888,0.248437890591705,0.496843340015356,0,NaN
1.27780594954777e-05,0.254729713007117,0.0372589396078755,0,NaN
8.84823681879363e-05,0.0417607839051484,0.353085749220624,0,NaN
0.000173286392944424,0.0219377909694973,0.390454169670345,0,NaN
0.00437814474658933,0.192676477472285,0.421853281297475,1,9.86
1.94424874321292e-05,0.141540303037072,0.225988306702679,0,NaN
0.000757891063149211,0.214177417656718,0.461868359727003,0,NaN
0.00527131110134226,0.197035430677712,0.232347752064375,0,NaN
6.67494863753337e-05,0.191264959555618,0.425348860584557,0,NaN
0.00122157098502173,0.0715292002972989,0.323603931672843,1,73.75
2.65062007195867e-05,0.166828623734035,0.307331913088441,0,NaN
8.54406510458007e-05,0.448215077501185,0.0864094327666358,0,NaN
0.000103894501419709,0.428856570434885,0.446939750590819,0,NaN
1.53623562756696e-05,0.39704512352759,0.283992981068292,0,NaN
4.48865436829723e-05,0.479062355227139,0.043938625648749,0,NaN
0.00810139915152424,0.287798858738053,0.0826052395821419,0,NaN
0.000193033406297425,0.036350288098059,0.481045224307623,0,NaN
1.85516100740621e-05,0.467908086773454,0.486702605877222,0,NaN
1.71500383508075e-05,0.402618754002588,0.469974034230012,0,NaN
0.000414213602578078,0.116438926278904,0.0636510208234727,1,25.25
0.000483037366131567,0.0582667961022297,0.398677350044453,0,NaN
0.000243365289195074,0.113977101306024,0.297424362159549,0,NaN
0.00618854247059654,0.469344144407646,0.346682407913075,1,17.38
1.0624143271025e-05,0.225624706011741,0.383612839221283,0,NaN
0.00217363510740287,0.0931069586324596,0.261956345177575,1,13.46
6.5828662146806e-05,0.0845105714252485,0.453584159567528,0,NaN
5.15077167563676e-05,0.110266242932466,0.266605837288091,0,NaN
0.00139642106980165,0.199350294770999,0.393610023911883,0,NaN
0.00744156720049132,0.332990474051195,0.271127629195514,1,21.28
0.000154370795448713,0.155332854015763,0.216170564274681,0,NaN
9.06156418749469e-05,0.390300509248294,0.241686708613328,0,NaN
2.55264224690551e-05,0.449737182614288,0.380001230845318,0,NaN
3.13242217467077e-05,0.143515403021314,0.0344710890016397,0,NaN
0.000298965449117115,0.235792200525172,0.364448264458727,0,NaN
0.000902379818990116,0.484363624246743,0.201674670106874,1,41.79
0.000141727441797161,0.445273700618181,0.496137196947767,0,NaN
0.00674897250257954,0.311280631789422,0.426515055913394,1,7.89
0.000120507875144992,0.0253920887098224,0.0525450984955309,0,NaN
9.50360806846399e-05,0.371554342887362,0.437876544557833,0,NaN
0.00929938134721382,0.214544576868879,0.41651268950389,1,10.61
0.000747251889004963,0.312212415239172,0.209888226155425,1,52.99
0.000247554513287529,0.299515388119467,0.143697206412349,0,NaN
0.000411259568523864,0.456653885165601,0.180005005494179,0,NaN
0.00139263762285456,0.090080213552227,0.265899802542627,1,22.41
0.00218307490979106,0.423586974068528,0.451773156859099,1,49.55
0.000646745955183353,0.359207291340379,0.0116010874624342,0,NaN
4.00274512168868e-05,0.120523454475104,0.461593066387503,0,NaN
0.000355683826697183,0.115421403987674,0.234324305277059,0,NaN
0.0066438548368276,0.101900561443718,0.06136255450912,0,NaN
0.000429245604565983,0.404388874509964,0.0791393999681146,1,39.59
3.5693431193735e-05,0.234533104001043,0.138894725188722,0,NaN
0.000159697743602202,0.0841587769347665,0.353980423711449,0,NaN
1.14153150031492e-05,0.271124688219861,0.0901368785468168,0,NaN
0.000107161986300905,0.459584326241214,0.473477567046472,0,NaN
6.78360233249097e-05,0.2565341425728,0.0538995711631865,0,NaN
0.00609108732338322,0.0815001223220501,0.20245491890188,0,NaN
0.000944885956368684,0.160290471732853,0.241704679811693,0,NaN
0.00331929029714638,0.0215083390428247,0.211270214521366,0,NaN
0.00358387404758555,0.422408356835385,0.184771030476894,1,30.3
0.00974693035716523,0.205596396625456,0.132980848063417,0,NaN
6.66083993299098e-05,0.441100524065951,0.236969676485113,0,NaN
0.000158007829968844,0.121986648381455,0.274776805942841,0,NaN
0.000624306858302969,0.284392354290593,0.287192555543634,0,NaN
0.0024787400537137,0.176999685803683,0.407737955989981,1,37.78
0.000457887601446797,0.132744902099015,0.114593955438548,1,39.17
0.000159483185656762,0.418582880063597,0.0489935905940549,0,NaN
0.00629745315532468,0.12035379143419,0.124797919050777,0,NaN
0.000535928957586186,0.0677002363761578,0.357184214622235,0,NaN
6.28364331937568e-05,0.363750223317591,0.0236238979550908,0,NaN
1.95688790471622e-05,0.399917328205584,0.394265365299614,0,NaN
0.00212134542658429,0.0404754469202587,0.396712724299799,1,35.07
2.45106332115369e-05,0.369113783125064,0.479373069739106,0,NaN
0.00480671638800445,0.274127139372389,0.469275612313431,1,19.87
0.000198682583405117,0.115570479982843,0.343605312670217,0,NaN
0.00287423065640452,0.165494208280648,0.419863124174754,1,19.64
0.00029364914735735,0.0228284832648264,0.420303289845922,0,NaN
0.00151671991228201,0.0844112992880259,0.460581607138778,1,69.3
0.000972366465103473,0.251112783546007,0.15305740780966,1,16.92
5.87865850132102e-05,0.154349134703368,0.0890346562830931,0,NaN
0.000259358709450525,0.453588977076289,0.0890509202452484,0,NaN
0.00156137253865425,0.394767726583645,0.335448077023763,1,47.77
5.45726607147191e-05,0.357027260134521,0.212469247073155,0,NaN
0.000871196396623134,0.343236373264648,0.0251789002660302,0,NaN
0.00171718548099367,0.492410581077718,0.354288416944912,1,57.26
0.000294991869616737,0.0565018243547807,0.458387025129465,0,NaN
0.000284538017981137,0.0228723913167061,0.115241882864301,1,41.25
1.92525893389283e-05,0.43611374682809,0.209416884757672,0,NaN
0.00281299683655919,0.25532843665044,0.395825024148215,1,28.62
0.00261033464962701,0.172969030902315,0.297990765371058,1,8.76
6.0760938924468e-05,0.474130640372798,0.223571618835391,0,NaN
0.000387655640635202,0.496304511542491,0.36373878874574,0,NaN
0.000105840341797206,0.0749701577798262,0.375807690073436,0,NaN
3.25549675345194e-05,0.418480608134634,0.31319898462515,0,NaN
3.54604402734966e-05,0.0540573617425905,0.096766111266082,0,NaN
0.00113287406185416,0.384224475938859,0.261253577435607,1,54.49
0.000172663664971633,0.197974058266724,0.160469747115929,0,NaN
0.00715898594986992,0.459957209279977,0.412220613490012,0,NaN
0.00217893669569006,0.305330798317495,0.274888358435248,0,NaN
0.00122963595530259,0.410218675947831,0.35800110667599,0,NaN
0.000142854970022371,0.154635678293372,0.0720929855156189,0,NaN
2.72651380140442e-05,0.148409792250499,0.365599478565981,0,NaN
0.00455261211642977,0.407209838080621,0.450799533812387,1,16.78
5.32568328286066e-05,0.391518966782808,0.0488458328335685,0,NaN
2.36900706010292e-05,0.445686098247292,0.142021389018798,0,NaN
0.000375441790144097,0.0489735951134473,0.338352863750265,0,NaN
0.0059491377362531,0.148389931665001,0.26681934136769,1,21.4
0.000231818227712885,0.447251861802374,0.459154081799008,0,NaN
0.000120196105450777,0.135719646100816,0.125131252881507,0,NaN
2.90526635405066e-05,0.251139648660345,0.348481000010581,0,NaN
0.00342240571986095,0.206697931075289,0.302392145877286,1,8.71
8.08593584051195e-05,0.284543357490614,0.200253926944854,0,NaN
0.00243434887317936,0.184685416219799,0.257858743524313,1,9.91
2.46859601632604e-05,0.316929742172163,0.150262628565663,0,NaN
0.000212646654733454,0.262889518830388,0.351515168421322,0,NaN
0.00968474434276171,0.0205161973371698,0.290670596437053,0,NaN
0.000298345066771859,0.210591802636901,0.469714839470284,0,NaN
0.00149093231835862,0.181368762654316,0.468868091696798,0,NaN
0.00100283644686629,0.28815550508573,0.367317855206761,0,NaN
0.00086944525381218,0.245294512716715,0.479254585116238,0,NaN
0.00198281359548831,0.499021420231416,0.21471951568687,1,20.41
7.14070279593407e-05,0.0563092515040736,0.34589421088335,0,NaN
0.0013130277475951,0.485010523968406,0.39503295437785,0,NaN
0.00026012753339584,0.110150372848192,0.261736014507209,0,NaN
0.0079153310784817,0.300816411534127,0.0885828145497508,0,NaN
0.00305413632140665,0.296351402350933,0.349852412105349,1,17.24
0.000971907152028606,0.300870244947398,0.0926065741004988,0,NaN
6.99857169196715e-05,0.216183522245314,0.114449607431235,0,NaN
3.28197230550493e-05,0.183941210936966,0.302874682122364,0,NaN
1.53926335106911e-05,0.091585513888961,0.399162470609256,0,NaN
0.0087926514612986,0.0157710245593451,0.0942391733516811,0,NaN
1.03884126209682e-05,0.486968829507314,0.0700063383455264,0,NaN
0.000196960918500171,0.186511052726465,0.227737504059612,0,NaN
0.000178813556645971,0.34869003084573,0.228692515254585,0,NaN
0.00816148996866985,0.470611119019102,0.165015210806213,0,NaN
1.38725361664104e-05,0.325864441672683,0.41914760861773,0,NaN
5.35127418230896e-05,0.135654053892276,0.0620292847541404,0,NaN
0.000202985754635789,0.155199742914721,0.35725269116369,0,NaN
5.82474117183564e-05,0.412313618218658,0.414578795104605,0,NaN
0.00981727813906989,0.395109284335869,0.379364378140843,1,19.62
0.00814646011915863,0.18177132604248,0.406821048514286,1,11.19
1.13627764785426e-05,0.498268373352751,0.309768953419688,0,NaN
0.00357326894478975,0.48458968356095,0.213861856627733,0,NaN
0.000761561471680287,0.0542196487530706,0.250768933438563,1,65.95
1.31783724078099e-05,0.339589286709298,0.2014836834403,0,NaN
0.0016396928968586,0.138817476701204,0.0313890498680119,0,NaN
0.0025712654131144,0.394213820289617,0.0238616154450325,0,NaN
0.0032231953444318,0.469029023124779,0.444095289214745,0,NaN
0.00227690884762409,0.44171020090508,0.113202743830403,1,74.97
0.000127824346483135,0.497609304049896,0.0799766512205012,0,NaN
2.10028733309896e-05,0.312684106818381,0.0820412656470544,0,NaN
1.18997338677304e-05,0.402781982216478,0.0533398126891238,0,NaN
2.09569156592053e-05,0.463487304506024,0.467398825878884,0,NaN
2.504528408922e-05,0.0781831436420894,0.400397149608095,0,NaN
9.24985021854597e-05,0.478773972495194,0.471742486744999,0,NaN
1.39210265678171e-05,0.325889671385074,0.309518708513339,0,NaN
9.24498081172377e-05,0.462813245611242,0.213963863391121,0,NaN
0.0015457060967402,0.165653564620315,0.0244696878600793,0,NaN
0.0094907597467129,0.405907664552673,0.448723297579126,1,6.02
0.00331647021052488,0.0771228185493804,0.222168292127511,1,22.45
0.000119199251373239,0.192357161063445,0.0972477876131469,0,NaN
1.76922416452634e-05,0.106143995658163,0.229333651837991,0,NaN
2.98839101413365e-05,0.222053091383539,0.0200195313736898,0,NaN
0.00076119173041479,0.0987862528343596,0.181145420298409,1,30.01
2.89742980021531e-05,0.0601155948237833,0.481075721640381,0,NaN
0.000677954314423695,0.240182305721228,0.23742710144785,0,NaN
0.00222101413275955,0.467256636504647,0.135021379221632,1,38.11
1.54268678412265e-05,0.0818461278876327,0.4918224051028,0,NaN
2.2679176872823e-05,0.346349434608977,0.325854785075355,0,NaN
9.84504895846213e-05,0.073653878015891,0.276609426891571,0,NaN
0.00341857330248162,0.210644003847706,0.368503357083085,1,12.01
0.00143305468775671,0.221923500147811,0.116461933187143,1,37.46
0.000116550817104567,0.325979157995008,0.197791054359319,0,NaN
0.00690726685883,0.348742376722658,0.307718397162404,0,NaN
0.0036429004118676,0.310369520296184,0.355371242602976,1,12.46
0.0065338597979385,0.344757818897655,0.069766737575686,0,NaN
0.00110896149841963,0.31939699991257,0.11092355341959,1,31.81
0.00640347003751983,0.142726449663262,0.132239373718314,0,NaN
7.20036464314953e-05,0.289056796191969,0.337711346749084,0,NaN
0.000295357286114084,0.287149643723134,0.188747303518218,0,NaN
2.01610121892309e-05,0.473035180261963,0.425968781417631,0,NaN
0.000226141120496449,0.268380532286186,0.0604583934459688,1,52.18
0.00362647778699314,0.1857201846305,0.309518241027339,1,7.54
1.71260699666341e-05,0.323040899595362,0.164814867083843,0,NaN
0.000448221617234587,0.245755881824144,0.0327318689577383,1,71.84
0.000175670538681813,0.325847233102151,0.279304889148422,0,NaN
0.000182381959632476,0.378567624711699,0.248815516420975,0,NaN
0.000362839905393583,0.491706877674439,0.499087693038081,0,NaN
0.000359497175039194,0.121358130186247,0.338871488364908,0,NaN
0.000910840806572051,0.31509182792158,0.335008901753665,0,NaN
0.00026244754226666,0.037917687830281,0.21348749080852,0,NaN
0.000119509577206143,0.295763620933094,0.272333554187906,0,NaN
0.000478333610709261,0.1505188750281,0.250985684826626,0,NaN
0.00450596404849135,0.204002126974783,0.0828698216817562,0,NaN
0.000651824180641779,0.298301212296662,0.318554410955604,0,NaN
1.17951690551059e-05,0.212121551069232,0.100938803208139,0,NaN
0.000435680565301259,0.438682706035816,0.405031318259088,0,NaN
3.22959539257224e-05,0.40808308988085,0.0739932029167524,0,NaN
5.93027592492074e-05,0.318588780981706,0.416595038002828,0,NaN
2.97384245977402e-05,0.233202885074893,0.169835605735161,0,NaN
0.00010012982066913,0.347074405218554,0.119658287941521,0,NaN
0.000977967234692644,0.202194472547388,0.447649971629047,1,94.79
7.48924617830576e-05,0.128667619509382,0.454611272341246,0,NaN
0.00923911853713841,0.0256733658003633,0.44086540495255,0,NaN
0.000306276614655237,0.368318704362517,0.460787203341665,0,NaN
0.000343081925906722,0.0449934019216973,0.458988233898353,0,NaN
0.00203204994624456,0.479990522818943,0.331979021224572,1,40.62
0.000186020290185281,0.407513148940716,0.381755183557782,0,NaN
1.21624701166314e-05,0.0995549504661853,0.0159936280527903,0,NaN
0.00154787261211833,0.0607294705440055,0.167137539595015,1,24.01
0.000252733698782497,0.136830821567175,0.292769538329299,0,NaN
0.00242396387348194,0.490061974339094,0.21353811091184,1,26.62
1.07855688761791e-05,0.247506077257777,0.274099858699276,0,NaN
3.88189147247617e-05,0.348136227903162,0.263330293533812,0,NaN
0.000526684884163746,0.142746925526507,0.228292993705729,1,89.02
7.96989589213565e-05,0.0178281379041523,0.218452383841413,0,NaN
0.000273548774948974,0.38538972400129,0.456166602104069,0,NaN
0.000142874146017131,0.340325074307724,0.372540084497309,0,NaN
2.19866992388855e-05,0.30316191172823,0.173871417452062,0,NaN
0.000299566060858817,0.0969214648729081,0.204004627188054,0,NaN
0.0040784629467103,0.0848386145044625,0.465361171959069,1,11.73
0.000163671639796182,0.250318268744634,0.0303517696283803,1,70.06
0.000360001893822446,0.426255836209909,0.329859453935518,0,NaN
4.78085027533293e-05,0.464566105645075,0.0266700660619243,0,NaN
0.000410304796826843,0.133556056874282,0.454993882933945,0,NaN
2.22569747622162e-05,0.426284046707913,0.126818225753517,0,NaN
7.22555184236432e-05,0.14991589121764,0.0582228791633658,0,NaN
0.000298020601446232,0.139767546921695,0.177805459568726,0,NaN
1.09794885160104e-05,0.313144011652948,0.498049487948556,0,NaN
3.59369190948695e-05,0.439884645716298,0.0841184094595873,0,NaN
1.57098335199193e-05,0.0882162177943883,0.468998826895188,0,NaN
0.00561942583410724,0.0236584526345583,0.444803550899468,1,8.95
0.000806909233825998,0.308482267720994,0.463425524292593,0,NaN
0.000143749560564187,0.154851945133457,0.127644604795124,0,NaN
0.00201541377471307,0.190390317792564,0.0954101826767348,1,15.46
0.000201539652372686,0.453113567098925,0.450048896831359,0,NaN
0.000725043845003703,0.420778278874806,0.452828825904395,0,NaN
0.000105256319319278,0.48534261425948,0.270051522367326,0,NaN
0.00555430934758467,0.232198332154471,0.350167646779903,1,13.14
0.000210488289801966,0.249211128433804,0.401157132231186,0,NaN
0.00391459278409289,0.0240855045596797,0.185813634767306,0,NaN
6.14792091247175e-05,0.253095917425795,0.058237325541311,0,NaN
0.0001741931582878,0.302276426725714,0.240602431029854,0,NaN
0.00125879205231573,0.128757044174011,0.105874242879254,1,23.03
2.22284698442287e-05,0.180285825183981,0.443071712630715,0,NaN
1.70517993756739e-05,0.0921686071667929,0.442582238642183,0,NaN
1.51705421249018e-05,0.347163219609144,0.494394274180462,0,NaN
0.00735388578822675,0.159315605382256,0.0815423094573348,0,NaN
0.000713805462779373,0.377542184084977,0.196146178592618,0,NaN
0.0083519810517367,0.286873472140137,0.277074303818807,1,27.49
1.26909212772821e-05,0.0822501913416605,0.115032784381885,0,NaN
1.22671041011563e-05,0.394992714663123,0.308756524806292,0,NaN
0.000233994492419084,0.212843795729333,0.463041013088915,0,NaN
0.00206631392490235,0.39483790742195,0.420752932382355,1,43.84
7.77101313240301e-05,0.274782337662025,0.278046874681821,0,NaN
1.59227808756044e-05,0.0910136945094417,0.495811009816688,0,NaN
0.00789763783655256,0.0793376602280424,0.0345337376254876,0,NaN
0.000198789704502289,0.082519224166842,0.294802496539466,0,NaN
7.566062665621e-05,0.203240122813168,0.441688975483009,0,NaN
0.000854307170751796,0.452756269277795,0.363224843679487,0,NaN
0.000210492221117321,0.450331441928959,0.467545573896138,0,NaN
0.000105996340234048,0.477444643466593,0.0436336664769358,0,NaN
0.000165445619474633,0.306490566305349,0.0815912747773192,1,88.07
0.0017925041308423,0.172894269494517,0.051713073651442,0,NaN
1.33944380982657e-05,0.164159789035811,0.0893056528399657,0,NaN
2.79026561449765e-05,0.493900818202702,0.450356657424418,0,NaN
3.08520442763674e-05,0.42682280187018,0.354597406663211,0,NaN
0.000884036676589141,0.138568217303309,0.0299703874178765,0,NaN
5.8184251118587e-05,0.0439167488003528,0.4662063795749,0,NaN
0.00646067094395202,0.472780536383741,0.169905982948274,1,86.88
7.84278648620795e-05,0.328804982693368,0.320922969104753,0,NaN
0.00166280291681227,0.353637431560749,0.18340829276736,1,24.94
0.00265594648283231,0.381650952156712,0.274950040581811,1,14.71
0.000310462515285861,0.384517720106215,0.155637311653978,0,NaN
2.11793571865237e-05,0.104869214547734,0.0434758801758635,0,NaN
0.000875180266121384,0.133420673631787,0.324577501584172,0,NaN
0.00158649644307939,0.13190977634301,0.359420110578716,0,NaN
0.000716253110116732,0.103870454615358,0.388521096539786,0,NaN
9.19820876887708e-05,0.183605672479572,0.408977797774218,0,NaN
0.000387026158922823,0.0554450604911544,0.020307947423582,0,NaN
6.49623218913905e-05,0.364547837669519,0.234427516948375,0,NaN
8.33697275446029e-05,0.28211160986496,0.301446836412303,0,NaN
0.000634715844330705,0.312416063657434,0.410185490656077,0,NaN
0.00104716916238938,0.222810018380251,0.346700189415433,1,73.5
0.000528414188096123,0.0947908226953904,0.0648490989792569,1,40.18
0.000185993817787952,0.0567471000065558,0.492639057901527,0,NaN
0.000367154351564734,0.434414940902093,0.406601624424733,0,NaN
1.51395645913608e-05,0.425474149562037,0.0201813900698695,0,NaN
1.31459541295882e-05,0.0202549277003111,0.299949016781066,0,NaN
2.24009595884188e-05,0.0138873287195075,0.237687923338506,0,NaN
0.000251123764770907,0.284009452327284,0.287942263625926,0,NaN
0.00536921363617168,0.433774031272644,0.480741043655369,0,NaN
0.000510111483075638,0.171646980808409,0.240705826289943,0,NaN
6.52901350838461e-05,0.292435533903574,0.190507193859276,0,NaN
8.41632256674878e-05,0.201602371183565,0.066776379375731,0,NaN
2.00189754671923e-05,0.36461348737369,0.390708795646182,0,NaN
0.00174065915943788,0.0660942299973539,0.381831842603821,0,NaN
0.00789706432897442,0.288256523763251,0.414102408896276,1,11.8
0.000939474371573016,0.416995603681021,0.0151224661936744,0,NaN
0.00620817818184612,0.363651358200668,0.19966862650346,1,56.38
0.00265761504090537,0.027384121119638,0.118643725484512,0,NaN
1.15149846861534e-05,0.341489248683457,0.235589341356562,0,NaN
0.000418433570982133,0.11667112709516,0.0492469745775597,1,44.5
3.18656118154755e-05,0.0992805547602726,0.212177687769447,0,NaN
0.000331742830571635,0.221028002059489,0.0740696043634791,1,39.77
0.00136802865524279,0.343392953121283,0.238737519285348,0,NaN
0.00778880452203105,0.25443443483259,0.105700813836854,0,NaN
0.000405090891871506,0.199286110230898,0.456585000621772,0,NaN
0.00260100659002908,0.177155330866181,0.375980066617955,1,19.48
0.000140748332727282,0.258798150350464,0.203186063126583,0,NaN
0.000167257036186687,0.385461921983525,0.249643502017628,0,NaN
0.00266204167748796,0.0183153264650522,0.0577484947303368,0,NaN
4.52377874685768e-05,0.220455575338139,0.351089157109207,0,NaN
0.00191130122537475,0.198248773064982,0.128076214455782,0,NaN
1.06772599301577e-05,0.392105500337507,0.102432697649927,0,NaN
0.00120314820995366,0.271052061877452,0.283302262968558,0,NaN
0.00906325886593061,0.346431108819168,0.493350854801031,1,7.21
8.81622750971009e-05,0.491627811412349,0.248076333279771,0,NaN
8.23234759249194e-05,0.256779573214605,0.0722260757328445,0,NaN
0.000156278413280562,0.388629260147838,0.334281446842057,0,NaN
0.00325237788270113,0.0752054925992149,0.148843390911555,0,NaN
0.00569449711133514,0.251660424788112,0.416772719346148,1,7.86
1.81677699234986e-05,0.290024266326051,0.0412406718342257,0,NaN
0.00766025478423584,0.448143350713164,0.456482564251775,1,11.05
2.58695598836013e-05,0.3427481328713,0.359938205423408,0,NaN
0.000122227546188117,0.190915557329999,0.48305355726953,0,NaN
0.00585497499880727,0.0697459761982081,0.249419946095692,0,NaN
1.05968238184068e-05,0.173324271259199,0.232946121172782,0,NaN
0.0038366402843954,0.437942666345852,0.278950817984874,1,20.98
0.000232156887361211,0.0814399992020367,0.224941977336107,0,NaN
0.00687706287842892,0.363542312101337,0.321915372987359,1,25.57
0.00410229955678489,0.327148751917413,0.370643180671023,0,NaN
3.77560299957215e-05,0.157513465741166,0.210853525236496,0,NaN
0.00218124155491892,0.429049555070252,0.466032653881074,1,49.52
0.00368315774980837,0.104817329807124,0.234510337669129,1,6.67
5.8886808213251e-05,0.322821590379697,0.378494032043912,0,NaN
0.00270211843272599,0.47553300684761,0.306702533940507,1,26.5
0.000248283630580685,0.220084626950941,0.376158329242076,0,NaN
0.00367853112995466,0.167712365663235,0.0975124408633794,0,NaN
0.000662522056458089,0.382657855922129,0.0781651028607248,1,25.81
1.31196140041098e-05,0.0257049808522616,0.403684767726277,0,NaN
0.00693698836243505,0.213884522464276,0.104959976460333,0,NaN
0.000196873378243575,0.427155977324587,0.130943459461785,0,NaN
1.01037423434405e-05,0.0310807774136729,0.278380858515315,0,NaN
1.46360299192423e-05,0.192443192392679,0.154137938294924,0,NaN
0.00718826867858928,0.365752192133041,0.296905448442471,1,22.39
5.9152561457733e-05,0.248589259583417,0.0911362349193717,0,NaN
2.35096472940914e-05,0.384260095471599,0.0176812655616061,0,NaN
0.00030117355465793,0.299710075241725,0.253102693821818,0,NaN
0.00206866168758974,0.0184034237225054,0.423588980134379,1,30.99
6.36678814335657e-05,0.457390860692315,0.472999571017855,0,NaN
3.49332721054042e-05,0.119178784863593,0.0228681614494333,0,NaN
0.00298058512547609,0.330917776347569,0.0677385709080826,0,NaN
0.00011017051309474,0.283036798739026,0.196723475166417,0,NaN
1.61757707287114e-05,0.0534000804001199,0.38217191378993,0,NaN
0.00112887012706972,0.265612866105743,0.487392362973001,0,NaN
4.94370350295444e-05,0.213294332835076,0.278372683136007,0,NaN
0.00301638928220202,0.441149634718269,0.195426092661246,1,20.43
0.00016514697576044,0.420796241593777,0.167925340102432,0,NaN
2.69641574846284e-05,0.0730293619479396,0.0610438494841071,0,NaN
8.48053545385819e-05,0.346480095668989,0.186074427112958,0,NaN
4.98173127033596e-05,0.0465619892581568,0.475354743597954,0,NaN
0.000643861936228376,0.379459569227649,0.44863405480519,0,NaN
0.000587307653077971,0.236985668785905,0.23415864616026,1,78.17
0.00312843327695414,0.415670431921741,0.14697232084373,0,NaN
4.73439720963714e-05,0.380932790030904,0.42679517172135,0,NaN
4.85205182177066e-05,0.0553452702784178,0.253223629910629,0,NaN
0.000298011075964424,0.0256159738352262,0.124510061395822,1,85.36
0.000504025126116158,0.12379596553114,0.446139609838285,0,NaN
2.31744723327001e-05,0.163853009905175,0.292519657757771,0,NaN
1.48741578542577e-05,0.0971968751290439,0.407001699685127,0,NaN
0.0037995231473286,0.453008565021058,0.151846339905063,1,47.7
1.30725839533931e-05,0.312020191285985,0.480470185369347,0,NaN
0.000700666081285282,0.101269086572807,0.439977996424698,0,NaN
3.28673018765136e-05,0.106328486061344,0.382713808908744,0,NaN
0.000370820916193045,0.377035638527392,0.363394199493366,0,NaN
2.25646829584003e-05,0.0642613452795362,0.183672029589155,0,NaN
0.00145404644309359,0.291813223518012,0.31348982316837,1,58.31
0.000214847810697709,0.179307443958243,0.0395229438069062,1,42.71
1.02751253815807e-05,0.374010946524277,0.137876536777031,0,NaN
0.00781586348021613,0.308164913589366,0.186116954838338,0,NaN
3.03056747429752e-05,0.0851053765634922,0.329168987709563,0,NaN
0.00028025414391366,0.088976005841922,0.133527549530488,1,67.48
0.000494808462475302,0.150908498305929,0.157048505472178,1,51.53
0.000647851595987736,0.189374168606169,0.159902044073888,0,NaN
0.00156659093268809,0.437480900236415,0.270350131264833,1,34.66
1.7447754940793e-05,0.354867712231697,0.155709935629343,0,NaN
0.00120440091882481,0.476891470106017,0.174265617503114,1,31.03
0.000221970083822143,0.243792752538012,0.309812574480051,0,NaN
0.000425690640818407,0.10734563294432,0.0539528261404651,1,43.77
0.000151123416514036,0.277508164347397,0.319022616709366,0,NaN
5.70139894470617e-05,0.255450405396467,0.0521765947753816,0,NaN
0.000252794318255194,0.439480690571266,0.0382971857929152,1,60.63
0.00276245338306613,0.228677982575643,0.400150945541862,1,30.96
0.00179311007152766,0.200774391711999,0.090509419473244,1,43.58
0.00374917458623003,0.470556954284146,0.295997934758835,1,13.77
0.000864532190713489,0.153118464080024,0.0519561404699197,1,37.55
0.000529658902399768,0.338287232566989,0.463304586570302,0,NaN
0.00277780969175636,0.15098043876334,0.470940204719695,1,30.24
0.000504811910153696,0.351345257196814,0.438503920679572,0,NaN
0.00047823122506293,0.382117228487534,0.0959558658273848,1,38.86
0.000430864124878384,0.353034330272699,0.476513960141299,0,NaN
6.25864740310682e-05,0.381137061541707,0.0138551346797117,0,NaN
0.00423550297636663,0.228563247256004,0.079503784573373,0,NaN
0.000332305828669946,0.270091530283837,0.431202107873419,0,NaN
7.15014688676214e-05,0.0659969187925182,0.222296309872119,0,NaN
6.44205285222381e-05,0.309587967343371,0.178723482160501,0,NaN
0.000101602988782501,0.0761367182105091,0.46816537705526,0,NaN
0.000119663326712648,0.456772559636088,0.478901392953237,0,NaN
0.000842661225826782,0.197985864487569,0.0874839321819535,1,55.42
3.16329098274e-05,0.274103100693454,0.459945089587161,0,NaN
0.00365862254270371,0.383753713149491,0.364149549993007,1,15.15
0.00011077513639535,0.0338195410677416,0.065269344676478,0,NaN
0.000352857797373296,0.344194387111864,0.267390766490022,0,NaN
0.000109071331221255,0.328882852820294,0.425121632443197,0,NaN
4.49766279145284e-05,0.0133271302742233,0.153312622041119,0,NaN
0.000148508988393272,0.28620953391795,0.116817928606693,0,NaN
0.000517971595379667,0.190807124913649,0.217378006144542,0,NaN
0.00568537052734923,0.0546537995776113,0.25550041772922,0,NaN
0.000363302349151223,0.0419495797968872,0.0180053666858434,0,NaN
0.00181714689140169,0.196511501392014,0.191106578746934,1,8.68
0.000131936452176079,0.463377469275149,0.197124256217674,0,NaN
0.00242207162642273,0.23839717125915,0.259018253098323,1,9.67
0.00374390768636153,0.103186333220137,0.0109266415909564,0,NaN
0.00372802908029092,0.421837774775138,0.387321164684603,0,NaN
0.00854855161903934,0.103023663859034,0.350110919749797,1,13.02
9.85082269735198e-05,0.471469408953225,0.34631423714036,0,NaN
0.000505056794612425,0.16067297027761,0.0289936827430673,1,22.97
0.00189370192484454,0.478622873160098,0.159967568225917,1,30.22
9.34231828427589e-05,0.338588180762329,0.152859024238854,0,NaN
4.37039598706139e-05,0.225760623881328,0.188613137600549,0,NaN
3.89944862908466e-05,0.241669539620933,0.319854837512162,0,NaN
0.000174661513831063,0.311503324539409,0.413989593537131,0,NaN
0.000996053172767016,0.481225699830231,0.307855892911076,0,NaN
0.000479766523911556,0.320316045118623,0.113642311671179,1,36.63
6.73326826339948e-05,0.276568322093437,0.0986271223435527,0,NaN
1.00454814467877e-05,0.282953894089851,0.314051144742845,0,NaN
1.69735262992115e-05,0.0188968457990503,0.242704875702705,0,NaN
0.00477647350045895,0.0839966988666688,0.211003180891601,0,NaN
0.000292895416528089,0.235624537899889,0.083203444148083,1,51.75
0.00319396544883542,0.2147821458113,0.0966183348915245,0,NaN
1.21606556680108e-05,0.309455095329108,0.355524243354486,0,NaN
0.00284901647462187,0.259025839294811,0.486888132723085,1,44.62
5.82961442692317e-05,0.156757243370091,0.44121229692633,0,NaN
0.000144483012107788,0.431942772567784,0.227853489754722,0,NaN
3.092786059768e-05,0.449923412537177,0.235156438852483,0,NaN
1.35917547045661e-05,0.388460281751589,0.199821541494341,0,NaN
0.00113963904641091,0.42340478465744,0.447009998755818,0,NaN
4.44269322629746e-05,0.196269132711839,0.0256034516237158,0,NaN
8.90154876354394e-05,0.206884714810029,0.0343989812986508,0,NaN
0.000276648945753167,0.218609802956099,0.434416089310108,0,NaN
0.00327580770377135,0.268055663503129,0.129967261398457,1,36.11
0.000627631427527698,0.135994449595363,0.0927256993595891,1,18.06
0.000334854320915789,0.423938497491124,0.125151487327683,0,NaN
0.000139807225261933,0.276069358623705,0.156015755908116,0,NaN
1.19697399779245e-05,0.123697693868597,0.0239253418290906,0,NaN
0.00243756742997805,0.171698941443733,0.377739624430105,1,29.62
0.000570137808294793,0.366781006912645,0.335552084796307,0,NaN
1.30240364850892e-05,0.486262352115643,0.117607419295733,0,NaN
0.000583549265884572,0.182784806593007,0.357649044179174,0,NaN
1.16934520475582e-05,0.368246242644584,0.433056253614557,0,NaN
0.00019502898144331,0.121016621019823,0.422415100228013,0,NaN
7.23946836456438e-05,0.178928650190283,0.429935480913954,0,NaN
0.000151962646273377,0.197677089997753,0.127013913765272,0,NaN
0.00411433515657111,0.31301634030085,0.123609114628933,0,NaN
0.00106636742114229,0.407770549120919,0.234839304889941,1,40.05
4.25006834794932e-05,0.369768525696174,0.356885287882836,0,NaN
3.74066864878021e-05,0.357342401694986,0.0104962605294878,0,NaN
0.000101291328053343,0.10659335836274,0.124116311615162,0,NaN
0.00472754431437635,0.2874116008737,0.235886749169799,1,24.06
0.00462999896756777,0.202026282167293,0.351404141122004,1,14.12
1.46998061713925e-05,0.477336737963907,0.382875132609753,0,NaN
0.000324271461728498,0.191589237557103,0.0177585320332339,1,37.38
0.00032453424913502,0.036316267013819,0.45813053840039,0,NaN
0.00618437925831806,0.438908152190519,0.215740171518189,1,39.03
0.00613577878464424,0.382647470215629,0.327984530468921,0,NaN
0.000417838003815271,0.354669652026436,0.126635891471108,1,52.02
0.00141463741345429,0.493923354768358,0.390695752941466,0,NaN
0.000709550171865752,0.236028842857616,0.187831655277956,1,38.82
0.00108771256101046,0.391735955869861,0.445138704328406,0,NaN
0.00229138642442313,0.211197852413189,0.385820967482346,0,NaN
0.000351485321350407,0.101929355458882,0.43097601427136,0,NaN
0.000211695938980744,0.38122457921139,0.261705616166498,0,NaN
0.00464172975268835,0.106872999595871,0.244510549068505,1,18.94
0.00239589807623806,0.139832817878616,0.286056346686082,0,NaN
0.000838113707635861,0.206557684386078,0.357932202791933,1,93.12
0.0030604253782697,0.262677631412031,0.0162946077904337,0,NaN
1.5255294622361e-05,0.355937745523724,0.272179479181489,0,NaN
0.00751390541611319,0.378474594522463,0.0273402814571029,0,NaN
0.000345318609813379,0.381778265538678,0.0508427856962497,1,42.55
1.31240031175707e-05,0.0437383531949164,0.463319330858943,0,NaN
0.00117900349454803,0.432371885884469,0.0924959806306627,0,NaN
0.00082898955646997,0.0711992288415087,0.0350792935388032,0,NaN
0.00153243491941945,0.282994094597454,0.0560914364872111,1,44.44
0.00101076218265523,0.405271913748257,0.445993781970671,0,NaN
0.00720151240632852,0.377290087180328,0.294762464475542,1,21.57
5.18291109574308e-05,0.492831533188376,0.26305911931391,0,NaN
0.000737681819726779,0.156212922749277,0.347144746462133,0,NaN
0.00279933885665649,0.304664932553914,0.435559272484932,1,33.62
2.9209192281687e-05,0.391133479159536,0.117305386468012,0,NaN
0.00104527053428335,0.274971944133875,0.335676756101104,0,NaN
0.000654132031246811,0.235847399233754,0.181993464894107,0,NaN
1.03886554753284e-05,0.421150980751581,0.0947026501058064,0,NaN
0.000684697102777683,0.17780992582938,0.0912141018783428,1,35.95
1.10276851969612e-05,0.255351955269556,0.269058213856391,0,NaN
0.000323997298935483,0.383421765627564,0.111414763826311,1,61.88
0.00418501743985364,0.324487977202869,0.426338357260904,1,23.65
2.06868704799515e-05,0.0475867234453043,0.157005227270789,0,NaN
1.48533126040217e-05,0.181306560051292,0.404621511306083,0,NaN
9.01912011017541e-05,0.378995633222524,0.209278168891619,0,NaN
0.00694009605978641,0.235794349139165,0.21198001396637,1,32.44
0.000291950501763403,0.191390132923168,0.174996925065563,0,NaN
0.000106246013982924,0.267855630183937,0.171114439723716,0,NaN
0.00852042491928898,0.356801715228964,0.0874935455989725,0,NaN
6.7471455046879e-05,0.203694085976285,0.0513344871112809,0,NaN
0.00115138307279762,0.0157942730209745,0.122548147208215,0,NaN
0.000357238846583533,0.333880956323733,0.379998263517325,0,NaN
0.0010491676452893,0.224143013789942,0.318987136304889,1,79.05
0.000277506073641448,0.0412723909131235,0.322243258322527,0,NaN
0.00255365547092742,0.257394894576652,0.341874894151393,0,NaN
9.01310648906184e-05,0.479242954221048,0.17442082848304,0,NaN
0.000423331620322406,0.146221983883141,0.333113712465855,0,NaN
0.00434439046025732,0.291543589126921,0.36632659405187,1,10.82
0.00377836148122321,0.134835317705602,0.340103057111587,1,16.72
0.00556166191874304,0.0406231395887893,0.248904446648385,0,NaN
0.000994992326572648,0.144324751308707,0.0546333579494246,1,36.77
0.00771993743299077,0.227018974604185,0.281024937316882,1,21.21
0.000246444833379332,0.18761128846565,0.0195460853972533,1,69.7
0.0081776753278845,0.0800576827218032,0.143664665551524,0,NaN
0.00589555359034581,0.422767765216889,0.342511181880315,0,NaN
0.000831577842840934,0.0229255762587576,0.357786134420839,1,81.39
0.000133107806762665,0.0562286817142658,0.411753300195815,0,NaN
5.18756081329255e-05,0.300522879657031,0.0570072866961048,0,NaN
0.00380027634218747,0.44141859250189,0.0682907889817075,0,NaN
3.5191447209381e-05,0.0157274765806368,0.400088414711089,0,NaN
0.0021803993211781,0.278606103862651,0.386514258484226,1,31.77
0.000238058373960268,0.172005566329871,0.311869619572744,0,NaN
0.00133714287033243,0.323289922426101,0.417255421894966,1,67.82
5.64765161950523e-05,0.391168873292489,0.381932141403696,0,NaN
0.00330746998951314,0.150769149559835,0.227507874709834,1,12.6
0.00114048644926152,0.0965095176404402,0.0414068899427429,0,NaN
0.00499466846618252,0.423670099807335,0.370172544963517,1,26.57
0.000551188141030932,0.0323588361149736,0.251518949486518,0,NaN
6.90449808274705e-05,0.241540231016877,0.0695769578401286,0,NaN
0.00509377591419012,0.0188614050962394,0.425743474578792,0,NaN
1.29006522415751e-05,0.252755339143766,0.346424541448022,0,NaN
0.00566918787401505,0.0917366946571532,0.235216765375139,0,NaN
0.00234869852308316,0.409415900180252,0.447625198643012,1,51.93
1.34091188592174e-05,0.461226153897416,0.261928520492417,0,NaN
0.00132275040889951,0.0567458954709509,0.396847948339362,1,42.74
0.000381811172061138,0.0723991492407581,0.235567461540596,0,NaN
0.000463339619392041,0.0205511314888949,0.0646253650106584,0,NaN
0.00025120651458093,0.477830507671024,0.105214466595991,0,NaN
0.0031312123626584,0.156026216485029,0.136106185231602,0,NaN
0.00096373677631772,0.322204543094608,0.409356187095829,1,90.53
2.22632344757811e-05,0.272319804621174,0.287653501897751,0,NaN
0.000397858176553318,0.31981283471646,0.0737451558649184,1,41.31
3.09684689800126e-05,0.223998402079796,0.393013975866198,0,NaN
0.00231439696321894,0.411752696483213,0.281661617155025,1,19.75
3.92904768719793e-05,0.328114211571686,0.0986596835699643,0,NaN
0.00027413107747901,0.132776773703465,0.192586113380716,0,NaN
4.21538881756531e-05,0.240729937851216,0.317083941932031,0,NaN
1.88857126151659e-05,0.294461421542735,0.145614454624346,0,NaN
0.000629405892173732,0.378950830213852,0.188618802877957,1,60.8
1.27865072912446e-05,0.136528167155323,0.2217158731721,0,NaN
0.00031234940002223,0.112134886519561,0.374170942985417,0,NaN
0.00433597012718106,0.136831716403593,0.380035870850448,0,NaN
0.00213623825610318,0.228283611007992,0.0209831197588681,0,NaN
0.00123176129187095,0.487040671881952,0.19572037850051,1,36.66
0.000857541890012169,0.129441649668126,0.0921900196613508,1,17.59
0.000108104784238117,0.212623919725859,0.168501344975432,0,NaN
1.29198451256018e-05,0.0335698326078041,0.474615018064482,0,NaN
0.00014140311603231,0.0524688887711962,0.123552627326228,0,NaN
2.26307772560199e-05,0.427953842484007,0.473416180436539,0,NaN
7.07882124909585e-05,0.232689841955261,0.109064918264649,0,NaN
0.00018669287750078,0.331769111114505,0.490040587700738,0,NaN
0.00742195002088778,0.201704469673824,0.285432501403534,1,18.84
0.0036548524390349,0.455084509334082,0.350044372014992,1,19.66
6.05926044260592e-05,0.197499108420698,0.216324947410787,0,NaN
3.81970750269134e-05,0.440596660603725,0.171655535623071,0,NaN
8.35003995089494e-05,0.324279392516357,0.14675522253972,0,NaN
0.00212051573355248,0.169415184811088,0.193525432650317,1,8.29
6.0931209721782e-05,0.0529099648864879,0.132379119017198,0,NaN
0.00634976774669164,0.240901845934769,0.272698265660188,1,20.85
0.000147699788888942,0.402969013633507,0.259570061245734,0,NaN
1.26523195240215e-05,0.137839148300608,0.265018945295215,0,NaN
0.00344146616047043,0.266149174387546,0.317448294659207,0,NaN
0.000421615489011562,0.044922037691645,0.105748490500188,0,NaN
0.000165307205413076,0.112594126438875,0.370738110131294,0,NaN
0.00026494985671288,0.49582040827509,0.0864177827447031,0,NaN
1.75421880227824e-05,0.248796941730207,0.4971969982339,0,NaN
1.67022405395879e-05,0.475588458344524,0.394297953371592,0,NaN
1.11251474028711e-05,0.493481709729403,0.470132147183453,0,NaN
2.4796899595644e-05,0.0803959400243792,0.130405381286613,0,NaN
0.00355225778740669,0.06070327062922,0.118445151205497,0,NaN
0.00062561073822286,0.203474034688744,0.137219143574937,0,NaN
0.00689460919693274,0.202414093288095,0.12346540819872,0,NaN
0.000307860262688513,0.0570127578983287,0.326022018046429,0,NaN
0.00305746272415474,0.475156748209965,0.483202125789613,1,38.88
0.000141041094249648,0.23526501920243,0.0714317537831863,1,84.18
5.46867076609982e-05,0.48794942832423,0.352057958847765,0,NaN
2.18556143767836e-05,0.484495838205853,0.335742037265295,0,NaN
0.00201856349929599,0.290266961875227,0.421413109568656,0,NaN
5.08553017601667e-05,0.189946154186792,0.0182859781419423,0,NaN
0.000583222685299698,0.091478087797229,0.275943946267422,0,NaN
0.000367714880554917,0.460050242878673,0.43310812919648,0,NaN
0.000261070160069318,0.344025386683285,0.102640246117979,1,73.05
6.64947975992324e-05,0.0914130998278013,0.433416645614135,0,NaN
0.000129064829370413,0.263643328344395,0.049613163963078,0,NaN
0.000224211006423459,0.329376680464462,0.447409506012696,0,NaN
0.00126103661829116,0.229599656183333,0.307259183486113,1,43.6
1.12530394743923e-05,0.0333852953808045,0.30955225882134,0,NaN
0.00135407081867898,0.257853311581178,0.245101390243576,1,30.43
0.000437835430177922,0.226107443955919,0.171030183911481,1,78.42
0.000409678806612371,0.316739785879514,0.263433424318653,0,NaN
0.000856891669253441,0.301773326236554,0.307410366587299,1,89.07
0.000207212147665838,0.305888967335156,0.210044885808426,0,NaN
0.00131121348945076,0.0653213679849437,0.498583078438185,0,NaN
0.00398296577567024,0.377876226108743,0.482973672880255,0,NaN
0.000244163339855896,0.150988392829982,0.427138535804807,0,NaN
0.000436374408249866,0.185507523193127,0.372603414941721,0,NaN
0.00490256072111539,0.0507872678628031,0.106782680771401,0,NaN
7.99594610298768e-05,0.0353089477277186,0.258844330439991,0,NaN
0.000467628693239612,0.447331678489367,0.0360040979880795,1,76.58
0.00137222801863367,0.267843256608395,0.272887407901497,1,38.77
4.64316969554339e-05,0.314638640522605,0.0151972343256784,0,NaN
0.000765849125922089,0.447489578787205,0.29401601473382,1,84.89
0.00254902040565975,0.147523916142221,0.435702307482746,1,26.06
3.88824555289057e-05,0.26830918080316,0.116603525640866,0,NaN
0.00093905837727986,0.419297534458814,0.144585914341036,1,24.69
0.000505054553565666,0.191598905622482,0.327975254766061,0,NaN
0.00109933193241905,0.39113442035197,0.02470420072253,0,NaN
0.00226430961267927,0.315576148938237,0.349410659155226,1,32.06
1.39194284250564e-05,0.403285322294942,0.194135403301384,0,NaN
0.00531897849319963,0.426174105179125,0.270909985759092,1,17.6
1.67140400658079e-05,0.430151272866765,0.442618885687904,0,NaN
0.00440448035833174,0.423760816363204,0.075706564103908,0,NaN
4.46002970861288e-05,0.111910673357391,0.338564362374474,0,NaN
5.46206297598125e-05,0.158508640034127,0.296926511669875,0,NaN
0.00598543261682258,0.0102050916651235,0.0114345117676339,0,NaN
0.00123519214762479,0.103891134674049,0.0901888145209932,1,80.32
0.000542279157194975,0.265806572447963,0.399951177999149,0,NaN
0.000475107602017243,0.294289334307719,0.251535503701424,0,NaN
5.79114308604652e-05,0.0322112998359386,0.451519144563871,0,NaN
1.19898098112732e-05,0.411883641500584,0.278774954750338,0,NaN
0.000323270595168673,0.417267388530316,0.207099517666306,0,NaN
4.89818053335423e-05,0.392064548083358,0.440433557612498,0,NaN
0.00141446338388633,0.491344614502809,0.0644354382945298,0,NaN
0.000569171195663216,0.18379449551077,0.201005554807219,1,70.27
1.60095449239942e-05,0.459758094551113,0.183727121374907,0,NaN
5.37228816847652e-05,0.202453040694053,0.453600477527891,0,NaN
0.00131172106837451,0.230510685260314,0.350809310124445,0,NaN
2.79820380835065e-05,0.328135936323332,0.317449221350049,0,NaN
0.000171600912498954,0.17142854017845,0.147419457221373,0,NaN
0.00215506610934742,0.382245761429454,0.27812569224816,1,22.63
0.00354069315325165,0.0651901471814235,0.43462999037302,1,19.52
0.00552026236357579,0.243832418513437,0.103618679490394,0,NaN
1.40452245434221e-05,0.225247610149932,0.273559376721307,0,NaN
0.000314343422538033,0.144869029050043,0.215028389655085,0,NaN
5.65197938742307e-05,0.449234100713194,0.248479939225449,0,NaN
2.95967885315079e-05,0.430748879318685,0.446465518754108,0,NaN
0.00431732956178753,0.406935153085816,0.400836852663973,1,15.76
0.000134665233163834,0.316762534338816,0.111425526690179,0,NaN
2.04101080916435e-05,0.148726237625344,0.314942767505115,0,NaN
0.0012763570273391,0.168587598701007,0.448789333197862,1,57.11
0.000733372065416449,0.472521208217032,0.39581739734688,0,NaN
0.001135592854265,0.439688974936868,0.386351743808765,0,NaN
0.000109391665066891,0.0764077195268997,0.288205523503333,0,NaN
0.000130421999440687,0.170880092763858,0.115095915512153,0,NaN
1.41650712896886e-05,0.139699201040755,0.446176899319075,0,NaN
0.000566309763661238,0.456503773969492,0.0883015333070528,1,32.62
5.13994360536516e-05,0.39078487758259,0.478424072025624,0,NaN
4.72186505506693e-05,0.392896408218282,0.48276770867429,0,NaN
0.00387002991396807,0.101710904520511,0.314241479189971,1,7.76
0.000233778704424003,0.364828866725348,0.297195591101076,0,NaN
2.995358385434e-05,0.0102731493178059,0.453071284216639,0,NaN
0.00104057888132071,0.164867855777142,0.0720696966613561,1,21.83
0.000423463481798379,0.110009749729575,0.291569578021793,0,NaN
2.38767204232901e-05,0.215454178002604,0.32423011156261,0,NaN
0.00256744060190546,0.428956010062038,0.304513234783798,1,24.8
0.00515752176013714,0.469790014695884,0.102543724135561,0,NaN
3.54828765730743e-05,0.193305165726451,0.354067869965364,0,NaN
0.00219984131057275,0.304701157612252,0.0230479555094081,0,NaN
0.00352088064849326,0.0839212478455351,0.228778929898382,0,NaN
0.00108616575033848,0.143195148513448,0.355481090998829,0,NaN
0.000262215251447365,0.0223060887666705,0.480167604008841,0,NaN
0.000134186404298885,0.432087738698681,0.195668914170468,0,NaN
1.1566722960701e-05,0.154172129736957,0.060698792742254,0,NaN
0.000213529073004887,0.0265644226036582,0.369036877241963,0,NaN
0.00293934725392776,0.416456559539026,0.464309060269573,1,42.2
0.00475491566346511,0.399279661739559,0.195814837056277,1,26.68
4.05437328139488e-05,0.411115571225154,0.278291765589616,0,NaN
0.00511753360859821,0.304588609767102,0.130747687100236,0,NaN
0.0041011592614195,0.124599778386739,0.394745697642536,1,6.42
0.000315127499638169,0.474682382231201,0.156657274795274,0,NaN
0.000112414709150702,0.470408266400484,0.369435020464853,0,NaN
0.000100629190843064,0.399245308308145,0.182282156913167,0,NaN
0.000252068864972922,0.353707331145105,0.415168512918975,0,NaN
1.27640187446312e-05,0.133822726322309,0.23836822160669,0,NaN
9.50571667248372e-05,0.394560048075538,0.0982304286255618,0,NaN
0.000196543951940161,0.471717649116744,0.111191797528433,0,NaN
0.00319329577097784,0.0642245269009391,0.222654037687812,1,14.03
0.000679405051995963,0.207094805838063,0.326325016196471,1,82.97
0.000950119645438037,0.216492241706829,0.0273171072330683,0,NaN
7.02331333894166e-05,0.460842774654775,0.169966656875058,0,NaN
0.000164715941082938,0.416774495273662,0.232952133168216,0,NaN
0.000208675167171288,0.156974325626897,0.222596400939838,0,NaN
3.69605771606422e-05,0.25371647173744,0.439841608402064,0,NaN
0.00182837880827648,0.275992671935838,0.269243187122169,1,23.12
7.11115568732935e-05,0.358851686375749,0.245158858569592,0,NaN
0.00119004934838804,0.2780898425634,0.413115403362381,0,NaN
0.00168119000532669,0.167533858347936,0.0892736861989312,1,17.42
0.00055701593595346,0.151005532613588,0.0560739210819959,1,53.13
4.25814999092945e-05,0.358653914044446,0.020271033695063,0,NaN
0.000685006707708443,0.251676223918238,0.182812397865694,1,61.42
0.00813798537945203,0.420492529918112,0.180385101086487,0,NaN
0.00478880274501325,0.260074908361282,0.290572187905602,1,16.88
0.000495654461715013,0.183110263115081,0.10013213304373,1,27.39
0.00427339728311964,0.35682688184407,0.453768444631532,1,16.78
0.000412362371882408,0.102789227304245,0.126781714825363,1,44.36
2.50583267194491e-05,0.135699488187,0.165521042678849,0,NaN
1.63893352584781e-05,0.179163510697589,0.109458877804043,0,NaN
0.000113319371555116,0.399199973724453,0.473719566653162,0,NaN
0.000393648694775191,0.390805938348022,0.132101381054613,1,54.68
0.00301035616793096,0.378146858314191,0.0964424238384906,0,NaN
0.000462008990334594,0.360295036886797,0.462935382017385,0,NaN
1.47400717775287e-05,0.160321743386027,0.340178407204973,0,NaN
0.00011795923023952,0.211432209154798,0.256061158279219,0,NaN
9.09277667837565e-05,0.473941060578765,0.0591149061975417,0,NaN
3.10100605854767e-05,0.0885258154084913,0.124254424490088,0,NaN
0.001058143943028,0.338606754018182,0.44934915207082,0,NaN
0.000570936814153562,0.331224790910878,0.205036496205026,0,NaN
1.11492493256244e-05,0.484541441791471,0.152137681466052,0,NaN
3.70113511775815e-05,0.491583990456011,0.409924641177599,0,NaN
0.00238051913468354,0.367965365511243,0.0336301190905673,0,NaN
9.72691838501447e-05,0.314160865160052,0.0909436294706991,0,NaN
0.000542072333249999,0.428325803205035,0.221783090058033,1,84.5
0.000800229552554258,0.338890068526874,0.420100161925533,0,NaN
0.000531070446127716,0.208521202624685,0.445432346125329,0,NaN
0.000814733483265743,0.42779958459822,0.119064936600882,1,28.12
0.00395212394855201,0.0348844164840093,0.235077299002886,0,NaN
0.00152856837102246,0.376618264711541,0.316149167867232,1,82.82
0.00022329051670437,0.291259908383182,0.402189760206139,0,NaN
0.00065735637415691,0.20457088476957,0.20053063021062,1,39.5
0.000101122348054472,0.23735955780419,0.386857863532595,0,NaN
0.000169612797702572,0.130834082565203,0.0582138538711336,0,NaN
0.00204359291947419,0.110781532021786,0.0577974366666431,0,NaN
0.00397276436420324,0.0740076365515066,0.130050334314767,0,NaN
0.00106040683014798,0.137409427511687,0.229012268872125,1,25.52
3.16071294433037e-05,0.282218101790349,0.0310703642430974,0,NaN
0.00196946543536943,0.499689800664038,0.48948987427738,1,73.23
0.00368433493273932,0.336675471140472,0.314894095545967,1,10.2
6.97221663856432e-05,0.0187018547992057,0.297073964270648,0,NaN
2.51528882754877e-05,0.0349715865546558,0.148096276357499,0,NaN
1.96101526229542e-05,0.281102488094743,0.044863937207726,0,NaN
4.94651955840376e-05,0.378345360377738,0.228563252088728,0,NaN
0.00212239812753285,0.14319953656071,0.0961936609583404,1,16.39
0.00091012833969894,0.368707734580745,0.330091266202288,0,NaN
0.000110594812061198,0.185345708753077,0.30446271674442,0,NaN
0.00426744945176654,0.213809190124426,0.399441581543703,1,8.96
0.000240863185226439,0.0703500136098953,0.180532909098264,0,NaN
0.00940799604214825,0.0404988344728134,0.216160802919002,0,NaN
0.000577583750617781,0.405302182387593,0.233256273192244,0,NaN
2.43920958246832e-05,0.23869076110956,0.312045275518813,0,NaN
0.000303872906512205,0.118980607343995,0.317881622720965,0,NaN
0.000156931391582452,0.0531596992185502,0.454654830303445,0,NaN
0.000328373270180929,0.430562777834299,0.433148497837458,0,NaN
2.3183158349387e-05,0.485552915158468,0.0815610184139021,0,NaN
6.42841529112742e-05,0.147180865854127,0.304638849175333,0,NaN
2.09259396142011e-05,0.0894926109960883,0.460838185731175,0,NaN
0.00361269506700175,0.139855115966973,0.0148824760232503,0,NaN
0.00941581731108843,0.234591488313296,0.171035912527176,0,NaN
0.00757437725028714,0.439183031822953,0.16528689304598,0,NaN
0.000152965849743133,0.250962237802834,0.496180429133306,0,NaN
0.00173207642704117,0.197546013258274,0.367954956504489,1,38.85
0.00149351041463281,0.334065693720095,0.317605833346576,0,NaN
0.000107592296626447,0.156883901046799,0.248812841695574,0,NaN
0.000134675724392493,0.0700015468884605,0.079942896577336,0,NaN
0.0038877355224982,0.429743662103192,0.0751866373664655,0,NaN
0.00130025964563629,0.459811931554135,0.0374107264273333,1,68.23
0.000346708955393342,0.499124517741057,0.477947923998081,0,NaN
8.27215937281146e-05,0.251547655358208,0.270318302530384,0,NaN
0.000968313296441323,0.271865088933411,0.0130915114175277,0,NaN
2.90881989373038e-05,0.39422166421899,0.0886777442334528,0,NaN
0.00263155757285363,0.14971753871958,0.332079473797114,0,NaN
2.56143446700544e-05,0.0463618027854745,0.312621555994222,0,NaN
0.0058355959293546,0.451208830370683,0.0995511318485616,0,NaN
4.54782640591076e-05,0.339666531443944,0.072571832391928,0,NaN
0.000238386372459276,0.256214529838731,0.27186781723157,0,NaN
0.000116648777574074,0.198277423631442,0.429478309720117,0,NaN
1.90847143109617e-05,0.122896192454549,0.364425928359796,0,NaN
1.71687180029849e-05,0.291129086779345,0.344353671517381,0,NaN
0.000199459950111863,0.0663812893151228,0.251294426715663,0,NaN
6.43832555086508e-05,0.135994212564288,0.0560452366017139,0,NaN
6.2556564881213e-05,0.0188093394131623,0.104058003750765,0,NaN
1.35614743303965e-05,0.0853350347496316,0.21626276915415,0,NaN
4.41759350520062e-05,0.446862251493874,0.456472054767271,0,NaN
0.00192048486332433,0.394128027793498,0.0141502427489821,0,NaN
2.3599890575217e-05,0.455312530830153,0.388385702068325,0,NaN
0.00907773952600517,0.308066211366202,0.292041538482631,1,20.34
0.00143665317578762,0.194348667745162,0.0255795073383059,0,NaN
0.000535125252517241,0.414615519600517,0.287795533532508,0,NaN
5.26212911614782e-05,0.142989357433812,0.357634415918177,0,NaN
0.000321667369405376,0.146303125840141,0.140039873007476,0,NaN
4.02103239373341e-05,0.0339454922852615,0.408454177374132,0,NaN
0.000267905283030133,0.0903122736977522,0.424912797262733,0,NaN
0.00072475175319312,0.1211793845936,0.452237690879169,0,NaN
4.14917696896511e-05,0.0758148103505772,0.0363080187352577,0,NaN
0.000962451561091537,0.117645604556885,0.337839833788727,1,64.74
0.00032381968849107,0.330228390803748,0.336193650904231,0,NaN
0.000140779102638759,0.395552174319392,0.413724518547522,0,NaN
1.23995562890567e-05,0.354200584767493,0.198108278741679,0,NaN
0.000416827796539689,0.174776548501826,0.035570144218954,1,77.16
0.00279717219655928,0.269513703831921,0.444355281259048,1,41.17
0.00864520894003281,0.146127773546787,0.379676688009107,1,9.77
5.7447148958175e-05,0.429067334225991,0.283840583384564,0,NaN
0.00255706051929483,0.0319610632881723,0.173999164757156,0,NaN
0.000594331661107053,0.149492682583283,0.410292436681463,0,NaN
5.68286978741571e-05,0.498278720551432,0.0125971333294233,0,NaN
1.31230025513361e-05,0.216772539385054,0.31883435635093,0,NaN
0.00588899363748777,0.400774784448616,0.429245297758228,1,25.16
0.00108145396368807,0.0566794110883512,0.203544276074076,1,36.38
0.000154051987936517,0.062123031007216,0.0572656539336929,0,NaN
0.000721224003523033,0.148314160423717,0.337625283471523,0,NaN
3.01417993875871e-05,0.0349847362390453,0.354498859049852,0,NaN
0.00182715825511495,0.0245763177685157,0.422392344704155,1,42.23
1.18512805442627e-05,0.0526047999900282,0.434211534909187,0,NaN
3.85171806001467e-05,0.239509077509081,0.371794610310316,0,NaN
4.05345215086543e-05,0.485972958247307,0.168858974489772,0,NaN
0.000322311020159597,0.15328459137093,0.208524086709076,0,NaN
0.00110686164526228,0.108727532601978,0.0221391899119343,0,NaN
3.62903441046141e-05,0.161852376396353,0.172592066926731,0,NaN
1.24237274660115e-05,0.276661404732222,0.467439690905912,0,NaN
0.00732960702933607,0.327493713254155,0.492516772257008,0,NaN
0.000130756472736632,0.239843687427663,0.0610329518420595,1,85.35
0.00547369108089755,0.303956031103152,0.490838538809556,0,NaN
0.000395440414922973,0.350096830061846,0.0462762741911807,1,66.17
7.92957112940435e-05,0.315605473103588,0.0471046665557715,0,NaN
0.00190261799066491,0.299407181706468,0.317667239100775,1,33.28
0.000179612401740672,0.14793403612584,0.39097325631924,0,NaN
0.00241876149447609,0.456991923273858,0.286309379455277,1,29.03
0.000119507605606471,0.0488275030575899,0.284025584287019,0,NaN
1.04440960899216e-05,0.317663631812901,0.176096212127397,0,NaN
4.79785719077275e-05,0.301993885816438,0.403682675623237,0,NaN
0.000107856770998091,0.137064074617501,0.403426116773135,0,NaN
0.000141544685625423,0.441699074089945,0.416850981313839,0,NaN
3.70893539926295e-05,0.146126164516203,0.0605290015573371,0,NaN
0.00186099006320478,0.285969206032352,0.366854188357201,1,46.95
7.77543994702325e-05,0.0915163797886327,0.224832143651485,0,NaN
5.29524443255951e-05,0.13376213360776,0.303802020173304,0,NaN
0.00515185617714701,0.0378372130212446,0.494696947904011,0,NaN
7.52585450593831e-05,0.464828749284733,0.282529241665572,0,NaN
0.000446208183958324,0.499736605003504,0.340035061641626,0,NaN
1.6587635560012e-05,0.347758034447456,0.188770691374361,0,NaN
0.00011465959148564,0.376738883129272,0.394303063442727,0,NaN
0.00506051306563775,0.176106619180741,0.363023736323423,1,6.1
8.17164201348326e-05,0.209806372348888,0.174520359598025,0,NaN
0.00543242200707727,0.291893664423358,0.126313571089487,0,NaN
0.00923524205318948,0.340489398461923,0.466937611707363,1,5.52
0.000518816944791928,0.0703713287224915,0.0904994530434219,1,41.25
0.000397571277317274,0.0641415362073258,0.370335765578964,0,NaN
6.70453759742762e-05,0.491774046065341,0.188937146402855,0,NaN
0.00089506347542589,0.390125823282619,0.123520879974753,0,NaN
0.00143685274176674,0.0662482350990541,0.0797705762758336,0,NaN
2.33514777513405e-05,0.0598502687041135,0.284335653737009,0,NaN
7.62311985448188e-05,0.0143527079702878,0.239547090794408,0,NaN
0.000284768798896679,0.255522242005801,0.0416331975942622,1,39.1
0.00727448971767777,0.105134251412239,0.479846386275906,0,NaN
0.000178190326585994,0.324477363103712,0.411954307825219,0,NaN
0.0075761097354147,0.338004283252299,0.282928711344656,0,NaN
2.40371619200528e-05,0.232075536226495,0.158649892826707,0,NaN
1.9855086787652e-05,0.429954061245393,0.0986578734986221,0,NaN
0.00266433523232617,0.135702252731324,0.186316962457429,1,8.18
0.000103237768344704,0.249024615154263,0.226367262131935,0,NaN
0.00440684218437054,0.0186836050795863,0.216495033765254,0,NaN
3.49385914931378e-05,0.379850560141161,0.34099862334902,0,NaN
0.00412126252869523,0.35103422916049,0.0599834757021513,0,NaN
2.00407511684074e-05,0.287897222016204,0.210036727728924,0,NaN
0.000830670446021242,0.318967171762665,0.115101985935311,1,21.47
0.00685139464701835,0.443240840337978,0.464149541666856,0,NaN
2.44044933595179e-05,0.412767180619745,0.0339654351102065,0,NaN
0.00105303287491682,0.472606938018604,0.345325598781098,1,85.05
0.00352953617558949,0.283684934089739,0.158652957121544,1,47.41
1.10862025243191e-05,0.489341783797615,0.305601163044052,0,NaN
0.000885961485759045,0.121371534064819,0.364056725734633,0,NaN
4.57653014223117e-05,0.226505142471679,0.323712559279753,0,NaN
0.00785083658068133,0.433453089965482,0.0643126106184985,0,NaN
0.00231859299823677,0.28579052891877,0.212058073818838,1,18.19
0.00721014664583527,0.422507448949323,0.0691329406094935,0,NaN
0.000770792488504944,0.351275353758175,0.267945339303383,1,83.82
0.000152524917972559,0.0321390044028159,0.404858490278061,0,NaN
0.00061807369615266,0.447246700401225,0.424084085658956,0,NaN
0.000131332279957328,0.276505939540389,0.362055754858021,0,NaN
0.0022344999459728,0.0279727286869995,0.198936391194901,0,NaN
1.2077344282022e-05,0.165948210292299,0.496610067723743,0,NaN
0.000144260705116968,0.191139974011934,0.118749566074759,0,NaN
0.000104003718747096,0.331152589136528,0.185138567451974,0,NaN
0.000525727094010788,0.0461868364057842,0.345456440123479,0,NaN
0.000127301346729469,0.342478181687872,0.109573713753614,0,NaN
0.000868186580119132,0.323174705717602,0.380223820247127,0,NaN
2.69610696426479e-05,0.372755724410405,0.237399414658715,0,NaN
0.00563688625938769,0.332330740398134,0.200589364804508,1,41.5
0.00346218479577217,0.349577092591817,0.393868970499807,0,NaN
0.000742359005700761,0.0764558276786469,0.289945764657824,0,NaN
0.00137109150180555,0.0779796298713177,0.161946908066094,1,20.73
0.000896375925194684,0.200777614216865,0.0203402961701064,0,NaN
6.77581642085907e-05,0.40279239364704,0.343624972849514,0,NaN
1.71067379762258e-05,0.153067833315346,0.411060608617279,0,NaN
6.02413695101588e-05,0.215211292969694,0.140296023658282,0,NaN
0.00512347145859516,0.321892726096162,0.376144833586208,1,9.28
1.60630249563493e-05,0.243231562291744,0.244090031421237,0,NaN
0.000200315704719316,0.346224530903627,0.150327237521213,0,NaN
0.00554914332807955,0.0872296669616141,0.229312112600378,0,NaN
0.00260107367022528,0.0357288073305388,0.412958679271596,1,49.72
0.00431680835962537,0.480908873005845,0.302941200502675,1,11.32
0.0020595794155671,0.110560268128381,0.293086411162269,0,NaN
0.000410085737829492,0.426520250285473,0.465908688920239,0,NaN
8.35394570481685e-05,0.0883259396508279,0.399918398531152,0,NaN
0.00386235481062575,0.0812373752372354,0.435982360255196,1,14.79
0.000214888945400798,0.466527535745849,0.202587598600235,0,NaN
2.43881913009335e-05,0.436316150792928,0.36585319322566,0,NaN
9.02843158776612e-05,0.105624282369962,0.226809970321982,0,NaN
5.73940883297082e-05,0.173070364715355,0.410410361941016,0,NaN
0.00136314404141134,0.0977413069818785,0.257218914299448,1,18.74
0.00462369064299343,0.293660010657982,0.48944543565573,1,20.84
0.000245228590157568,0.169824314206783,0.364332748145475,0,NaN
0.000317065963751151,0.211671735898771,0.0396084035208439,1,71.96
0.000922410232604628,0.258080100347191,0.216941018564913,1,47.64
0.0026914957732194,0.251878201738906,0.0570984277847733,0,NaN
0.000351659237590353,0.164268563544605,0.210852651486067,0,NaN
2.2726249542942e-05,0.0240152607752696,0.0780033860152895,0,NaN
8.2011259447772e-05,0.184772156914511,0.471679412458293,0,NaN
0.000651952339297056,0.306127509720082,0.282210734447416,0,NaN
0.00502834498803638,0.494478018880456,0.0525695587743936,0,NaN
0.000896858551205262,0.311395479610046,0.146813153608188,1,27.56
0.00541155993082,0.435606602630275,0.457321974248099,0,NaN
0.00143911000424248,0.0169612402196739,0.0550863043319637,0,NaN
9.96415490477448e-05,0.0673992565569962,0.188018768934114,0,NaN
0.00802486250577958,0.0533815493241862,0.281938764190832,0,NaN
9.9299486587878e-05,0.459817785325929,0.474046522885505,0,NaN
0.00221678997795703,0.372693683684095,0.0576023636307826,0,NaN
2.39617119797068e-05,0.475082201488678,0.411157355886438,0,NaN
0.00283346677892808,0.0646994184601203,0.123087760464069,0,NaN
1.2046907756605e-05,0.382570943496709,0.438908681684951,0,NaN
0.00424496386193164,0.211658059794195,0.126412247538542,0,NaN
0.000643641191571033,0.13131125643867,0.0650203248016782,1,24.86
9.34324646735394e-05,0.064945478277873,0.0960700344014461,0,NaN
0.000552103267160712,0.262484907993537,0.0919610276851393,1,25.8
0.000284675140172622,0.303630599291835,0.152841703184761,0,NaN
0.00347468975874237,0.160136049699801,0.109324027856182,0,NaN
0.000430472168606803,0.333699183913825,0.198346471314585,1,80.54
0.0021778182701816,0.240343219986882,0.224856897680044,1,25.59
0.000132592882435062,0.0396943029863777,0.295047783133213,0,NaN
0.000568612717119128,0.351971516728063,0.399530316390496,0,NaN
0.000192246279638055,0.0911592270043794,0.43994043841334,0,NaN
0.00240450295143806,0.281858323399443,0.21883213883595,1,16.96
3.98523434176984e-05,0.328995833266,0.466099712034053,0,NaN
0.000164617575328664,0.255902231282944,0.457538725985684,0,NaN
0.00465163146902585,0.0980251201175551,0.434521026204745,0,NaN
0.00103482219749219,0.464454576506994,0.108358858978401,1,37.51
0.000180593694476502,0.0224734894014504,0.231179120411451,0,NaN
0.000130915226648088,0.481982604669302,0.12593722850139,0,NaN
0.00137155093940773,0.466402794461594,0.102079454634608,1,30.57
8.78701815391056e-05,0.397032674127696,0.0807907128579907,0,NaN
0.00135386637618147,0.32236132484862,0.366126230609981,0,NaN
0.00107499490877362,0.376222187765955,0.391504779694718,0,NaN
0.00227704956870258,0.163850642678067,0.499146249835008,1,51.78
0.00199538789672544,0.189167500274464,0.416547235159907,0,NaN
9.60228813841964e-05,0.499774002242557,0.390642706931678,0,NaN
5.83270062357801e-05,0.290700028079427,0.268334763080019,0,NaN
9.98088624898515e-05,0.357084551390787,0.412304314861559,0,NaN
0.0096369810813737,0.473043656804398,0.0847345259138172,0,NaN
0.000221861614873433,0.22844238852659,0.159969482178827,0,NaN
0.00442945399294667,0.478830098390488,0.421718637427786,1,26.55
0.0040337685869369,0.040635438271376,0.454812275223532,1,16.69
0.000220415809293242,0.46568983115232,0.235486007131702,0,NaN
1.04644162662788e-05,0.196579930243172,0.181084937865932,0,NaN
0.00409905667492875,0.189124856655323,0.223068957462518,1,17.4
0.000297180450682131,0.266694233611836,0.170584598877071,0,NaN
2.85921770327743e-05,0.285615918030479,0.312663794285094,0,NaN
0.00023770406623442,0.439422153977256,0.123889279993858,0,NaN
5.6769942837952e-05,0.0295102732699665,0.145921512824979,0,NaN
0.00908513372047105,0.281124815608882,0.109365832302179,0,NaN
9.39710710357099e-05,0.0576412037525385,0.197551719259683,0,NaN
0.000312318594812705,0.449938115847882,0.341745820160922,0,NaN
2.2154139383369e-05,0.172031487826189,0.101395905937493,0,NaN
0.000605861617158708,0.0469107864681322,0.171995004862762,1,47.03
0.000511378095138643,0.413463962624384,0.449636044985653,0,NaN
0.000996603246622524,0.450700791142,0.0846476621345371,1,42.5
2.04230144598735e-05,0.288465540423552,0.162372445216455,0,NaN
0.000129554383151512,0.0561491535722821,0.331392829351542,0,NaN
0.000517305092950468,0.400061199119702,0.364393519053727,0,NaN
1.32964038827843e-05,0.375809164178701,0.0431320793724845,0,NaN
5.92738924998731e-05,0.333894373308365,0.298109413859566,0,NaN
2.97329916937504e-05,0.196753208648552,0.164026228960833,0,NaN
3.67918945210155e-05,0.40735868220268,0.262318119618391,0,NaN
0.000723990946399633,0.286214648586087,0.303885248439881,0,NaN
0.000139245957253235,0.133257445614481,0.348526115959416,0,NaN
4.88583078011494e-05,0.39454486111442,0.314041093195611,0,NaN
0.000698780272055647,0.327092030456116,0.365546883846544,0,NaN
0.00736635679148807,0.147728232980132,0.279598037284898,1,21.25
0.000278200913474085,0.295591756921486,0.247001389263382,0,NaN
0.000985220505185592,0.124047758863217,0.249290345499534,1,27.18
0.00174874575822951,0.228396265243814,0.220894032733089,1,11.42
0.000689120017692641,0.149465346749021,0.040078582136048,1,42.18
1.75085771980733e-05,0.0348522464209595,0.442537752152713,0,NaN
5.53868365222082e-05,0.305636283535958,0.261721162480676,0,NaN
0.00404079810728089,0.44197748211997,0.0759323393650591,0,NaN
0.000206155981527098,0.105277060531364,0.247094397116103,0,NaN
0.000181391298836805,0.21574884620072,0.333038604095788,0,NaN
3.53209404745468e-05,0.476756050516757,0.458530969209164,0,NaN
4.36590373973417e-05,0.49224883967832,0.374408090684922,0,NaN
0.00229485173061771,0.319977639472623,0.262720878864347,1,17.25
0.000193400327307538,0.258656483715062,0.413178622227394,0,NaN
0.000155019275606268,0.145549078332273,0.193645155208526,0,NaN
0.000337361341187498,0.480967901339127,0.0168650273369687,0,NaN
8.93035974103448e-05,0.427912744665508,0.291405371454423,0,NaN
0.000723619180016618,0.343412722282533,0.0713987170563026,1,40.48
1.10929742063003e-05,0.121295788474956,0.11990414112659,0,NaN
0.000198523369464973,0.433632007250449,0.0486338463384932,1,84.2
0.000127560199067786,0.208446569634049,0.238190505831022,0,NaN
0.000845633324913212,0.0994859541668436,0.339725353461799,0,NaN
0.00139910719152045,0.401592070018401,0.162605143959404,1,18.64
0.00213081421685293,0.0525762949740952,0.258840579194414,0,NaN
1.00726713603523e-05,0.33731791599016,0.210742381324354,0,NaN
6.03292747258327e-05,0.479253910533923,0.199424592408002,0,NaN
4.46869766185993e-05,0.183626711038675,0.0763314245734871,0,NaN
1.09093232873759e-05,0.245409268978408,0.444628131642375,0,NaN
3.37802355714369e-05,0.153299099326966,0.248634786961559,0,NaN
0.000160739984491805,0.36866813702714,0.494049325595271,0,NaN
0.000256832711936685,0.336730225197492,0.249800784771103,0,NaN
0.00279644514191223,0.410439332133757,0.0640514568406793,0,NaN
0.00312336979634819,0.0574342072176632,0.282921173403053,0,NaN
0.00150966726913249,0.143993479410622,0.145633500854195,1,11.23
0.000630648476111644,0.477327803882425,0.476291238891115,0,NaN
0.00341227808447163,0.0659735426955385,0.223072173383532,1,22.36
0.0014428911677022,0.0458585872292062,0.490084526177386,0,NaN
0.00310609292379453,0.302985299184751,0.246779690049901,1,19.52
0.0015697009708756,0.112130703320899,0.352402353762656,1,33.12
5.15170920234228e-05,0.462034289008436,0.223868510531142,0,NaN
0.0053756934060416,0.406931387432667,0.227527283028104,1,24.32
1.65600729947467e-05,0.299288356104964,0.227513336543769,0,NaN
3.77762513934835e-05,0.255578137576714,0.0914025164934943,0,NaN
2.93464646556795e-05,0.027543515855235,0.0902578476117461,0,NaN
0.00102559609468555,0.387791975985777,0.0790564100917942,1,53.37
0.00170336011104004,0.307574149118816,0.368074806344056,0,NaN
0.000142668318722443,0.0809648518911435,0.247950079313864,0,NaN
3.6567531634403e-05,0.319279447704233,0.161625217775414,0,NaN
0.00147365747622879,0.362786162126914,0.301092545865276,0,NaN
0.00111721653057313,0.382407891339634,0.0534340922341547,1,71.25
0.000203907009233944,0.470221748460184,0.471340900135787,0,NaN
0.000533842954337359,0.428334781016188,0.301422021220017,0,NaN
0.00530701909490628,0.0431902041407733,0.108518459756727,0,NaN
0.000255361179512558,0.3897730045239,0.359691744850982,0,NaN
0.00599381979182472,0.0649385974047003,0.246489281923142,0,NaN
0.00211289498038764,0.258465126348196,0.157473252166464,1,32.7
0.0095687430761135,0.335954074183864,0.106068544911524,0,NaN
4.47001996308283e-05,0.275195662999239,0.244390152611325,0,NaN
2.40709433335776e-05,0.384639535719352,0.372506317352294,0,NaN
0.000528643144899948,0.185461490916808,0.103401700935316,1,24.54
1.03297948279916e-05,0.16731053011168,0.142370148477135,0,NaN
1.69171708189398e-05,0.258392255791383,0.440284852644214,0,NaN
0.000156454484858807,0.302503835944324,0.195538962358801,0,NaN
9.0103213555981e-05,0.232164530796034,0.0169726583517595,0,NaN
0.000124021304853324,0.122695557983834,0.344882712909147,0,NaN
1.62492242217501e-05,0.329349165338175,0.16291612808949,0,NaN
4.3141066778205e-05,0.0596515678791719,0.177756428030169,0,NaN
0.00473746709340403,0.111442030408253,0.311866439437899,1,10.75
9.85661233766649e-05,0.420741895067169,0.0195880272570616,0,NaN
1.46302009493681e-05,0.126659548991435,0.242717991575457,0,NaN
1.83316540084992e-05,0.146932044881383,0.482871314936384,0,NaN
0.000130080938230474,0.484567506662367,0.0719029577397275,0,NaN
0.00366315970726978,0.199133466900863,0.163464712986802,1,27.02
5.148580455083e-05,0.280538216591429,0.12585141899472,0,NaN
0.00213036562803584,0.0888589375657492,0.446325036696011,1,56.09
1.19816541847413e-05,0.050869569167556,0.0898679959793511,0,NaN
2.96957023371114e-05,0.26842535563318,0.0266169117865289,0,NaN
0.000781044759553755,0.274772169245422,0.478540890414378,0,NaN
0.00161372652137437,0.120574171586871,0.185548569237578,1,12.64
4.17075002799494e-05,0.252862404934876,0.39909302029644,0,NaN
1.92062349091456e-05,0.129240428527866,0.146943190932491,0,NaN
0.000819912838457959,0.290691141932162,0.456260563732292,0,NaN
0.00741932193802176,0.402401875226342,0.440886094766534,1,14.61
2.72718478074196e-05,0.144374835155492,0.0457912511784948,0,NaN
0.000986331676929278,0.0970510173347168,0.282395897467851,1,44.21
0.000936611374938566,0.0497145247908747,0.0233215612311997,0,NaN
0.000118737798596072,0.297758727951296,0.163865253289623,0,NaN
2.31596874618068e-05,0.448743969298826,0.423807209423738,0,NaN
0.00023882212220462,0.0965995158301327,0.302209111287173,0,NaN
4.60823878568792e-05,0.284368254679959,0.43618053628942,0,NaN
0.000894979641998916,0.291634307666888,0.198042972432138,1,47.24
8.79638118579162e-05,0.0848482948866248,0.121145590163587,0,NaN
0.00647858177740587,0.192969510351136,0.151079873771095,0,NaN
0.000102132245765548,0.14027489074092,0.0442334336672426,0,NaN
2.5001141710576e-05,0.0822064980224848,0.151353011315495,0,NaN
2.90464696710683e-05,0.482844640988301,0.217904049724233,0,NaN
0.00938976487585157,0.345274617038096,0.204235982826219,0,NaN
0.00658943993720986,0.222754433559431,0.209676767935171,1,30.39
0.00136196093277587,0.0113176534430284,0.265378817354617,0,NaN
0.00272171738777404,0.403746258257201,0.448252152102972,1,39.85
2.71458853912916e-05,0.339890104408821,0.109117537346745,0,NaN
9.11009052916258e-05,0.315424497951781,0.343008700803755,0,NaN
4.17153798307372e-05,0.0670404189699388,0.48762136230779,0,NaN
0.00142017505582157,0.120017324083761,0.0840525176440323,0,NaN
0.00100218681300198,0.267841178135348,0.117370922034661,1,30.51
0.000122422184502462,0.23920057698807,0.389197220827131,0,NaN
3.54279769812416e-05,0.254306710300683,0.106334957638122,0,NaN
0.00055882244294675,0.305106647096339,0.137338688505173,1,36.49
0.00437216027532243,0.341133431288362,0.307641877782926,1,7.93
0.000953532293261538,0.10068250855673,0.466552252115155,0,NaN
9.67159468344573e-05,0.196040066952351,0.132429419105212,0,NaN
0.00212011391241097,0.202437334244133,0.0229737679462404,0,NaN
0.000212004322666616,0.498568151386866,0.342706296065214,0,NaN
0.00472234609628397,0.271606068836776,0.221453459750597,1,31.73
0.00263215640250703,0.365406916151801,0.366429916388193,1,41.44
0.000298377637476559,0.0744539273669878,0.228319991787228,0,NaN
1.35127472976376e-05,0.120655322752956,0.243362224304553,0,NaN
1.49535896647101e-05,0.266342113490793,0.366910404393722,0,NaN
7.6022529717072e-05,0.261631573253675,0.28733307624103,0,NaN
0.00460942296223092,0.335065588342242,0.481391714970338,0,NaN
0.000110726677495175,0.050814898171736,0.134653108385804,0,NaN
0.0018945625169224,0.13784689350623,0.0728307237247211,0,NaN
0.00461807063062319,0.401993439719281,0.220471316817018,1,28.65
0.00249863752358999,0.112477526296656,0.194228321896173,1,24.82
6.19258562054583e-05,0.146619241461546,0.263735457100048,0,NaN
0.00024544009228616,0.166042631706317,0.157249795132582,0,NaN
1.61276382781693e-05,0.479293778495109,0.229737881995758,0,NaN
0.00276142586141738,0.474071900079359,0.311363295126672,1,26.77
0.00092236406743425,0.0144156681395266,0.151497113775407,0,NaN
1.54108690382179e-05,0.369680427889659,0.379387541219172,0,NaN
0.000559428415264984,0.181252080627082,0.337268408336707,0,NaN
3.34819979833924e-05,0.0471852493649596,0.254692241509087,0,NaN
1.69187221821521e-05,0.280666739776241,0.0534639069233732,0,NaN
0.00137863749271187,0.491845950589301,0.362372661252849,1,66.67
1.32033620804341e-05,0.208812071137965,0.0587338395077561,0,NaN
0.00011027191799554,0.0153942708637384,0.157218453122544,0,NaN
0.00516108673077318,0.0721452152820606,0.271186119826754,1,19.97
1.10599764698981e-05,0.399451248964591,0.15922906878724,0,NaN
0.000260304093641053,0.464714630519978,0.0128348020546256,1,67.57
0.00276124248634988,0.273694033388044,0.175378925534308,1,33.3
0.000409726484705027,0.441422846610415,0.0372508859602645,1,39.27
0.00347250268987785,0.379539333342513,0.193254738349244,1,31.11
7.29485457679241e-05,0.235896895699903,0.0665140242396243,0,NaN
0.00637548583265994,0.201452882067076,0.384822308745725,1,4.11
0.000867409501963412,0.327369541775135,0.460394109795302,0,NaN
5.79737289357561e-05,0.48940105414912,0.1692085476215,0,NaN
7.71535242658918e-05,0.318364543989398,0.0234790197310529,0,NaN
0.000398966439591598,0.36911898001395,0.23594835106513,0,NaN
0.000628218915241203,0.0876653339661319,0.0212345580482961,0,NaN
0.000140847891222966,0.496697576419088,0.261424497715407,0,NaN
3.24082177315659e-05,0.41812524935262,0.134414281435467,0,NaN
0.00339135634514444,0.159347460420239,0.253911922504766,1,6.16
0.00466260146898004,0.0803873748483262,0.135866483627481,0,NaN
2.40788586054585e-05,0.161211216228299,0.218577632547238,0,NaN
1.03571780975393e-05,0.397569292056377,0.427859810510683,0,NaN
3.02940183101986e-05,0.063887074446736,0.215144191690241,0,NaN
7.78983867443395e-05,0.431814375458774,0.39809223196865,0,NaN
1.65116656058836e-05,0.0398328203691915,0.337000557643889,0,NaN
0.00900747151742353,0.368611625049567,0.149264128459326,0,NaN
0.000226696811167766,0.126926822225625,0.423997743225647,0,NaN
0.00930354496007045,0.395838579449478,0.0625897234985869,0,NaN
0.00295671703709523,0.182829818402744,0.0458212387881625,0,NaN
0.000191479863503527,0.0386673385340502,0.357471452445373,0,NaN
0.00174081287418882,0.194748212078783,0.271085818478922,1,17.97
6.68688279366429e-05,0.238967903398638,0.442280568908363,0,NaN
9.82270998233379e-05,0.178218784582389,0.265619155160149,0,NaN
0.00204722003244253,0.457637252125344,0.436506915767566,1,78.57
7.92652922037351e-05,0.303298250946209,0.342825665955502,0,NaN
0.00053674184137825,0.355671220427596,0.387913749814011,0,NaN
3.79261693704387e-05,0.268979572213557,0.141213488816194,0,NaN
0.000799469561140624,0.154969246118885,0.195005145728163,1,36.37
0.00110851841045854,0.380301844484955,0.135241694841434,1,35.01
0.000664188207670311,0.400536611189108,0.287225324491752,0,NaN
0.00485142443993508,0.368506287818809,0.187357075625454,1,25.39
0.00612203687973494,0.277214277174146,0.357374251787474,0,NaN
8.45054342784651e-05,0.293255838120374,0.0788145575196828,0,NaN
0.00930475870265628,0.10732085711919,0.156090937037156,0,NaN
0.00969417766980842,0.298872606338047,0.368827792122288,0,NaN
1.8223972815064e-05,0.446238908882031,0.129504070998667,0,NaN
0.000156723064031681,0.13747984349358,0.375367682915673,0,NaN
6.64715063188827e-05,0.421816010892986,0.39792011828333,0,NaN
4.18656940170884e-05,0.0797644803232571,0.351543059896849,0,NaN
7.87930857303432e-05,0.360312646703166,0.218017243075771,0,NaN
0.00549472536052741,0.474587263638916,0.0662027876911897,0,NaN
0.00163294092003726,0.0264718981248298,0.270377380016193,1,36.46
0.00492135493947948,0.169284687467971,0.293644968545956,0,NaN
8.39149682058216e-05,0.139543189485455,0.337142325054907,0,NaN
0.000504485065762096,0.0588566246368636,0.196899101163471,1,52.69
5.33394037885917e-05,0.0214137672895925,0.225491737725715,0,NaN
0.00646707600175956,0.445023955537417,0.0611244187099528,0,NaN
0.000194899933148113,0.0172494361583399,0.189510730679308,0,NaN
0.00399642969244449,0.160694265071268,0.142435588494557,0,NaN
0.00667794701093938,0.163813463616046,0.489712446724005,1,7.11
0.000325733830081246,0.0373188945565238,0.0797164548711128,1,61.27
0.00770825347318429,0.201178879190812,0.460050732261775,1,5.73
6.02668696568054e-05,0.21727557601266,0.0971837646795042,0,NaN
4.73259296494902e-05,0.0938231965634689,0.22298665255999,0,NaN
9.50011273934109e-05,0.18606655382218,0.495669288492351,0,NaN
0.000190543211972008,0.011179656251746,0.382857445486661,0,NaN
0.00656131744974234,0.240563131929507,0.0163649229559742,0,NaN
0.00418546542685293,0.437704928464628,0.0206158158656468,0,NaN
0.0056424882106173,0.480026468527848,0.213192929064493,1,25.86
4.08232159758191e-05,0.39312887412478,0.304432744478436,0,NaN
0.00687503562572903,0.49386608350796,0.26300222131328,1,21.18
0.00323967211335966,0.238573723192764,0.135359584479368,1,30.26
0.00033550161542958,0.197439250172132,0.114250023619871,1,49
0.000308558330341513,0.473141878651644,0.475642310129184,0,NaN
2.81865361248462e-05,0.28878716035574,0.310870063128907,0,NaN
0.00045154108944716,0.286414528910853,0.0814093635478476,1,30.81
2.66925050144097e-05,0.340066918609486,0.154004854400142,0,NaN
1.87203124496134e-05,0.110405101298994,0.139261012361553,0,NaN
0.00221281177408967,0.0850674169469366,0.336981176951999,0,NaN
0.000229101035489086,0.197978299111998,0.378405227527778,0,NaN
1.05149036868709e-05,0.141526093750748,0.368125259738584,0,NaN
0.00376508236317925,0.330701838816828,0.145566022695021,0,NaN
6.90617066393874e-05,0.148440905681206,0.201962021404403,0,NaN
0.00132476033728548,0.0734111722316318,0.0847612071880364,1,32.81
5.35945191993074e-05,0.0936407557851916,0.341776047058646,0,NaN
0.000117478960743332,0.23623898924973,0.356193111447027,0,NaN
4.38127696682101e-05,0.394132285508475,0.272457311153108,0,NaN
0.00201002663498454,0.406244111858674,0.0565833563754566,0,NaN
0.00447158147816851,0.459383942136073,0.210501130754923,1,29.61
7.11601851521225e-05,0.479308559468063,0.280922381955439,0,NaN
0.00160118208932723,0.39416765933373,0.0127814655669427,0,NaN
0.00121652716518763,0.419857001215063,0.0513375472483725,0,NaN
1.18870432294336e-05,0.0743498445398274,0.363269659446459,0,NaN
0.000904083780605395,0.412528117321695,0.173434240157202,1,35.6
1.67371352019883e-05,0.304559132530687,0.494546834404532,0,NaN
0.0022926985059144,0.207570183758813,0.18698770741997,1,20.23
4.58137591385402e-05,0.267238208786492,0.29615184499704,0,NaN
0.00130972758747248,0.34785083328924,0.487800259553638,0,NaN
6.00906116747155e-05,0.423079225591137,0.250097748399885,0,NaN
2.43243480352994e-05,0.389296731251368,0.402448401259402,0,NaN
4.81803630341375e-05,0.120550312094314,0.498326688623285,0,NaN
0.000442955106124194,0.189985638773596,0.274987615735158,0,NaN
0.00193167231438404,0.193852174242339,0.271819746497208,0,NaN
0.000297547399282621,0.10629008054494,0.0248306243744693,0,NaN
8.24367476334128e-05,0.190843358193028,0.212751364310201,0,NaN
0.00179416000274733,0.43807628972318,0.325101016193123,1,50.78
1.18141748348322e-05,0.201001095296866,0.0316728720838092,0,NaN
0.000884550137859653,0.165279151274865,0.382859645938373,0,NaN
0.000672945005536769,0.145866553168784,0.0661041527328022,1,40.99
4.0730890923058e-05,0.194005927807688,0.468531181849678,0,NaN
1.13806936020509e-05,0.10814172043088,0.317501371304182,0,NaN
0.00108018164357259,0.0967972932859667,0.143655865220485,1,18.3
7.82646925822972e-05,0.149020329875942,0.283437019941405,0,NaN
0.00269338357476313,0.29226902703825,0.22363904937118,1,16.61
0.00993439705038936,0.0387054424382237,0.376892719061985,0,NaN
9.41578557178272e-05,0.385620285232993,0.497040387676741,0,NaN
0.00935104529331805,0.37025805067968,0.340503313538862,1,18.86
3.62098801192127e-05,0.435950173524451,0.0414522637755589,0,NaN
0.000187139538145529,0.284630334727016,0.0538282184379182,1,63.63
0.00253299860293799,0.080744383556653,0.235689192854137,1,14.25
0.00941474449302612,0.423123583109919,0.222473315876822,1,71.85
1.94935823691269e-05,0.337667827833474,0.0787181807035558,0,NaN
0.00209054304099084,0.184510394731823,0.0933899623183116,1,35.14
0.000207090703909487,0.444412739011478,0.225633972534044,0,NaN
0.00064529325559558,0.281372193055876,0.485340099952096,0,NaN
4.89708708416071e-05,0.222715731640708,0.259898718880343,0,NaN
4.4149502478989e-05,0.408343158067863,0.409802656989094,0,NaN
0.00260079447937195,0.139959427886069,0.422726463689247,1,24.26
9.55033202189739e-05,0.288742267045255,0.165315165389657,0,NaN
0.000967585336766331,0.142896034936574,0.024988830877385,0,NaN
0.00173182706574286,0.136333558927782,0.439051711909704,1,55.61
0.00101043529115137,0.389514835614255,0.42660347607704,0,NaN
1.31861080233402e-05,0.272614054424034,0.322724515271541,0,NaN
0.000493795577038413,0.202870116216129,0.322497458250089,0,NaN
0.000376516831849813,0.498111290131469,0.355259611153098,0,NaN
2.03555245946824e-05,0.404593560149877,0.207826966563721,0,NaN
0.00112687417115176,0.315689222797158,0.155519874854344,1,17.02
6.27195645600935e-05,0.320143250622785,0.458263226342181,0,NaN
9.09864776427549e-05,0.406769497188764,0.194535070659238,0,NaN
2.36623559294242e-05,0.461808817487925,0.339430202352978,0,NaN
1.96266211098203e-05,0.404463915276846,0.267824054587992,0,NaN
0.000561884000159204,0.22915683598022,0.0877334759159269,1,23.1
0.00673151195731671,0.0522658785551982,0.430138457989509,1,17.34
2.07250643212303e-05,0.13150841139011,0.140498782429049,0,NaN
0.0016772420585563,0.369999994932461,0.226930991587692,1,24.24
5.02395847898555e-05,0.292663883197098,0.25138943623051,0,NaN
0.00334715029239283,0.304277187398961,0.261938721442481,1,17.92
0.000933583073849808,0.0623648818434692,0.170678833752173,1,37.05
7.15304660785687e-05,0.407808352281049,0.244377265473539,0,NaN
0.000175221023248213,0.185117506688612,0.310425075772626,0,NaN
8.14670463650892e-05,0.377995558057088,0.110644345311672,0,NaN
4.01722032322722e-05,0.0917569052554816,0.270465045913154,0,NaN
3.2069711108851e-05,0.458224152430508,0.117680910717024,0,NaN
7.60066331960311e-05,0.389012070884236,0.281410005830523,0,NaN
0.00017035764699235,0.192001440868069,0.451969232870411,0,NaN
0.00043386348503017,0.28491354131673,0.345079689274452,0,NaN
2.45688525333731e-05,0.0814902485546938,0.420628046481173,0,NaN
1.53052538356477e-05,0.233125512583115,0.0645782367911548,0,NaN
0.00015267572684191,0.307315056446447,0.184881410959306,0,NaN
0.00519637830321644,0.415248888585162,0.365768531590258,1,13.11
2.12190096276552e-05,0.108812090925767,0.330954525969063,0,NaN
3.33793678095239e-05,0.392829959753522,0.302349031884261,0,NaN
0.00058836957941622,0.0852007897046791,0.0401282090040089,0,NaN
0.00240957684440518,0.455574793065834,0.0881246854635134,0,NaN
5.82534051784961e-05,0.285257395765577,0.108681028778145,0,NaN
0.00200504392558747,0.185886467254206,0.0240388069194686,0,NaN
0.00277244283719991,0.376760370019599,0.366935137709439,1,33.63
0.000179592259649107,0.0585110654589488,0.499705345510385,0,NaN
0.000601754987431817,0.499857414489968,0.278994919601686,0,NaN
0.000940106602515426,0.277576271506926,0.149363288890757,1,24.17
0.00112009814008877,0.110566806314743,0.319894050189996,0,NaN
0.00167480535278032,0.495340353259639,0.0292812352738871,0,NaN
0.0023989417281108,0.205936694044268,0.261684560037294,1,9.95
0.00290112000927736,0.289031912313823,0.302610813068263,0,NaN
0.000249963472748147,0.0103043050016484,0.0408935066440029,0,NaN
0.00398087146373629,0.18962101923411,0.0933147169981238,0,NaN
1.60478733035808e-05,0.384781006987454,0.247786562247009,0,NaN
0.00772075807930031,0.295035239805872,0.483519546891259,0,NaN
3.63520087349201e-05,0.363781998301462,0.0814589377433889,0,NaN
3.68171129383561e-05,0.0500135731809547,0.350998082814616,0,NaN
8.93580208638809e-05,0.402196863744961,0.409809837354195,0,NaN
2.30162570450443e-05,0.456567436275741,0.356565894700664,0,NaN
3.79080643987861e-05,0.0499355011436265,0.374945736717826,0,NaN
1.38484351484354e-05,0.207076937132861,0.299643705509602,0,NaN
0.000740839536951168,0.181767457384944,0.0895279417437128,1,38
0.00987258181110012,0.20668343843982,0.036470647583641,0,NaN
0.000162646055466423,0.234481138150859,0.403138597146483,0,NaN
0.0066347222993658,0.178532396963582,0.309947232053344,1,20.99
0.00240163994709817,0.234773183097108,0.488428332560748,1,35.16
2.69604928982302e-05,0.361423023577889,0.159741451119598,0,NaN
6.29399423653131e-05,0.261485843345281,0.195313312954227,0,NaN
0.0046255948217148,0.344885843571507,0.111057340415443,0,NaN
4.92237245314913e-05,0.426218232679504,0.0785560722681483,0,NaN
0.00325138393912018,0.33700844516403,0.0713830882085555,0,NaN
6.53052837628494e-05,0.378968639846487,0.419467946656088,0,NaN
0.00847783383382131,0.373712671498173,0.484051645508258,1,9.25
0.00117201419022761,0.0141525663570434,0.187842067485485,0,NaN
1.30080769245702e-05,0.478804758764545,0.130808257911028,0,NaN
2.42630804683942e-05,0.400340572922133,0.0721486162661177,0,NaN
0.00187537987174612,0.297436157049933,0.176265308766479,1,19.14
4.00254596236673e-05,0.31069553218856,0.24334101487368,0,NaN
0.00034974221278508,0.372397286147222,0.425712670160491,0,NaN
1.8795159148827e-05,0.0500964960525804,0.23690398418249,0,NaN
0.000388792009267529,0.0298706727443195,0.198576488580524,0,NaN
1.27628602470515e-05,0.381291536930792,0.203089778883462,0,NaN
1.82467508259018e-05,0.292193831223934,0.383040298373294,0,NaN
0.00221349920440255,0.453393096739707,0.210911821734734,1,16.01
0.00144318052255774,0.195807936856981,0.241545432408606,1,26.33
1.30282822869096e-05,0.136790886759723,0.325244260673081,0,NaN
0.00461461846936476,0.0206925316527708,0.328062648545481,0,NaN
0.00629709085825418,0.408264712539541,0.288072277385281,0,NaN
7.24156186664932e-05,0.499235430076936,0.366118427682384,0,NaN
0.00736335098879275,0.2306157267842,0.0301401628034661,0,NaN
8.21485086111754e-05,0.0360744792421718,0.319133478588114,0,NaN
8.32833095165934e-05,0.359108833770581,0.326375848681646,0,NaN
0.000956603567308231,0.342254621155244,0.487212414455396,0,NaN
0.000368667130554153,0.133451604252273,0.382644333201087,0,NaN
0.000294725133432711,0.334652065241841,0.453814289056242,0,NaN
1.17391654367379e-05,0.469379407446835,0.170164046548478,0,NaN
0.000439109224033315,0.272467954950007,0.401198725188368,0,NaN
6.19563647286944e-05,0.204284870275812,0.240624503035558,0,NaN
0.00341548377577178,0.317187939678922,0.260998324548876,1,13.71
0.0076806218612284,0.434896801004964,0.253584149719918,1,29.25
0.00106981259864748,0.299552239782931,0.115767098690731,1,31.06
0.00268984885858794,0.392807594493772,0.311761258025307,1,20.64
0.000217854704112316,0.0395205679938179,0.363744791011525,0,NaN
3.27372907312999e-05,0.491141528380968,0.22519468200552,0,NaN
1.48317619496401e-05,0.229125071992398,0.0297558241529444,0,NaN
3.87508357881174e-05,0.0254082730320303,0.432004188277328,0,NaN
0.000114907270726963,0.45859779838188,0.0897985682566717,0,NaN
0.00912194793542477,0.199290933642148,0.240856576360928,0,NaN
9.80635913791293e-05,0.2364052858301,0.471650091096765,0,NaN
7.3690596859484e-05,0.35895609179579,0.429500760166963,0,NaN
0.00116771784747574,0.258705357656121,0.407675879277012,1,86.68
1.64171259116143e-05,0.493609743628999,0.137212924629036,0,NaN
0.00051105832151691,0.114291948676697,0.403334943223151,0,NaN
0.0080984796159369,0.212562258737721,0.276068236242226,1,17.72
0.000155445403047106,0.144776865446653,0.312391314033973,0,NaN
0.00326639830728715,0.0715437328230182,0.184441018155654,0,NaN
0.000147047834732488,0.147044446842642,0.296813054339244,0,NaN
0.00409533126296285,0.458154382948448,0.424654549899899,1,32.87
1.06847422515443e-05,0.108501928637909,0.135974468431302,0,NaN
1.23445607987971e-05,0.147982328811931,0.011889248258666,0,NaN
0.000794391831027638,0.0583463881785603,0.19691997606234,1,35.55
0.00142747327682733,0.330040492358352,0.459166060644524,1,67.9
0.000774030327127526,0.126538470490455,0.440324110098494,0,NaN
0.000979864588472176,0.220948253908666,0.124958672019339,1,30.56
1.22497677195654e-05,0.170219096441136,0.368922757220255,0,NaN
0.000597783987975692,0.170929461765084,0.490954576743358,0,NaN
0.00254800537212843,0.248826849188869,0.145575486425124,1,30.9
0.00126671244615997,0.374184120825732,0.342971045680002,1,61.36
3.08865628199129e-05,0.321354623189784,0.0849717012511123,0,NaN
0.000838551845658474,0.440005548652634,0.0682859452735859,1,42.22
0.0036361203757323,0.376356616018104,0.0251137309015119,0,NaN
0.000142197598325546,0.262739558575314,0.20034590620678,0,NaN
0.00984066021500982,0.360370320560599,0.0209315467711887,0,NaN
0.000301890872201554,0.172709248857539,0.330284846935205,0,NaN
0.00726870369029665,0.207932835310497,0.239877785659571,1,24.8
0.00140691445653668,0.336903833792891,0.0148811114463941,0,NaN
0.00687014956698687,0.232778964968895,0.191080808083566,0,NaN
4.75036923945974e-05,0.452840266449606,0.45464839465279,0,NaN
0.00333514144341549,0.214611396809443,0.409951076376033,1,13.43
0.000321550355788321,0.0840619869463178,0.390239251549728,0,NaN
8.18229688873904e-05,0.476535718051108,0.308210589434005,0,NaN
0.000204113619899764,0.0680308223389819,0.186975378566593,0,NaN
1.8279985754016e-05,0.0638398619123747,0.437418150784008,0,NaN
0.00233719528899624,0.203469953871938,0.34026146897301,1,24.19
0.00473435309438654,0.251832459362775,0.468321245296288,1,18.44
0.000874532375467137,0.181703066589891,0.092811795399991,1,31.69
2.09335596027787e-05,0.0608911121079117,0.412104596510605,0,NaN
0.000500992540443458,0.43530065267917,0.0475925189548912,1,32.66
0.0027878133019574,0.415603662383782,0.300272143859613,1,16.48
0.000863031961472023,0.0670089256112871,0.299842456846704,1,42.23
0.000299018598042255,0.479712841100996,0.381763308994275,0,NaN
0.000814310723460397,0.0825490916740143,0.15299932471011,1,24.71
0.000148507674210825,0.349891246235512,0.305851575366161,0,NaN
0.000192312907730839,0.487531769191733,0.0497824172533503,1,82.6
0.000273263810834926,0.443112049606874,0.120864062778131,0,NaN
0.00224574369908754,0.0545655613840437,0.353683613713378,1,23.43
0.00290159447880582,0.172075325259508,0.339918698813309,1,15.91
6.64214933298528e-05,0.238459541873044,0.396143666897082,0,NaN
0.000131252977691515,0.238236795966261,0.0831706913799238,0,NaN
0.000122876903645761,0.39945309490307,0.14048198691547,0,NaN
2.64015219180937e-05,0.39965378173448,0.452629896778634,0,NaN
0.000132028013313432,0.256790196995314,0.118071262169851,0,NaN
4.05307383773983e-05,0.407116285439276,0.378075772137813,0,NaN
2.73120686764435e-05,0.0152931045007461,0.260568328735606,0,NaN
0.00013414306883035,0.232420610377219,0.0926537018821131,0,NaN
8.53068133748665e-05,0.45048989983691,0.319022826900391,0,NaN
0.000228023763471375,0.0502622436303991,0.366628729559797,0,NaN
0.00463601476801216,0.449506793449307,0.232475722587298,1,26.24
2.42609465762655e-05,0.0523547037171321,0.390774906019179,0,NaN
0.000313835776637008,0.484403679341248,0.217594424314407,0,NaN
0.000104315063879944,0.240264446509823,0.241811179407351,0,NaN
0.000102792944442649,0.283274392060647,0.459756758803858,0,NaN
0.00615590252251284,0.347210800084577,0.316777915115378,1,22.72
0.000158733583216709,0.174548310704146,0.126512437854474,0,NaN
5.89092967397916e-05,0.308018352509663,0.0857360378278718,0,NaN
0.00454073582207028,0.191274250884622,0.165542617159504,1,47.44
1.6891378352527e-05,0.123845776416197,0.359352900501392,0,NaN
1.10917197637889e-05,0.417036031841607,0.150063893233014,0,NaN
0.0022295184701683,0.306193349872417,0.312417799577876,1,26.79
0.003556773871678,0.172547699705182,0.147430016364438,1,7.57
0.000122438230520564,0.285763813373536,0.346604025274966,0,NaN
0.00011640391539921,0.416282843779517,0.333847958029443,0,NaN
0.00019625430743612,0.449627705579793,0.476950027503184,0,NaN
0.000198217563181496,0.468359566164619,0.0102490201815863,1,87.6
0.00984400917607543,0.486932891695999,0.424972345516935,1,8.03
2.05385012009471e-05,0.0235946064941154,0.474225576093412,0,NaN
0.00132655784441088,0.274446852782295,0.241254509337115,1,26.7
0.00912304609832208,0.433612775229405,0.298284824323618,1,21.13
8.6366442817021e-05,0.287838472714273,0.015991497158966,0,NaN
2.12656578548857e-05,0.433544584849632,0.333774534779549,0,NaN
0.00054470015417562,0.275958495839851,0.0193474874543494,0,NaN
0.00100539706353046,0.465949546768472,0.405756753000942,0,NaN
0.000432112654917689,0.0443856263956976,0.339260928034473,0,NaN
2.17077455869154e-05,0.40631119783997,0.399790341324195,0,NaN
0.0047155552842286,0.434793188278036,0.440602023879706,1,21.31
6.8720332157796e-05,0.204814361773578,0.392199418800885,0,NaN
1.41301580658046e-05,0.494876348721998,0.330590667257526,0,NaN
0.00460869698213365,0.0520072621780371,0.463855432452966,1,14.14
3.34686657066283e-05,0.0610878221794272,0.478599747252913,0,NaN
2.4393911738597e-05,0.320864796923364,0.27794274583162,0,NaN
1.83157526457667e-05,0.219486690541457,0.305834904839544,0,NaN
0.00142460164859313,0.12278785566686,0.0787175615637402,0,NaN
0.000124327952674623,0.0597166716326297,0.473491076042769,0,NaN
0.000100471356837105,0.271815816823413,0.0259962202667578,0,NaN
0.0013362092128739,0.207407120374428,0.0738462232331052,1,55.46
0.000255588843837172,0.251823158699587,0.373517597404488,0,NaN
1.07744679612976e-05,0.381965231735516,0.0462663690120622,0,NaN
0.000103389037631006,0.294061370312798,0.477093878742206,0,NaN
6.55300253643241e-05,0.0829284882623277,0.497940960563046,0,NaN
0.00195564068869207,0.0916587625703713,0.401295260291833,1,22.44
6.43144122177277e-05,0.339835273292814,0.150269767697293,0,NaN
0.000199039939081189,0.103974107561709,0.30026937939965,0,NaN
0.00219660365957987,0.116303266113478,0.154061521229767,1,25.55
0.00980285058673722,0.315923009360254,0.175307675031634,0,NaN
4.57960470146619e-05,0.183688206358586,0.104894612932358,0,NaN
1.59048489389969e-05,0.0953600431947555,0.109023711550649,0,NaN
0.00137447165051579,0.121507667212833,0.367329412814776,1,50.07
0.00743143241944174,0.297774258804445,0.252594988208716,1,25.63
3.48298637730428e-05,0.0546320338615099,0.164651747766305,0,NaN
4.06409946506405e-05,0.496056879268425,0.225143623739017,0,NaN
0.0059198528711619,0.25715410332494,0.479457155111541,1,13.23
0.000104320879588604,0.321319523079676,0.144613027178557,0,NaN
1.07684245327453e-05,0.103197092406388,0.437877605951207,0,NaN
8.23356802277948e-05,0.20419612140317,0.213570653560064,0,NaN
0.00031131027106887,0.15828760005785,0.4168131606504,0,NaN
0.000608868833607999,0.106913064372973,0.212595290282564,1,55.16
0.000418180068892894,0.017917625231102,0.263237532059753,0,NaN
1.04308691754336e-05,0.214616881666445,0.153664472240798,0,NaN
0.000845228647249561,0.0516264692251394,0.096472481823718,0,NaN
4.89553634790314e-05,0.176449701613245,0.0232817612914125,0,NaN
0.000615524823388648,0.147643561442506,0.18846438970795,1,66.06
4.46952670821916e-05,0.0748210074323321,0.119573548665097,0,NaN
0.000247189595572325,0.370235789874581,0.260050729951427,0,NaN
3.22252780836782e-05,0.138260446353042,0.190064646442724,0,NaN
0.000378186801448367,0.331645687191959,0.334772684560584,0,NaN
1.10030688631256e-05,0.469372040024829,0.481937317319565,0,NaN
0.000534307900524059,0.193000264856413,0.296283031603728,0,NaN
0.000541977464925846,0.191626442660343,0.421130008995568,0,NaN
1.99277781418116e-05,0.0528763337396581,0.141253397999807,0,NaN
8.53766954317235e-05,0.472394889573437,0.132410575045357,0,NaN
0.000385028556468175,0.150944314281914,0.101675400902766,1,35.58
2.26080777475638e-05,0.0292986639670301,0.469427358379574,0,NaN
1.68530430925799e-05,0.169511664865433,0.313247931211188,0,NaN
8.97858590425322e-05,0.426735789666164,0.406946433048409,0,NaN
0.00294329411928862,0.0401951025826176,0.33508702011649,1,20.97
1.63388506564513e-05,0.302810843932416,0.325737720001519,0,NaN
0.00359462453876737,0.0121118315904778,0.319080570547203,0,NaN
2.19550415078934e-05,0.411400948565815,0.0969268135122998,0,NaN
0.00964146911307281,0.327814774760962,0.0249089403541151,0,NaN
1.49913072163327e-05,0.164749283409473,0.0652158569513623,0,NaN
1.87501880629287e-05,0.257478958803244,0.0938168210625846,0,NaN
5.00572406009182e-05,0.299574809563693,0.146394686968886,0,NaN
1.28393197909552e-05,0.471012813071734,0.189920701592873,0,NaN
4.39524016521615e-05,0.242014491008121,0.261234510111518,0,NaN
0.000203580520121559,0.150186582072399,0.0119646319898329,1,51.85
1.92448268906285e-05,0.138841305574659,0.11072669636076,0,NaN
0.00385415621052646,0.406596588328091,0.436744528944174,1,21.31
0.0030802495360467,0.156906050076823,0.386833792173497,1,31.58
0.000185964741455134,0.0802530171167968,0.461559111442335,0,NaN
2.30179907674593e-05,0.289296317298758,0.077657313944825,0,NaN
0.00025630508667483,0.181896965301848,0.454688238234827,0,NaN
3.81389432095659e-05,0.0882000550247635,0.284427150803054,0,NaN
0.000272044058071283,0.123342719126318,0.306883575122569,0,NaN
1.18957916509374e-05,0.309517449184997,0.0473208942614575,0,NaN
0.00217775726185827,0.243294421402886,0.211320650563531,1,15.86
0.000859166971249579,0.445274549768163,0.459456016966025,0,NaN
3.41794258836842e-05,0.309855756721823,0.42499867612132,0,NaN
0.00010940798293727,0.0743191348898994,0.14545018262749,0,NaN
0.00527520695046046,0.169831191542491,0.38799004210153,1,5.78
4.35782629730779e-05,0.0877984088311095,0.424999248928656,0,NaN
3.584098215297e-05,0.488305940155711,0.398477098294823,0,NaN
0.000229622473340689,0.311933782754878,0.472739962447419,0,NaN
2.74448151656818e-05,0.0606573002777573,0.435415933783207,0,NaN
0.00240659540687727,0.111972160578741,0.197954576426144,1,12.12
0.000630222188887134,0.259811047289924,0.135905213383172,1,33.4
2.91419163574128e-05,0.0889200409561367,0.266438287620337,0,NaN
6.6715292930015e-05,0.467613915494911,0.267856342541448,0,NaN
2.8768594041233e-05,0.189176795383567,0.497327676897353,0,NaN
0.00908541825442016,0.457220348796213,0.241134571320711,1,44.43
0.000285738096365176,0.0287823708049635,0.153989442467129,1,87.58
2.64711247321747e-05,0.257277923756471,0.394968478244825,0,NaN
0.00332380416183806,0.249326521960683,0.240226725408911,1,17.63
2.05637912682722e-05,0.379719428132573,0.0291235155975128,0,NaN
0.000955466505279825,0.0695495614561924,0.30677601072952,1,78.16
0.00105466965064051,0.445569635442888,0.193809271420367,1,32.78
0.000318014358297315,0.053696009053985,0.176965458189258,1,69.05
0.000815210586411274,0.210204400801132,0.485905043424668,0,NaN
3.00991532291162e-05,0.0972012770878826,0.298621140722083,0,NaN
6.69402159381933e-05,0.353346901623152,0.229481127003254,0,NaN
0.000668403493633971,0.282409919863713,0.406273427827527,0,NaN
0.00307288382028046,0.232310615105985,0.142927784680101,1,50.61
5.56986732378704e-05,0.302387513489108,0.0766154787642489,0,NaN
0.00860448976916759,0.363078833132286,0.397798706403956,1,14.7
0.000173247632874346,0.0765497151612014,0.164648003687864,0,NaN
1.05533175824979e-05,0.255434267208355,0.178945619853999,0,NaN
0.000204035357530567,0.491216382225763,0.410109543854263,0,NaN
0.00566797027408085,0.468177891295435,0.273657415888875,1,15.8
0.00459103759048655,0.215402054248749,0.100513059653975,0,NaN
0.00310143867940229,0.033583352847063,0.109196944783569,0,NaN
4.93370320952955e-05,0.0747059904280759,0.477385773288613,0,NaN
0.00594070180538588,0.45376828265485,0.416127503228153,1,12.94
0.00386937344375218,0.33424756858688,0.0875234910550045,0,NaN
0.00380051819439782,0.0997639997292018,0.493983476837181,0,NaN
0.0093959606391815,0.0436287978223843,0.309251436616737,0,NaN
1.01206363057551e-05,0.444548562616633,0.090213148216371,0,NaN
0.000446502699552036,0.363571591271149,0.363120951007384,0,NaN
0.00231215021364286,0.34743164028202,0.414520974098997,1,30.4
0.00741230938250406,0.187368373804157,0.169087830013704,0,NaN
0.00867844655492341,0.194095681287301,0.0534682822345803,0,NaN
1.21751293108397e-05,0.481689833072744,0.319298163794203,0,NaN
0.000792550356352142,0.311041423752051,0.195421376650003,1,53.56
1.43882901281197e-05,0.193985051445514,0.34713464610411,0,NaN
0.00608549889918344,0.0274632323462682,0.255845595134659,0,NaN
0.00321874802911717,0.0844504826007179,0.122626714510704,0,NaN
3.0507492102014e-05,0.425464268576907,0.0735236852453224,0,NaN
9.496505042388e-05,0.439967473584017,0.298048535940735,0,NaN
3.30802120600688e-05,0.150720337722126,0.300444395876543,0,NaN
8.04001606378044e-05,0.440202421280101,0.100923187454215,0,NaN
0.00106822412868004,0.0981527465211337,0.39290888787376,1,85.74
0.00364024574211229,0.138507814050604,0.162968982362557,1,28.2
0.00185910764506608,0.471819635775689,0.0738174459776949,1,67.61
0.000158782512544323,0.3302986294912,0.0605907504206837,1,90.85
0.000132206588012823,0.142186361807612,0.372646239488308,0,NaN
9.07940012422582e-05,0.472548399871446,0.0579233962443359,0,NaN
0.000316075289833938,0.48450190059734,0.0217800451219774,1,54.88
0.00196654995962847,0.362170386041171,0.0305666942112563,0,NaN
0.00378558865142052,0.303770415951709,0.425185777038622,1,15.59
0.00014115928328736,0.433172682563831,0.475204275872849,0,NaN
0.000207596069655917,0.18682913236857,0.462829768942571,0,NaN
0.00205996061563974,0.0514731387169264,0.244168810609668,1,19.47
0.000979733806736035,0.492597304591645,0.204116871935983,1,69.54
3.91979710378756e-05,0.0971963549368398,0.0195600054934374,0,NaN
0.000672178268841162,0.108887231853356,0.254729741929276,0,NaN
1.05176701195407e-05,0.208755018277233,0.240849923579244,0,NaN
0.000437807448856312,0.23990630722728,0.410055014115288,0,NaN
2.63683721331933e-05,0.0358431366941363,0.182276170828196,0,NaN
0.00234400680710526,0.152717860668224,0.377352164108826,1,39.78
0.00672786000335425,0.111286775828779,0.113041782450702,0,NaN
0.00423236772486093,0.249622796695438,0.0856845312520988,0,NaN
0.000866699978227127,0.0232304737221108,0.47944240065763,0,NaN
1.18792288298608e-05,0.385807194134092,0.105992302850752,0,NaN
0.000314527569250648,0.347871063143389,0.0568471838656883,1,41.22
0.00259193231924912,0.2764913245142,0.305859342405753,0,NaN
0.000134292737847412,0.342419172226208,0.411086731234362,0,NaN
0.000159425523366833,0.137169010940819,0.471955472891761,0,NaN
0.000983306527422543,0.0911885305548014,0.193331459454161,0,NaN
0.0012928158095327,0.131729683770406,0.488426518429426,0,NaN
0.00182984130490185,0.234684442155558,0.30412483718913,1,20.98
0.00725400590587967,0.122134266529752,0.453903138431145,1,5.02
3.09681382129233e-05,0.105314601920443,0.0487664678892166,0,NaN
0.000732070981917906,0.248175116496477,0.141032720549826,0,NaN
0.000336591561459193,0.39562167451968,0.273811578310181,0,NaN
0.00397200121565282,0.211535615508343,0.453180715847837,0,NaN
0.000118005650859611,0.101299062546476,0.341529994511871,0,NaN
0.000988472433527474,0.402471430406132,0.133128803573009,1,20.26
0.00144248405240514,0.0569519113309644,0.157467182878116,1,53.54
1.7766334415737e-05,0.0144550535758704,0.0945400793581402,0,NaN
2.48238001356151e-05,0.324817553795032,0.263778261187092,0,NaN
1.39980968735645e-05,0.196521694379391,0.421080100156986,0,NaN
0.000399321826121013,0.155948909204725,0.217390607695406,0,NaN
4.53532435351154e-05,0.316547393700723,0.361820895032889,0,NaN
3.07959254090681e-05,0.499789864842871,0.395414520561279,0,NaN
0.00386897420459184,0.303772178910404,0.376816717154823,1,11.59
0.000131546339128007,0.213384249009419,0.212893770342573,0,NaN
0.00849014814382563,0.489248691725541,0.234363870348939,1,46.33
1.54465631805756e-05,0.438935093710534,0.156744144177162,0,NaN
0.000780562385997022,0.154915939794419,0.125343647871262,1,35.79
1.26177978305636e-05,0.114736370243117,0.200015673645062,0,NaN
0.00191172854013118,0.397352237799109,0.0623908174204197,0,NaN
1.02771652588217e-05,0.194087180577198,0.262740333144772,0,NaN
0.000126525137694825,0.49173969373914,0.124231322406474,0,NaN
0.000478223476955165,0.0444848837744403,0.195350922264315,1,59.99
0.000324842202954645,0.447819834238679,0.328976409308148,0,NaN
0.00192741850377568,0.171172772283366,0.278608381050746,1,12.74
0.000670876266504842,0.370788405549739,0.455229611497059,0,NaN
2.05992116043485e-05,0.443921186042946,0.139315307755118,0,NaN
7.57357907380712e-05,0.0986863814770603,0.275089214274813,0,NaN
0.00010495339224858,0.222316220052736,0.424079375684658,0,NaN
0.000303388028973341,0.0430598852390571,0.158256369786117,1,84.49
5.96539836250769e-05,0.321351325943708,0.387836114394643,0,NaN
1.99363541282231e-05,0.264405055856672,0.313157023867363,0,NaN
1.73759005998618e-05,0.328767947277182,0.393626951836476,0,NaN
0.00373101360012306,0.222975161660159,0.277605269700788,1,17.88
0.00551990703632303,0.13670239123308,0.0348243728159395,0,NaN
0.000725105545730435,0.382525330589182,0.0251074592559693,1,91.44
0.0030272342489001,0.294168000274164,0.112883921418871,1,61.06
1.65964615012962e-05,0.100112137143135,0.139516043159884,0,NaN
0.000130780781615134,0.315410142849327,0.0816062662215338,0,NaN
0.000512310134915734,0.246221507700333,0.287515804203215,0,NaN
0.00131325008613393,0.257969766071566,0.256519326546371,1,29.26
0.00151118367044957,0.475045133774173,0.303352131145881,0,NaN
3.54735434185494e-05,0.270171191440023,0.115235575175586,0,NaN
0.00994605505828058,0.130247257567567,0.0619913551227027,0,NaN
0.000455663932581015,0.04303171156008,0.259564016648884,0,NaN
0.000634001579338845,0.377125554271458,0.402830012692325,0,NaN
0.000866076650048156,0.20610057926106,0.277803340806085,1,77.4
0.00027231394176492,0.112568217234374,0.477731228386362,0,NaN
0.00112383709562361,0.0833957893032439,0.0669535706737919,0,NaN
1.88206210568435e-05,0.227173089967244,0.0185484959954109,0,NaN
0.000313352612294864,0.23728751643156,0.47978127902948,0,NaN
0.000873237468524648,0.193749067334876,0.0432212982352703,1,35.45
3.41479144148257e-05,0.0454942268624637,0.38644932891284,0,NaN
0.000218636679047207,0.321866473083108,0.117629162113327,0,NaN
1.06953091625777e-05,0.28316147838225,0.278682882574678,0,NaN
0.000143506743046336,0.180243010727833,0.22376342351788,0,NaN
3.84781293143319e-05,0.127526932453279,0.349739451462347,0,NaN
1.56425664144264e-05,0.105690988397654,0.389525606078496,0,NaN
0.00461043377944535,0.349955687738669,0.474701210128689,0,NaN
0.00286834260273782,0.45129546863442,0.269679476048695,1,16.3
2.85180469688754e-05,0.408574904622307,0.119154213339719,0,NaN
2.84955148580697e-05,0.453548184116388,0.105388361623688,0,NaN
0.000223679488830142,0.10318083658713,0.33772265441621,0,NaN
0.00650266844560448,0.217627400359304,0.236688730585474,1,21.52
0.00207023468049771,0.44091103390058,0.168310470556289,1,22.59
0.000123266941726589,0.406538996637885,0.267197559428546,0,NaN
5.18038481306289e-05,0.368565544175784,0.13880791239343,0,NaN
3.47106484876703e-05,0.217314930449529,0.317291708475179,0,NaN
0.000113276655254346,0.494733063916249,0.230603796508867,0,NaN
0.00960428632890627,0.408056177347605,0.344559075276454,1,12.39
7.04776343359899e-05,0.448583393836084,0.446559455922073,0,NaN
0.00109330742416341,0.463697790042553,0.271740683006754,1,53.1
0.00416569054582949,0.147044414151827,0.0665140235670209,0,NaN
8.80483092976783e-05,0.39230133983283,0.200675337101171,0,NaN
1.5802898697838e-05,0.14344474845627,0.428680379169231,0,NaN
0.000652520680794268,0.0672141296905859,0.46157172479675,0,NaN
0.000373468419656652,0.0721739625069777,0.434024836796502,0,NaN
0.00471824188358095,0.145553853924624,0.0593130854250821,0,NaN
5.30298583887253e-05,0.069694488656053,0.368851025579068,0,NaN
0.00149114106248897,0.217301716022613,0.253241842306989,0,NaN
1.38404257687556e-05,0.400186662371411,0.420251192126207,0,NaN
0.0022704873954268,0.285948340309228,0.0162247026752564,0,NaN
0.00101311163838319,0.266883534764364,0.400199737115095,0,NaN
0.00165830619455647,0.306084183083327,0.225759875520361,1,16.97
0.0009992997270607,0.393781696906452,0.360154000121864,0,NaN
2.83306411971712e-05,0.226920186339019,0.408663455393341,0,NaN
0.00271257105392155,0.182781723522725,0.118359516443072,1,11.72
0.0012769057907275,0.404573429282255,0.159324907119395,1,21
3.00648584302149e-05,0.105515116871424,0.142066516879567,0,NaN
0.000210907055833248,0.2784799847764,0.333427577978273,0,NaN
7.8881734988461e-05,0.106907096088399,0.420198661213049,0,NaN
0.000821014811199859,0.0400194556167614,0.246791086597511,1,71.18
0.000123797729159366,0.307823321335912,0.214292442417679,0,NaN
0.00173555711245958,0.31398312850259,0.473881217984839,0,NaN
5.2263214814574e-05,0.292891840092726,0.315006049368699,0,NaN
4.12307076880623e-05,0.123833066312773,0.13258749905957,0,NaN
0.0008816775897745,0.0491073073048215,0.0376608422840735,0,NaN
0.00770480983667054,0.313216756646492,0.121218300321768,0,NaN
0.000143877195049194,0.154049270770998,0.450132541724598,0,NaN
5.73231160641546e-05,0.319906624656316,0.280278105895923,0,NaN
0.000272328440447269,0.383648974698976,0.398589631593762,0,NaN
0.000267569763382352,0.486056874934278,0.255537271665466,0,NaN
0.000351423498619261,0.240194954056623,0.0193152301127103,1,41.33
0.000173455046789151,0.0501537107754939,0.315545009235212,0,NaN
0.00310970234888528,0.0466609894887947,0.289497628308465,1,15.53
0.00296760683544771,0.0775428067194241,0.423819190082382,1,17.91
0.00106923920820791,0.231185924623554,0.355898820892786,1,62.35
0.000494110394129725,0.432107563296337,0.125060849691232,1,47.86
0.00792986912693859,0.0179980666595486,0.161712761465867,0,NaN
0.000458615322827709,0.0303448205650252,0.45546931868403,0,NaN
1.0948736011997e-05,0.264814171608701,0.105723068199274,0,NaN
0.00176057490932192,0.0592179276906016,0.231185075211813,1,19.3
0.00346314428461602,0.203509953354573,0.0884775601784159,0,NaN
0.00209824960531207,0.423148430081616,0.247390563202449,0,NaN
7.5279293237313e-05,0.284365479763661,0.263463109457073,0,NaN
0.000168811464636299,0.45559010739438,0.246958141952095,0,NaN
0.000708387302692382,0.103501528559756,0.434553238841513,0,NaN
2.03620717333404e-05,0.0680338123509113,0.358893001366005,0,NaN
0.00012904878672796,0.460294261710713,0.441010152296797,0,NaN
0.000564546171521781,0.228104363929449,0.123674882152178,1,27.46
0.00165790316595888,0.197851896361836,0.0803893334979957,1,24.71
0.000162903177458198,0.494633057043118,0.315270250966631,0,NaN
0.000394594046302659,0.0809582924271438,0.206498544080593,1,74.93
0.000271849951440314,0.0611987996394238,0.301977464766894,0,NaN
0.000198784632021048,0.113205492949388,0.221216020748296,0,NaN
0.000422180636628385,0.204354704530092,0.0915668900673728,1,30.43
0.00964931926392667,0.320715913183222,0.247545375068134,1,39.9
1.77857975426379e-05,0.441544773797779,0.355242188974132,0,NaN
0.0054404141872835,0.342524934378043,0.389669217533957,1,8.76
0.00900246770089857,0.330050184480794,0.0969924025157693,0,NaN
5.78510918757512e-05,0.239442523365894,0.282874371695222,0,NaN
5.16401773417845e-05,0.0370912202548573,0.351249380940234,0,NaN
6.28651421702947e-05,0.0527016377165761,0.288037133585811,0,NaN
0.00115807312601657,0.30444193815757,0.103622478908127,1,47.22
0.00225757695774912,0.196943652592589,0.316094021737265,1,20.15
1.3378231215679e-05,0.29882115523133,0.0879848247067012,0,NaN
2.73495743064072e-05,0.380893198651707,0.213360752219402,0,NaN
5.7043205434779e-05,0.321379986618134,0.275994440601829,0,NaN
0.000594337807178337,0.477790015039339,0.0218448071273264,1,85.15
0.00013722892891338,0.360995284809949,0.361123283060081,0,NaN
0.0015117586810456,0.236655013372812,0.0271580202451423,0,NaN
0.000302770342501076,0.150562854817097,0.079740910138219,1,38.8
0.000727460697910619,0.0783177290133468,0.375741046498434,0,NaN
1.57715094319043e-05,0.0676010608442879,0.436631121239206,0,NaN
0.000885448341906091,0.204196967892717,0.15009968627939,1,17.06
0.00233382715940573,0.3397257042408,0.336951663661849,1,24.64
0.00982136001116112,0.259836951663206,0.434206445811772,0,NaN
0.000335471224057574,0.4537606539587,0.395814437875974,0,NaN
4.15834472461011e-05,0.216854798099458,0.130826614360555,0,NaN
0.00532578597727978,0.209919970437814,0.262057913576481,1,22.65
0.00624991062226036,0.239866254715203,0.162949484198922,0,NaN
0.000696031804394663,0.105244632113966,0.411509756188254,0,NaN
0.000513747890901776,0.222381384993482,0.0735439387926497,1,45.65
3.80506703056294e-05,0.239200674622978,0.249971366288516,0,NaN
4.77787028859114e-05,0.495178242637628,0.332021641545264,0,NaN
1.19122012176922e-05,0.351758617900032,0.326026962469371,0,NaN
0.000552736225233531,0.33253262295571,0.157973350641592,1,88.36
0.000568438214156138,0.0302958012358565,0.491363243225161,0,NaN
5.34661265086165e-05,0.452095725717039,0.225587888471835,0,NaN
9.31600506640532e-05,0.253715239806432,0.353444195928065,0,NaN
0.00601448700848723,0.103054747509782,0.264921200485291,1,19.99
0.000130160853099351,0.216752860686614,0.444932028035152,0,NaN
0.00868412278826112,0.201100644247148,0.491441647334266,1,17.47
0.000720844697824112,0.401750535227951,0.4693298624991,0,NaN
0.000525869993863973,0.362591401581592,0.32030860542975,0,NaN
2.03789043307192e-05,0.140524931386369,0.193496251370559,0,NaN
7.30626566904108e-05,0.30174936864606,0.447026623438481,0,NaN
0.000374406726177281,0.213226193123553,0.415570371359001,0,NaN
2.49172046311687e-05,0.074023398765775,0.0710387427335882,0,NaN
1.06386030358639e-05,0.298430733967755,0.214444464036373,0,NaN
3.51940972658477e-05,0.495794132810436,0.461917124060193,0,NaN
0.00513525537749633,0.433560338804778,0.190612341807713,1,43.86
0.00236716622748217,0.368469822988171,0.487042519619677,1,50.46
0.0055875150213831,0.486330501235115,0.135455263525336,0,NaN
0.00561145454964257,0.222825731119152,0.382680946629701,1,6.07
0.000269763601105948,0.388073333519057,0.102984378686456,1,77.22
0.00631749283897368,0.339013402606358,0.104789568584416,0,NaN
1.24836532534357e-05,0.193960071832977,0.170754483054769,0,NaN
0.000630402748143957,0.329626223557462,0.497290799755887,0,NaN
6.01883184546977e-05,0.334846748622492,0.210953643471999,0,NaN
0.00639420156192908,0.278696967539943,0.231217013239733,1,35.56
0.000835160369303594,0.0262345961383891,0.032542235998818,0,NaN
0.000759608432159598,0.147910096507214,0.34257688187403,0,NaN
0.00900415057167232,0.230290159734101,0.366468529027366,1,17.87
6.60421013120906e-05,0.495848704918334,0.321927717200596,0,NaN
0.00677633159228414,0.456432044824162,0.311664730648052,1,23.67
0.000110961020304977,0.227496343311095,0.43981413513932,0,NaN
0.00104849763614408,0.449175605673208,0.102435020373675,1,37.02
4.60588593391912e-05,0.156095918010667,0.158615482917476,0,NaN
0.000406086559677873,0.343534605989834,0.404349211475802,0,NaN
1.8258290903828e-05,0.350895504555156,0.427005447848546,0,NaN
0.00771592767252755,0.0470124035814677,0.471991446036022,1,13.2
0.00394401824674222,0.41040915942032,0.0475063281594721,0,NaN
0.000363125754184106,0.422107421255657,0.259222575583741,0,NaN
0.0080704681777162,0.353111565177819,0.49545704106004,1,8.11
0.00129692705706215,0.269780090342919,0.0494903842563905,1,50.34
1.07007560784791e-05,0.471531327116015,0.111599460830976,0,NaN
0.00487041365520071,0.0941354395664616,0.0965639318403873,0,NaN
9.46614400897167e-05,0.0214833123150724,0.290529216611129,0,NaN
0.000106666613924973,0.318323185600415,0.319496045768053,0,NaN
0.003848746573294,0.338810492723802,0.0228250831235909,0,NaN
7.08488213167449e-05,0.130579022011014,0.0480526256947958,0,NaN
2.69577660076123e-05,0.295074061427878,0.349235457555274,0,NaN
0.0011807525159105,0.430898732510024,0.241068360925512,1,46.82
4.16040125720131e-05,0.414348779051722,0.0544872137111151,0,NaN
0.00016810848415443,0.240295386610307,0.449906628355419,0,NaN
0.00180180094714107,0.157891980051479,0.365179337280991,1,30.72
0.00101432634758888,0.0399451586235768,0.344807978151062,1,37.71
1.27011159650512e-05,0.0931355362424813,0.276613879347553,0,NaN
0.000125611471090821,0.208842182680896,0.325577252782755,0,NaN
8.08100904005055e-05,0.10643279462761,0.416490838935565,0,NaN
4.33697659768331e-05,0.0123280775988666,0.389931545153316,0,NaN
0.00981260243733993,0.142251213856543,0.417087696043363,1,9.96
0.000180155780469235,0.270113262159566,0.0503028081667092,1,59.27
0.000318749814003641,0.193729875764695,0.0158033277280055,1,62.3
0.00236703106410482,0.255422785915387,0.0649757905780494,0,NaN
0.000766984608006932,0.0859532380327511,0.0498372844774349,0,NaN
0.000566015444366512,0.168568923289639,0.326075025831544,0,NaN
0.000200713022547785,0.196295202624323,0.0488537246280304,1,61.44
3.29838419766773e-05,0.369675612640882,0.059096616971587,0,NaN
0.0053599755246331,0.391624857384947,0.439880065818656,0,NaN
0.00678642727046258,0.151683221671779,0.386667568002849,1,10.84
0.00761434603527917,0.143875142073323,0.242034216805701,0,NaN
0.000185296629261399,0.160690173457317,0.0843088898788274,1,77.26
0.000496346341461472,0.10037566449453,0.115302494856961,1,40.92
0.000215796583251218,0.443876480042677,0.374165352898627,0,NaN
7.56839981782961e-05,0.302261453981649,0.172196203366825,0,NaN
0.00042860242390355,0.473375463083187,0.425672450770274,0,NaN
0.000367841170863627,0.316290478268096,0.146616263085832,1,88.47
0.00181995495505992,0.192726545987781,0.493297788013073,1,55.87
0.00169151806733507,0.255697947273178,0.280417115149992,1,25.69
0.000989779097523104,0.379269067321753,0.251800807117859,0,NaN
3.52726092845755e-05,0.154829616351786,0.31286953470903,0,NaN
3.8428531344572e-05,0.0632721817757057,0.341882931787278,0,NaN
9.19374825110317e-05,0.133057826320542,0.362383397088859,0,NaN
8.161171945129e-05,0.0322021250893676,0.155786995535806,0,NaN
4.83009267569076e-05,0.399680747946285,0.256249870187429,0,NaN
0.000359235829553467,0.499669220931788,0.381568140045832,0,NaN
0.000228484554071742,0.48194960471987,0.166528943565258,0,NaN
2.30119328750798e-05,0.212044271782127,0.455800047978483,0,NaN
1.13567080954988e-05,0.221432888246629,0.0772099120623555,0,NaN
0.00342419611372341,0.241007295971799,0.0745130363088447,0,NaN
0.000349527500141242,0.371493473878137,0.0372381161482036,1,80.51
0.000473707758022626,0.0897029868676071,0.0402193318466608,0,NaN
0.00269154682201889,0.108583969720105,0.0100883195142105,0,NaN
7.30506992012482e-05,0.18925883215131,0.188754473571143,0,NaN
0.000210013161553348,0.115002359342391,0.336346109836898,0,NaN
0.00136813220562049,0.256158616660118,0.122218806985218,1,42.99
1.14687106942605e-05,0.466319862492553,0.0820889866093893,0,NaN
2.91894134173391e-05,0.368077485531053,0.162835212767244,0,NaN
0.00510093406454988,0.340062762177607,0.142065490711467,0,NaN
0.00640286092653219,0.21537325094941,0.0519865011338141,0,NaN
0.000772244288815318,0.322145033824598,0.493392464870092,0,NaN
0.00730679103407184,0.416371911063625,0.465435869800072,1,10.67
0.000435822003569855,0.47437552933925,0.31971476034245,0,NaN
0.000475736470019638,0.408416233060615,0.457545706689744,0,NaN
0.00200057532868287,0.140319449655235,0.0799307801442983,0,NaN
0.000573085171224509,0.23998369530291,0.399392553398266,0,NaN
0.00343672634180735,0.406570971620397,0.36623709239542,1,22.12
0.00364948513865265,0.0147435657393828,0.285941089215042,0,NaN
0.000215833450178188,0.0517325657018167,0.448492640931513,0,NaN
6.36035371000629e-05,0.231973153081143,0.0169264938623553,0,NaN
1.95532184996658e-05,0.324980184481663,0.3498986950933,0,NaN
3.34993540540996e-05,0.381125076161011,0.111206149714272,0,NaN
0.00546041232285146,0.102821156144847,0.223368449096682,0,NaN
7.6775341055141e-05,0.384185489850325,0.143351516262817,0,NaN
0.00013257927125796,0.19648818672071,0.337188350740602,0,NaN
5.52722890518393e-05,0.33777260872654,0.351742098377587,0,NaN
0.00046907191829404,0.0786394784254487,0.1338631750977,1,39.13
1.84517981474791e-05,0.392157627166631,0.12904443585298,0,NaN
5.82804014458651e-05,0.463569705990178,0.207217068555022,0,NaN
0.00810663090213495,0.274221242751634,0.0877895912661189,0,NaN
0.00380249767419999,0.270190618087847,0.126339231094864,0,NaN
0.00110496714344174,0.177083545736194,0.497147933464684,0,NaN
1.31485779459219e-05,0.37083440981661,0.282173197569422,0,NaN
0.0049988638298633,0.357328721933164,0.48353876546227,1,19.22
3.07191419782957e-05,0.423406752993221,0.347260639283793,0,NaN
5.16655654577873e-05,0.408241097036296,0.0124309143824553,0,NaN
0.000536217996136249,0.427289466380064,0.387012559579267,0,NaN
0.00456244770073646,0.419957033688431,0.465858667593522,1,32.86
0.00145808867605598,0.376358829655211,0.15611738156613,1,16.84
1.62958921197846e-05,0.177819190101238,0.126816324077379,0,NaN
0.000383292927063603,0.452978605247743,0.231026689300678,0,NaN
0.00327045633339105,0.266986307047697,0.166581388165463,1,35.6
0.000514168062072244,0.14925410892853,0.3691698962968,0,NaN
1.87544505212678e-05,0.0930891290021933,0.127279863112554,0,NaN
0.000703640703102527,0.34877507978462,0.125831372513608,1,26.98
1.34656589698002e-05,0.090083411853301,0.121321871107689,0,NaN
2.68053058809569e-05,0.178416299650214,0.41610613995796,0,NaN
0.000333743538631609,0.452840188321975,0.124935411521209,1,89.56
0.00571885463533214,0.290667049717256,0.270420012482294,1,22.02
0.000379566767930762,0.295550806288863,0.373200442100103,0,NaN
2.94550334424592e-05,0.40122095588049,0.366353803072919,0,NaN
1.09636848476551e-05,0.325686811022713,0.22652224935693,0,NaN
0.00575176467954454,0.467487486638015,0.32290960040376,1,8.49
0.000167435499855298,0.187093337440297,0.464063524569588,0,NaN
0.00308874907735373,0.355891716557299,0.450711789634258,0,NaN
0.00194551071918598,0.237656008572669,0.354478963080645,0,NaN
0.000116314726631898,0.233917662483243,0.261794671385416,0,NaN
0.00698513890923113,0.410894780655342,0.371355825960571,1,15.4
0.00194231667659049,0.445201799897385,0.347769788244624,0,NaN
0.000358576230059565,0.291719325759409,0.107701763792122,0,NaN
1.47608224641932e-05,0.484618833055784,0.431707147865484,0,NaN
0.000790118533601491,0.0189098810274509,0.183672924023379,1,34.98
0.00421387877653254,0.49934508646382,0.362105059621276,1,20.2
0.000278778932631726,0.0757201300707195,0.0549564333935822,0,NaN
0.00661863729464206,0.162261657850856,0.1296568316062,0,NaN
6.50880594121356e-05,0.465798381459953,0.175351690038642,0,NaN
0.000502392178317781,0.286667646162813,0.0708310847104951,1,26.04
5.62156810644143e-05,0.492133163019307,0.114367133480443,0,NaN
8.42522103105797e-05,0.260711586068402,0.2330046258244,0,NaN
0.000506048555354972,0.227860357792857,0.38948527264232,0,NaN
0.000250009279995505,0.174629404037518,0.136957609807552,1,94.08
4.94650956827167e-05,0.0240535967860985,0.369720722666381,0,NaN
0.00843585466438213,0.0896706107723902,0.132516707720676,0,NaN
0.000197253327096347,0.191127443074339,0.341614930307506,0,NaN
0.00021366874879695,0.474269076879003,0.258159013499617,0,NaN
0.000630999345061042,0.410339245515194,0.212334080989106,1,77.32
0.000810089973645556,0.495822823448333,0.330401063433732,0,NaN
1.46084749308395e-05,0.336330976699054,0.0465937768280986,0,NaN
2.41775847257911e-05,0.490877981034915,0.450119995168418,0,NaN
0.000668635459609337,0.264840439512767,0.398183227860004,0,NaN
5.66935058561372e-05,0.335372143281164,0.370759266779343,0,NaN
4.81031681975547e-05,0.356425466027438,0.353956786906543,0,NaN
0.00115413412665403,0.286613294776419,0.322034481574542,1,43.06
0.000240674862647577,0.0402461745829657,0.147966317855534,0,NaN
0.000146154155130903,0.0227711630581956,0.471960035165996,0,NaN
0.00465676411135255,0.430411775885613,0.386571460155342,1,16.56
0.000262254764118402,0.224020176267237,0.25328667269093,0,NaN
0.000161283459396073,0.266590262559113,0.158027573088966,0,NaN
2.71640782596846e-05,0.225030255120623,0.0606417842518168,0,NaN
0.000278362697918893,0.0592711366511154,0.3190525293908,0,NaN
0.00158597373090167,0.169538858770071,0.476763829404604,1,62
0.00219003524649226,0.218111850697563,0.493025808851959,1,57.53
1.23690619610253e-05,0.0543772983504388,0.338739402652328,0,NaN
0.00989176199620155,0.14002523385468,0.17106031599507,0,NaN
1.35252274756783e-05,0.28855893337878,0.182444502586861,0,NaN
5.62938906617712e-05,0.0269042595371208,0.0772634846959677,0,NaN
3.425723508707e-05,0.0270081567248087,0.195299622311679,0,NaN
0.000128273488539459,0.485797253597713,0.294598253632118,0,NaN
3.45151243193493e-05,0.24044255406018,0.446131449424191,0,NaN
0.000673893693972534,0.397561288150192,0.4081351633245,0,NaN
0.000832093257757557,0.123439008493351,0.472778267075026,0,NaN
2.15243040694851e-05,0.253609783018027,0.309555223572131,0,NaN
0.000344871810989449,0.41513516935581,0.251379559486499,0,NaN
0.000465502200594382,0.461748362202867,0.473193472322607,0,NaN
1.14862744395667e-05,0.153232105838759,0.451527238291586,0,NaN
9.28795789362552e-05,0.061599652027119,0.0291532513092197,0,NaN
4.91149076412343e-05,0.323010271138541,0.0523266559261003,0,NaN
0.00317755344482157,0.0622111543586792,0.360924549015277,1,13.05
0.000563544128527211,0.370890076180675,0.0160601325214235,0,NaN
1.48895555696501e-05,0.265516860655747,0.420282438747383,0,NaN
0.00041467698651185,0.415678200179746,0.463752597760109,0,NaN
3.07022615668532e-05,0.471402464098284,0.0431493164627407,0,NaN
0.000122640065871546,0.359979108719797,0.345788471349931,0,NaN
0.000107744268528355,0.0105521611588128,0.460004136526713,0,NaN
0.00052965906145769,0.294353454023751,0.226901159725289,0,NaN
0.00849549706979011,0.445722262576543,0.275426822530689,1,25.17
0.000577777188577462,0.256328469492332,0.387905192812416,0,NaN
1.26973620403198e-05,0.492764863155749,0.42113854439676,0,NaN
1.44101325418643e-05,0.167103103995508,0.0892457009517308,0,NaN
0.00227144820525931,0.358279900088224,0.124982477772789,0,NaN
0.00247272661957288,0.197029637296661,0.192874416554195,1,19.45
0.00124002120427021,0.209934520452399,0.484361469599079,0,NaN
0.00041908662916899,0.416593913006064,0.164065141936214,1,80.38
0.00021415239993839,0.184326204368487,0.0363240482318017,1,43.81
4.93778740583056e-05,0.0542326330475237,0.0184489764271124,0,NaN
0.000656001012045912,0.124553819892855,0.492648331258737,0,NaN
1.65079938159296e-05,0.190778421363688,0.329298405688508,0,NaN
0.00115676643726378,0.156900155263596,0.413057118548853,0,NaN
0.00679472146970761,0.0298472689069175,0.473073293437015,1,5.34
0.000321024108587951,0.18920375066958,0.0756254307094012,1,39.69
1.97508707775157e-05,0.0630490525847246,0.189542768925339,0,NaN
0.00365036085797732,0.322925956142741,0.159484183519944,0,NaN
1.72267883331633e-05,0.367528976655049,0.403709731367966,0,NaN
2.31685425663317e-05,0.0513056431409963,0.472660164316459,0,NaN
0.00581527499565106,0.265289699502976,0.284265289949958,0,NaN
7.41640197356394e-05,0.154015481649484,0.492371495733651,0,NaN
0.000174109001320406,0.171382621855261,0.318416705124372,0,NaN
8.23525335054858e-05,0.354492415523051,0.46212248598143,0,NaN
0.0021111313972596,0.409367595837136,0.358540180785231,0,NaN
0.00596918072672889,0.0992525752481593,0.181154552903768,0,NaN
0.00149025999314623,0.212987049389338,0.151039742348068,1,22.23
3.05514454780808e-05,0.186835398722552,0.421760188884197,0,NaN
0.00171341335845846,0.104730170224318,0.234785498238556,1,15.25
7.99347944670959e-05,0.182249864952633,0.271903923949695,0,NaN
0.000259260941592654,0.149052223240384,0.341457300541554,0,NaN
0.000584833980426368,0.382043481222209,0.353759924967826,0,NaN
4.03814248232304e-05,0.119687239121679,0.435607306398926,0,NaN
0.00150913289440468,0.0685597115892096,0.378803387718479,1,59.72
0.000471658572713895,0.109923305716029,0.417587612484985,0,NaN
0.00108396261201419,0.406250076758757,0.312193572683252,0,NaN
5.5230021330431e-05,0.1229954203166,0.172183086413991,0,NaN
1.80843925553838e-05,0.473978779536828,0.187519281445541,0,NaN
0.000211195868267014,0.0340344266816653,0.05746294986727,0,NaN
0.00370894292293487,0.232623262474397,0.281003712764574,1,15.72
6.96508772010355e-05,0.230849407788219,0.4457591592094,0,NaN
0.000506894132372699,0.290511617584172,0.404713227000271,0,NaN
0.000440774215413188,0.393211181288315,0.497240536567886,0,NaN
0.00656411044125658,0.37085286266963,0.188966128156503,1,39.06
0.000254929771627836,0.460354825800865,0.10032311298697,1,94.21
0.00216596112407636,0.0213740594009808,0.0922949623306721,0,NaN
0.000114980231161383,0.348736727566424,0.395824414730105,0,NaN
0.000661727124742843,0.330290848668611,0.47218688028758,0,NaN
0.000677220045068851,0.152595928984318,0.242172278076741,0,NaN
0.000113479667818702,0.469819387162474,0.0797984357050678,0,NaN
0.00092358894332143,0.342823686614369,0.117641023382004,1,20.68
0.000649359830153202,0.0632324871174972,0.256927193297382,1,52.43
0.000201564889309806,0.15148510646002,0.0290464445006408,0,NaN
0.000416661670866969,0.340715245249225,0.332720741270916,0,NaN
0.000884309551880958,0.442110936666384,0.167499385287428,1,38.07
0.00267030587126373,0.402841921176595,0.195302518330022,1,19.89
0.00386758911551414,0.343895425623583,0.314040593441978,1,20.41
0.00459645425481336,0.0753715328607613,0.110118101696646,0,NaN
1.66248605937035e-05,0.141947184230128,0.275278054592568,0,NaN
0.000128979500533261,0.336660751464275,0.305673243239287,0,NaN
0.000226877004123653,0.102272244976746,0.431088872442734,0,NaN
0.00634212336535161,0.395826610197731,0.401753571205322,1,9
0.000255954065324672,0.105318527033536,0.444289814226935,0,NaN
0.00174660644938284,0.0830784637717545,0.435221758314854,0,NaN
0.00459864349380209,0.0768502693045334,0.396122226824706,1,6.58
0.00237386006902896,0.206862082599152,0.0579462579721824,0,NaN
0.000572497430106507,0.149853704333071,0.0591391223017434,1,48.3
1.85010856463193e-05,0.49675352492452,0.376127643705479,0,NaN
6.61590784992093e-05,0.0121949907697662,0.115353640869208,0,NaN
0.00194967436784067,0.333217167599708,0.240015980424657,1,16.66
2.33330672271797e-05,0.311694793255277,0.149724113910715,0,NaN
6.06713000718775e-05,0.121350390222942,0.294076961736101,0,NaN
3.28070460509208e-05,0.385327207274455,0.189722246585523,0,NaN
0.004473197938724,0.17592047438483,0.49873673067102,1,22.21
0.00133757608994853,0.0213267709395539,0.236507393659429,0,NaN
4.85297412669111e-05,0.173066588338593,0.149734962807337,0,NaN
0.00806593175948188,0.139635511456001,0.468403442840372,1,3.32
6.27767807918434e-05,0.233483880766139,0.134862433936337,0,NaN
5.08350068133472e-05,0.425425347611457,0.169708627302859,0,NaN
0.00663612625968853,0.298622279086909,0.345824475061125,0,NaN
0.000122042444577424,0.381816893633321,0.209642376429228,0,NaN
1.41639705588439e-05,0.0917803348725069,0.17878334989167,0,NaN
0.0021760278932066,0.319590271162167,0.374225450096184,0,NaN
0.00225502051896526,0.303752060802654,0.175701669245432,0,NaN
0.000770060504824329,0.499091059126673,0.417076565119,0,NaN
0.000176712912830267,0.0978678108365064,0.222314534025416,0,NaN
0.000753102624844673,0.407518468637141,0.235167773653165,1,76.08
0.00576789049077464,0.464612444457172,0.495133294672881,1,19.21
3.85762660439227e-05,0.215419420598339,0.335287832885346,0,NaN
8.02453377975758e-05,0.492667940996769,0.471275137477537,0,NaN
0.00672559775802477,0.431532643661835,0.143743019378335,0,NaN
0.00734815952893404,0.141964966199087,0.315621125272662,1,9.4
0.000147298618299724,0.353690763126909,0.24386835548766,0,NaN
0.00270208304756944,0.198687615268043,0.129988860904547,1,31.16
3.57802527524754e-05,0.153444445279088,0.404955213777407,0,NaN
0.000184597226813916,0.0729526136335611,0.0225741355017123,0,NaN
2.87424774614521e-05,0.0654503721900918,0.0756366608749312,0,NaN
0.000179937427132609,0.287142886861125,0.227083184876916,0,NaN
0.000232626693767203,0.293148960698395,0.184208799890243,0,NaN
0.000250696828214395,0.0880159950846375,0.0201609119926076,0,NaN
0.000914599127651336,0.030664493474578,0.407664445687969,1,88.84
0.000758762735845381,0.204520102415634,0.115319862751382,1,18.72
0.000826447634344115,0.355189879403463,0.364450604099659,0,NaN
0.000163658054269283,0.0182111748125541,0.291474675912632,0,NaN
3.37372237236137e-05,0.280782734735585,0.130094894134478,0,NaN
2.08484907840567e-05,0.403047434965851,0.176523579740944,0,NaN
0.00181348267421699,0.18650957460124,0.46670336173737,1,56.68
0.00123022777972276,0.17380889047379,0.205699221527557,1,17.75
0.00871266706508614,0.356575518664431,0.269354416614034,1,34.04
2.36670084419055e-05,0.441331357414732,0.27113762998577,0,NaN
4.61454845564524e-05,0.220217589981027,0.0812902696744878,0,NaN
0.00137159488225175,0.349628567970627,0.180017419624847,1,16.6
0.00171635232261165,0.242976565985337,0.177014073637413,1,21.13
6.17375892623606e-05,0.366628333297011,0.468269556546809,0,NaN
0.00250079284361171,0.0826534755353937,0.0905369607665749,0,NaN
7.95422562253382e-05,0.108076567740084,0.459406755255537,0,NaN
4.66746201563047e-05,0.265339193575255,0.288117093185019,0,NaN
0.0013829833668062,0.233470279127558,0.464245980255273,0,NaN
1.10530318493729e-05,0.0792471401726542,0.177174290924307,0,NaN
2.2057887698055e-05,0.473964976816663,0.374190102174377,0,NaN
4.28630069284249e-05,0.245602724123964,0.0988808597573088,0,NaN
4.8813881643821e-05,0.26050356103826,0.499965621621714,0,NaN
0.000134579497469424,0.0929701142167612,0.399225503636656,0,NaN
2.63480163272495e-05,0.338818428647546,0.390470419153574,0,NaN
0.00114543790322402,0.350533546931652,0.377937333332756,0,NaN
0.000415630584496551,0.462343064482373,0.171083418056954,0,NaN
0.00441139987452806,0.483262138426679,0.253537568192674,1,18.31
0.00171132596169189,0.195810710134153,0.444363253144708,0,NaN
0.00224122011582359,0.467014637670439,0.0219463814418689,0,NaN
0.00036086450395126,0.429239353303152,0.275712757754977,0,NaN
0.000516542766520194,0.112048518636766,0.178808340015763,1,59.11
0.00256014683213453,0.277634721548404,0.447484317855584,1,34.05
1.1930834479547e-05,0.0958523064303082,0.263164462543305,0,NaN
6.62002829948509e-05,0.270103084115691,0.0751995236700262,0,NaN
9.17166046035083e-05,0.254094361331961,0.149819581834976,0,NaN
0.0019486892141844,0.417350007198861,0.464424611095291,0,NaN
0.000342826548046484,0.194139793200633,0.469700566245637,0,NaN
0.00181770747033341,0.0477657767723368,0.217539052839757,0,NaN
0.00209158838243683,0.105328665256708,0.473278830818717,0,NaN
0.00133288361782309,0.348598593812817,0.214457648046082,0,NaN
2.13964759269409e-05,0.396889399241275,0.152422322360824,0,NaN
5.13764135440375e-05,0.31615419540129,0.0669537866171493,0,NaN
0.00221158786290845,0.456013732108214,0.337555721667086,0,NaN
0.00134849388648424,0.361329380744953,0.114565473489282,1,25.57
3.82705690801175e-05,0.434241905048596,0.388487556330849,0,NaN
9.58099149431818e-05,0.0945296282135877,0.296308654601017,0,NaN
3.00243034813193e-05,0.0136820995044614,0.38671940202473,0,NaN
0.000222928804357159,0.0148193792716936,0.220717863916009,0,NaN
9.92942670373214e-05,0.0526321758393463,0.367335305141985,0,NaN
0.00995099642717334,0.24372821182807,0.195076476669504,0,NaN
0.000329444020312967,0.0985640169646281,0.197438567097283,0,NaN
0.0063282283888697,0.293690809351042,0.49642450785817,1,11.3
6.9432107051123e-05,0.454733677831396,0.466588954843749,0,NaN
1.79873917825785e-05,0.3935260868399,0.0204591060013683,0,NaN
0.00124485441351044,0.14736496755701,0.170326747005474,1,32.56
0.00695426595231192,0.309121140966771,0.110668946848241,0,NaN
0.000518521322637409,0.170133924286799,0.182778848047715,0,NaN
0.00897629770889731,0.154787470748818,0.380987986479178,0,NaN
0.00128215509540454,0.332697555429754,0.0888520714539586,1,82.43
0.000935285407654909,0.026756704837003,0.130096719996473,0,NaN
3.56821663778692e-05,0.408370530637176,0.162643318333978,0,NaN
0.000908536262322742,0.105624596513987,0.162598208439985,1,20.33
0.000670605344218655,0.247449392939973,0.435804535108218,0,NaN
8.10189883478682e-05,0.223631493440133,0.447653245364737,0,NaN
0.000825194376770464,0.158454513115185,0.102806612768672,1,15.74
1.62991936302543e-05,0.297977977346751,0.332822152368962,0,NaN
1.4806752091706e-05,0.259743719677214,0.410872077303618,0,NaN
0.003594286869144,0.397640741914971,0.105057574580297,0,NaN
0.000825588361462868,0.192427275111219,0.497167477964137,0,NaN
0.000240275293453695,0.131478334941763,0.408118955982939,0,NaN
4.46770363826736e-05,0.288034305004104,0.44519659918385,0,NaN
0.00107262458891414,0.384778631318065,0.368012044919801,0,NaN
0.00207637818945641,0.111138072759874,0.284199158685856,1,15.5
0.00186266908608645,0.468337264889704,0.223703516669094,1,20.81
0.00464164587546322,0.209593979110461,0.18201292763806,1,31.85
0.000428674391120195,0.406885807071437,0.227890323537294,0,NaN
3.67663166772313e-05,0.132543120182536,0.228410136905835,0,NaN
0.00207460184227213,0.0777697280710434,0.0353483607978447,0,NaN
0.000518064990748193,0.276527616371984,0.0258007566262659,1,29.51
0.00540454675762306,0.202104175023865,0.407599647561071,1,8.47
0.00303237818066736,0.332159025014938,0.0638775857741699,0,NaN
2.59247873772636e-05,0.0565579913980591,0.120248887797775,0,NaN
2.09136528931154e-05,0.146171875271775,0.33892437710269,0,NaN
0.00321444060676791,0.271755085725537,0.279213530760184,1,17.13
0.000870895904546132,0.487762483361825,0.363762598774356,0,NaN
0.00480167061266365,0.250950945864158,0.0992989835520177,0,NaN
5.7132972308928e-05,0.475947429442763,0.300500328802475,0,NaN
0.00104122484207444,0.207010096113058,0.466542668746786,0,NaN
0.00227689416108556,0.299988265581955,0.0642209201353131,0,NaN
0.000754791534554896,0.315425527787619,0.242497698160556,1,65.24
0.000719736337098523,0.0463765540900355,0.327704164491305,0,NaN
0.00142811066109659,0.32360435518311,0.0374144874978124,0,NaN
0.000224431970723844,0.316273069401617,0.393574153217285,0,NaN
0.00408780113070897,0.476335923294367,0.199233227590831,1,27.59
0.000327885835943659,0.418938745477427,0.206531766150082,0,NaN
0.000742532735442602,0.457762791068341,0.354522560849858,0,NaN
0.000390577026441866,0.105666272026949,0.378768096510871,0,NaN
0.00140342515489024,0.48856598328928,0.120954736925744,1,29.8
3.13950777819719e-05,0.338511163516088,0.46081072940735,0,NaN
0.00055688432398136,0.142844623645356,0.362623875902834,0,NaN
7.40759086900575e-05,0.418681526776136,0.38471130499766,0,NaN
0.000199275809030835,0.434886175104148,0.305122330768668,0,NaN
0.00206752428291622,0.166125472218906,0.158626171505631,1,9.96
0.000484123401861464,0.477473848349843,0.440284215665931,0,NaN
1.13461040063137e-05,0.0569243921012145,0.266916331956693,0,NaN
0.00253608848135454,0.0808434677627679,0.167938048456313,0,NaN
1.8127127831274e-05,0.456397415952566,0.323950796187772,0,NaN
4.40881282857694e-05,0.0335466389273433,0.118814151764204,0,NaN
7.03486052746486e-05,0.11736543842791,0.247882773218311,0,NaN
0.00421807762195576,0.107035595085492,0.0880523246568205,0,NaN
0.00195805428234982,0.291595927814387,0.195288491926411,1,23.55
0.000507316534465481,0.29284553416822,0.349486114292468,0,NaN
0.00432580560793742,0.362439716415408,0.396718589518945,0,NaN
0.00555846660355178,0.190392272955256,0.231394963921525,1,21.51
1.56201075327675e-05,0.336453991524281,0.0379380969372744,0,NaN
0.000902269234432461,0.0534058388588317,0.298302121389526,1,49.53
1.11146629646449e-05,0.219543458777087,0.424103326918035,0,NaN
0.000180966060565909,0.0647630541048157,0.480454871749721,0,NaN
1.37668083666764e-05,0.147209333526968,0.374971061785772,0,NaN
2.88663039043829e-05,0.412315941232494,0.385557065794454,0,NaN
0.00168495794716024,0.364280003004842,0.256843200754867,1,21.65
0.00121798962058042,0.425631075776944,0.086381959823169,1,52.46
1.46013899236236e-05,0.252769212832335,0.212990718362797,0,NaN
0.00220632276831837,0.478012129804642,0.266820811125127,1,23.88
9.44801226221465e-05,0.0240560285176423,0.408369704143027,0,NaN
3.79140727779184e-05,0.471592873832403,0.232164574155889,0,NaN
3.08376228582968e-05,0.0418081241483457,0.434604902841435,0,NaN
0.00377370992421889,0.209224758810781,0.380382876764331,1,14.58
0.00170913236370689,0.265120474380644,0.476603737448975,0,NaN
1.26896842413912e-05,0.298137007523536,0.116175517860768,0,NaN
3.12093329099847e-05,0.4803056518051,0.21752527018592,0,NaN
0.00688948299158898,0.10534793964459,0.0672196352667315,0,NaN
2.8549740432937e-05,0.213220170969422,0.261217041039637,0,NaN
0.000393429310203249,0.0221387582929256,0.0105621144554946,0,NaN
0.00332648278284535,0.459185925519083,0.293485027941523,1,30.22
0.000104127509841055,0.137207296651098,0.367400564048969,0,NaN
0.000146448134027815,0.0162506669069949,0.0143675233117313,0,NaN
0.0002902307586234,0.172154767218673,0.198151263443766,0,NaN
0.000263171589960044,0.160674914900682,0.399634833748211,0,NaN
0.000510927848232786,0.481997545900313,0.0897160210154556,1,42.88
1.51834260193468e-05,0.435931297351034,0.0255510619755397,0,NaN
0.000103485968340818,0.271972418111443,0.353622727998103,0,NaN
1.49206813218254e-05,0.473450584534212,0.323460186514049,0,NaN
1.28889444061014e-05,0.478375197561688,0.289980569020019,0,NaN
0.000555840482472632,0.162189992953314,0.265266264125298,0,NaN
4.5981062084854e-05,0.0216624111137421,0.224215586873645,0,NaN
0.000529957299509308,0.215461858943868,0.445498022550836,0,NaN
0.000167565703698897,0.206359996619749,0.252171230681967,0,NaN
0.00412182933101427,0.341310135806182,0.197901536190611,1,26.32
0.00280849977745051,0.0812356473177918,0.170852752345552,0,NaN
0.000409570424240875,0.355355267770599,0.38545094475363,0,NaN
0.00814325338987609,0.104567213391472,0.391698700026235,1,5.47
7.3374916719796e-05,0.0874654327549,0.409385390180787,0,NaN
0.000557631730880277,0.341030791828069,0.340214791647262,0,NaN
0.00710406528150217,0.0192793465982211,0.0647652285929733,0,NaN
5.48997857480928e-05,0.258661085500179,0.224795709815318,0,NaN
0.00213241113540736,0.0544771361925332,0.172378097928121,0,NaN
0.000363717616747049,0.159817524490613,0.41253433483058,0,NaN
6.84356174639505e-05,0.124380600517036,0.0810880378517546,0,NaN
1.44664467559288e-05,0.0255399874701973,0.21917671263541,0,NaN
7.45929466046312e-05,0.290042816142199,0.387559931320452,0,NaN
0.000119609452947254,0.181399601891349,0.334419672003147,0,NaN
0.000752000837228929,0.0498089387850935,0.474444127122992,0,NaN
0.000339881670812512,0.352655583061457,0.398789841481363,0,NaN
0.000420509710285782,0.159245001668662,0.476146661960505,0,NaN
4.84031499751448e-05,0.0380482339394278,0.163349218236678,0,NaN
0.000119461337120145,0.43246517529917,0.125096185031257,0,NaN
3.93031869221411e-05,0.245238081818378,0.419697864539524,0,NaN
0.000911842781474809,0.394075155549571,0.399000415027192,0,NaN
2.6197156770785e-05,0.467969423351607,0.303389850357114,0,NaN
0.00311955090516064,0.292921123622688,0.258422911241685,1,21.85
1.03489624136046e-05,0.161951503320994,0.344580733826425,0,NaN
2.54161422671077e-05,0.151849728697338,0.386818134446752,0,NaN
0.00399591661068543,0.344164364335106,0.200429675120561,1,26.45
0.000611893365044996,0.481579009465612,0.222551285087537,0,NaN
3.17395129844795e-05,0.227523694224485,0.311717620586269,0,NaN
0.00146195173243483,0.262677205537305,0.287500279220976,1,27.84
0.00237603540987724,0.166092030171345,0.0940293377302218,1,11.89
3.3235882088612e-05,0.432202317674433,0.0621489566887257,0,NaN
0.0043629338495556,0.0136103079558109,0.383385435576786,0,NaN
0.0016272036904667,0.315459177793573,0.0358119327720667,0,NaN
0.000972643129397656,0.16777485781879,0.114728170638499,1,37.12
0.00973284386569611,0.371210443354926,0.281733749982147,1,26.98
6.77764974654142e-05,0.478611634795434,0.1002421951766,0,NaN
0.000276880017820117,0.342860768424961,0.178488650349865,0,NaN
8.8973253266165e-05,0.222344093579786,0.449854481855227,0,NaN
0.000159639227372921,0.485356699459344,0.270620001720821,0,NaN
4.3728007008598e-05,0.242385405930134,0.0922964179077674,0,NaN
0.00771418278415005,0.486677167361353,0.326704952367121,1,22.11
5.26283882910161e-05,0.0221114970191427,0.466517314829388,0,NaN
0.00386143872632201,0.237246687399073,0.0498970755218077,0,NaN
0.000934135332587128,0.404921633489618,0.199377375619479,1,47.27
0.00510739944118357,0.425746648382145,0.052202198470681,0,NaN
0.000100078624352262,0.309627112175749,0.497113799829106,0,NaN
0.000219670859286268,0.0369301016841566,0.280549765553856,0,NaN
0.000440287407693647,0.0764005562021521,0.475186450351008,0,NaN
3.84554045882715e-05,0.243261992794993,0.455357518833539,0,NaN
1.75878366462398e-05,0.442570782547656,0.238198621181704,0,NaN
5.0285700380875e-05,0.0375346148443196,0.494001720305951,0,NaN
5.09111010374457e-05,0.396142389080741,0.273249949727333,0,NaN
8.75634962086953e-05,0.226128124194489,0.2191468755491,0,NaN
0.0038977791171647,0.499081710731489,0.0375514317944665,0,NaN
0.000309354127728732,0.20295478258147,0.247877762492767,0,NaN
0.000377639868667688,0.306952947671781,0.319986777784883,0,NaN
0.00210529945597614,0.218363817823507,0.126963754114004,1,44.68
0.0033226467460285,0.179576561934847,0.225247166188839,1,30.77
0.000232075202090505,0.134143539063297,0.181135175407004,0,NaN
3.30654673560673e-05,0.180720524060967,0.405170622274977,0,NaN
0.00222413557661893,0.22228030506828,0.470617459400315,0,NaN
0.000217673899905752,0.200193865547512,0.467462314269724,0,NaN
0.000109648331879064,0.282200459702501,0.25878374922997,0,NaN
0.00666745223051799,0.424176758289435,0.164259429025348,0,NaN
0.00993059663843848,0.370938662146546,0.196568341594897,0,NaN
0.00580980008131818,0.402542842296992,0.483036199369898,0,NaN
2.93386884540075e-05,0.0359145211812974,0.480415022677147,0,NaN
0.000482396212084119,0.473344992393341,0.375012348882929,0,NaN
0.00510959333613706,0.317507906049263,0.425653435714443,1,12.06
1.46140921568877e-05,0.275361273441457,0.423289356222941,0,NaN
0.00871483000228545,0.15473779447075,0.117694247619512,0,NaN
0.0076403401197674,0.404824065518865,0.178772728497379,0,NaN
0.000139898240498017,0.212071798657305,0.0153676489459213,1,86.93
0.00925461695295171,0.0396770776651163,0.0947989097381676,0,NaN
3.32827080072277e-05,0.470974695991994,0.0287869568271168,0,NaN
0.00174137809296472,0.0266561848216443,0.25028147193303,0,NaN
1.22541008875828e-05,0.106539228598866,0.255667769980087,0,NaN
0.00413666542768349,0.0445957757426038,0.344234080486821,1,16.21
1.54688409653635e-05,0.191460623623301,0.0992906753023673,0,NaN
0.00032066930847654,0.301646355147478,0.215999065822041,0,NaN
0.000619843882255377,0.272271153348444,0.204774534990188,1,88.77
0.00040750302024657,0.0124794000494276,0.0752192883700014,0,NaN
0.00908546781062967,0.461574130458739,0.415207319442035,1,8.31
1.59249186614893e-05,0.169771428127005,0.423069261845822,0,NaN
1.57798996021346e-05,0.184858699290348,0.21078309256021,0,NaN
0.000165831225485721,0.449479255129246,0.160184135229883,0,NaN
6.86148070060827e-05,0.256908091354725,0.344084969932434,0,NaN
0.00136817244408296,0.378372008577346,0.466994839072693,1,94.98
0.00347604990310337,0.382734136855677,0.0874228925461266,0,NaN
0.00125750726349943,0.466990069906874,0.271000378095052,1,52.95
7.02627271673288e-05,0.360125988336451,0.373587933167777,0,NaN
0.00318115355173776,0.201782891454878,0.388531657818451,1,14.75
0.0012150987404717,0.335490591425161,0.0567453187916076,1,68.37
4.58904146503346e-05,0.0194354648405759,0.466367651210486,0,NaN
0.00485910195154492,0.222217717661543,0.269335577825544,1,23.83
9.14070982255162e-05,0.106604332307314,0.323833757952435,0,NaN
0.000938744355785775,0.220124748769698,0.357925152133336,0,NaN
8.51129582969238e-05,0.0564165407598619,0.220346948487453,0,NaN
4.26296227017504e-05,0.0869813274776228,0.121321266503328,0,NaN
0.00572761222385056,0.325616871835034,0.281883377697876,0,NaN
0.00237307423588317,0.10013142146214,0.497523248291277,0,NaN
1.6580293167139e-05,0.201125548340655,0.221129193866691,0,NaN
2.12881000098339e-05,0.448779868724809,0.440928834936575,0,NaN
0.00824466386400362,0.445625512698205,0.293767025840412,1,21.97
0.000757073831461598,0.405179875986267,0.2440581437531,0,NaN
0.000805719817177527,0.0548761432474285,0.30569849372249,1,61.84
5.09252132005038e-05,0.11549544383924,0.0476516097291894,0,NaN
1.1492475652058e-05,0.499434396370615,0.202856046950261,0,NaN
0.00010720044550931,0.298530857502895,0.269820096069372,0,NaN
1.09430541720903e-05,0.276154297427417,0.239663242759872,0,NaN
2.16650573423814e-05,0.205799834234508,0.118208853585061,0,NaN
1.76533070636836e-05,0.323226763694124,0.0504731127307404,0,NaN
0.000653121073431266,0.199180692602852,0.493163094813871,0,NaN
2.12494792998089e-05,0.362411878832029,0.263874004063578,0,NaN
0.00349216245954403,0.355412614584605,0.34711967640714,1,15.38
4.91339488687081e-05,0.317393337195648,0.0666997153932425,0,NaN
0.00125394133251865,0.461065642844189,0.0385367949658437,0,NaN
0.00026249678543397,0.230918549653545,0.418800876715397,0,NaN
0.000360777620733861,0.0668551596510784,0.201220274105239,0,NaN
0.000262473945511976,0.121724934285663,0.416568092284102,0,NaN
3.8949819552774e-05,0.285127133407971,0.242198720528531,0,NaN
0.000136233547477487,0.193635880969819,0.0569120040802295,1,88.84
2.3626089678105e-05,0.474001947926021,0.40577904744234,0,NaN
0.00637539688413397,0.341535491394061,0.128926202874814,0,NaN
0.000874983136574963,0.485525801106416,0.44128063487327,0,NaN
0.000751389554703807,0.0458608969808839,0.156852940276605,1,41.07
3.8909967081426e-05,0.366998366499201,0.270810757688348,0,NaN
0.000128889326106279,0.18291412089431,0.087536485428939,0,NaN
0.00568202669628519,0.284828449483206,0.116923494356522,0,NaN
0.000107405721777805,0.416860850197644,0.378215291872419,0,NaN
1.22460715303678e-05,0.308407127923825,0.302056876154035,0,NaN
0.00454741803798377,0.333278860228268,0.466352641435805,0,NaN
3.61385847032693e-05,0.40867928355132,0.429075822759734,0,NaN
3.54663626237573e-05,0.100558035944835,0.238141390747396,0,NaN
0.00115442672602074,0.33118070227253,0.0394235858516007,0,NaN
0.00493423978839972,0.384028403038897,0.0269785093105334,0,NaN
5.22019300840229e-05,0.17357416528767,0.0777942961287565,0,NaN
0.00111361482852863,0.405404518477843,0.462306163892116,0,NaN
0.000137946634247483,0.496018096465451,0.364795025975148,0,NaN
0.00277375734100497,0.261729920556718,0.265950420921404,1,9.27
3.433716002486e-05,0.248411194778147,0.0983173385633792,0,NaN
7.35982304169686e-05,0.464490062627807,0.281423178365648,0,NaN
0.000113138479453337,0.116920702298235,0.228026512375057,0,NaN
0.00529622933175077,0.0249986582501614,0.124233608592497,0,NaN
0.00162784421857788,0.0862112664864629,0.159724081991517,1,16.86
0.00238322046617501,0.456784570602075,0.257179645277133,1,22.05
0.00789346802524322,0.303529023626727,0.15601061256783,0,NaN
9.45976670951219e-05,0.0961607127962123,0.0976349603334713,0,NaN
0.00864063233653939,0.158662831809311,0.446754813763531,1,7.12
0.00724381060103384,0.438981293540386,0.357710922704338,1,17.17
4.71422663401146e-05,0.380225039401935,0.332925558049636,0,NaN
6.43839406106629e-05,0.200991104502096,0.243680631720243,0,NaN
0.000350766978673168,0.441536634615592,0.482089923606746,0,NaN
2.42820726156009e-05,0.426336397986353,0.421307431002876,0,NaN
9.57995588917398e-05,0.368114858174135,0.343770765160243,0,NaN
0.0072594435916305,0.238507586915204,0.436826360859207,1,14.35
0.000102880945955652,0.417993112083718,0.142761127309593,0,NaN
0.00578054500294426,0.211518418079393,0.434309551259241,0,NaN
0.000609430485087812,0.0439599647472985,0.384080566698723,0,NaN
0.0015037381903789,0.31674687624384,0.373257813430293,1,73.43
0.00021824868386114,0.124122566255331,0.466882096386106,0,NaN
0.00557016257461311,0.357048190938946,0.336925397852193,1,7.07
0.0057075240398185,0.445185966368115,0.1521449993162,0,NaN
1.7775424754705e-05,0.427269028420608,0.173867426523461,0,NaN
6.05160766944772e-05,0.310554578956322,0.462016155401354,0,NaN
0.000117450909023734,0.265378563525049,0.183620927825782,0,NaN
0.00530989928255089,0.0491062729968362,0.479554018634237,0,NaN
0.00560186932182862,0.190174437119973,0.34828569599705,1,12.62
1.11346728886875e-05,0.181269667755428,0.16630849979057,0,NaN
2.57594495120756e-05,0.173588797427407,0.158237045145904,0,NaN
0.00313384708512123,0.462793940105033,0.113636312000095,0,NaN
0.000219395783184086,0.116061298820536,0.442974108980074,0,NaN
0.00285328758109116,0.3502483356293,0.298426185636091,1,14.64
0.00420332940745289,0.286524901004835,0.290589530458813,1,14.07
0.00302925230447482,0.158856323542065,0.187763576340734,1,15.75
0.00937346031649603,0.375652864034274,0.332535994401743,1,20.35
0.00247918841147504,0.381013854840782,0.290855847139722,1,22.82
0.00389224748116588,0.142025723996178,0.474306894973946,0,NaN
0.00185553475045529,0.375619726256767,0.297180991451321,1,26.71
0.00660176837949942,0.446071583009459,0.439306303476479,1,14.01
0.00406575282377825,0.25317435152001,0.056145355943793,0,NaN
0.00363677804776795,0.174942811577293,0.164712733874431,1,11.06
2.05424627749178e-05,0.321786535956059,0.134989509767864,0,NaN
0.00388589925921954,0.0849805242591621,0.071138394154488,0,NaN
1.18520722224721e-05,0.148252226956408,0.358405030840199,0,NaN
1.85091466516164e-05,0.152790308856351,0.431316007215998,0,NaN
9.38005413985391e-05,0.340609151964713,0.11427005214901,0,NaN
1.61807006593952e-05,0.0322294271393032,0.442606322585463,0,NaN
6.61137209532832e-05,0.457888584482771,0.335320010941123,0,NaN
0.00869612840402134,0.376886249269943,0.0276963974413877,0,NaN
0.000156955782797572,0.274813166328542,0.22517906591913,0,NaN
1.19817537408537e-05,0.325457632803014,0.36540011691145,0,NaN
0.00020819361329161,0.0679556510419201,0.0946106897661264,1,79.32
0.000104457359217067,0.346399103167789,0.387824112005996,0,NaN
8.46813758441765e-05,0.151546383698626,0.215439967395067,0,NaN
0.000365546913257651,0.080239977476869,0.145203535252038,1,64.9
2.59658361199098e-05,0.342781052381471,0.10661828163885,0,NaN
0.00213859983728058,0.416609957001007,0.411101010044623,1,59.71
0.000190071419236098,0.133870657025289,0.40782425475119,0,NaN
1.31755032448331e-05,0.476177350131027,0.0849229741958632,0,NaN
0.000130467830215772,0.176549724231912,0.332761971969045,0,NaN
6.39749301871978e-05,0.172923955790202,0.386229780147949,0,NaN
0.00153875701730114,0.202646280086855,0.37363394676474,0,NaN
0.000124848506365929,0.3467412342535,0.139748827408018,0,NaN
9.93385992849947e-05,0.216485709568329,0.384886288497498,0,NaN
0.00175146063013867,0.449751688768402,0.0495285404693432,1,50.71
9.11893284324172e-05,0.14582629674019,0.341868760557536,0,NaN
0.000384988679275028,0.290799448763075,0.097380250571814,1,43.73
0.000190494803264048,0.0565976582175687,0.387892028372867,0,NaN
7.19704507740237e-05,0.270023472214588,0.117093278204191,0,NaN
0.000173675758713684,0.19455220000582,0.367989520200272,0,NaN
0.000133788610888427,0.0404277429977086,0.0622076135157033,0,NaN
5.80411260997299e-05,0.45348800653966,0.25615398817932,0,NaN
2.23248602171372e-05,0.0805101635993128,0.0687400707564825,0,NaN
0.00496202019367643,0.38947568398041,0.365400495383402,1,9.78
2.11749172955236e-05,0.123043050897851,0.0162684866767118,0,NaN
2.94614715755942e-05,0.430572299023034,0.245673420623468,0,NaN
0.00144686608615349,0.450427066039473,0.377995941646187,1,59.15
1.11392808945529e-05,0.301760480910647,0.495216936044454,0,NaN
0.000651522652331004,0.473402240969534,0.177979559083395,1,52.11
0.00286111001938578,0.145558362221183,0.0264301235095132,0,NaN
0.000147374980472117,0.0698699458548537,0.176419657980459,0,NaN
7.51487872052611e-05,0.197151333621241,0.284401926951512,0,NaN
3.5792944725412e-05,0.316288304295961,0.126763730809153,0,NaN
0.000553967131568109,0.331505511938915,0.119030646441813,0,NaN
0.00610380822555233,0.0738940133113433,0.372710911871115,1,17.59
0.000288442634227364,0.0877797895920086,0.435065405360744,0,NaN
0.000286003528865394,0.354551621345979,0.385795840834283,0,NaN
3.22893917700638e-05,0.120008043472696,0.412377420685969,0,NaN
0.000205014680272757,0.4608510865778,0.120349172625923,0,NaN
3.01501223909934e-05,0.035131830402218,0.150701519834328,0,NaN
0.000248733307583032,0.0455378709047997,0.325885347403033,0,NaN
0.0070842087751554,0.039912579473596,0.0426600713236819,0,NaN
0.000864350640651654,0.102384498647169,0.476082207944795,0,NaN
1.16855563762592e-05,0.143762459369902,0.0369601500214748,0,NaN
0.00384747304137981,0.362596624869889,0.0333828285450649,0,NaN
0.000367553765461612,0.160877671082054,0.439672083525128,0,NaN
0.000147540030816799,0.176387771978774,0.203404331491436,0,NaN
0.000317484201234067,0.202433715439439,0.44885621491509,0,NaN
0.00228680676995418,0.153693064853185,0.419866831651472,0,NaN
0.00621616649944115,0.184524760572212,0.34918726211463,1,12.64
0.00397805683785194,0.347009755538945,0.399467377335704,1,15.98
0.000730220299327255,0.389965197024717,0.239606882820116,0,NaN
4.14960302487067e-05,0.142318102268885,0.257046557842335,0,NaN
1.12849223200089e-05,0.339655841694901,0.139639306853979,0,NaN
0.000279928081317706,0.206447462509054,0.444124928554111,0,NaN
0.00383300399193243,0.163910647023786,0.146410716348819,0,NaN
5.64642891964998e-05,0.298056196892626,0.492275764745721,0,NaN
0.00942624641726676,0.0203666259864274,0.144415691581652,0,NaN
0.00141556362158487,0.138278368906481,0.328643061377543,1,49.06
0.000571268658739622,0.0640270261063181,0.0762861202174668,0,NaN
0.000192431683344914,0.457709048057118,0.185565150818609,0,NaN
1.82764093521518e-05,0.30249970647944,0.418599385879246,0,NaN
1.46141395267346e-05,0.0362512712851976,0.158789969602238,0,NaN
0.000157604957159639,0.244522762549193,0.368161760853925,0,NaN
0.00373939193828657,0.333452275097257,0.218105064280042,0,NaN
0.00115429670265305,0.380973771439684,0.485687911151508,0,NaN
0.00113290955764759,0.0713243771557803,0.241960956450524,1,37.86
4.20509570906771e-05,0.110063047994532,0.105722093632823,0,NaN
0.0045012079998723,0.481892199583678,0.487247282024647,1,34.75
9.32489648061403e-05,0.422014809837386,0.140619009385503,0,NaN
0.000215030129917235,0.423591863233717,0.424073040609215,0,NaN
0.000107261282740195,0.0147413724734038,0.420152662856736,0,NaN
0.000176336880653968,0.114327650898029,0.330268576991776,0,NaN
9.79125538072464e-05,0.460407120016909,0.324603308777732,0,NaN
3.77760013173367e-05,0.165824256213366,0.0906284338803985,0,NaN
0.0035562619953467,0.114824555524223,0.379007863540715,1,9.09
0.00020815666400133,0.400293693818091,0.467362636677052,0,NaN
0.00165501527326761,0.122730690631957,0.0246872882981447,0,NaN
0.002502148048558,0.123782436145049,0.0383138505551829,0,NaN
4.21990240133676e-05,0.48789041996475,0.159469612401012,0,NaN
0.00108166496982798,0.339374720702329,0.11544960579711,1,34.91
0.00307223197562534,0.407315211040537,0.483209179036742,0,NaN
1.88853891449753e-05,0.460448067453936,0.0577242977220147,0,NaN
8.93691468632602e-05,0.320470710582928,0.489295846977648,0,NaN
0.00393618814051215,0.175017494093272,0.318960809182696,1,14.16
0.00030358646263493,0.115985203812875,0.226725480887334,0,NaN
0.00694143613762633,0.445265109367463,0.481375740649391,1,13.06
0.000147108440286937,0.421033660722116,0.383602753211485,0,NaN
0.000988382396377583,0.403773604851725,0.0445091050602952,1,87.14
0.000496379968597353,0.255281072983415,0.382422204797063,0,NaN
5.59254391570867e-05,0.404105249037719,0.277310280902127,0,NaN
0.000308340142026906,0.298516462680041,0.0357793941152727,1,79.23
1.12407498817691e-05,0.0515368521045105,0.258694322091905,0,NaN
0.00876207529865014,0.365996648504715,0.323532205150994,1,20.8
0.00363345131616223,0.43679353637918,0.398181027719115,1,25.36
3.69895093074142e-05,0.168928317328615,0.13077860086199,0,NaN
0.000283243942045696,0.140322977709238,0.458968684815905,0,NaN
2.92400842157576e-05,0.4454590580767,0.240738945204049,0,NaN
0.000974707211190118,0.0595548045617985,0.184460162649997,1,26.37
0.000517826017486046,0.253276335702789,0.24016935071993,0,NaN
0.00120021728464578,0.2527288382201,0.432030598517515,1,86.59
0.00169270821020066,0.0582108997578469,0.238278653891686,0,NaN
0.000315558442336381,0.158396155775608,0.0714576316239155,1,36.38
0.000186656181884381,0.314466131504031,0.102887858086953,0,NaN
3.86033039162458e-05,0.28421082600552,0.033353799168375,0,NaN
0.000138628821376346,0.46526543865358,0.307600637245609,0,NaN
0.00160322986991634,0.267919030084968,0.449308877558631,1,66.59
8.0902718751232e-05,0.0596450067403491,0.282540315367504,0,NaN
0.00176709169704855,0.0224525464983008,0.125489702502265,0,NaN
4.82613094916195e-05,0.150890749627935,0.398704392961793,0,NaN
0.000527919993410326,0.33934024549874,0.35278937542301,0,NaN
0.00116496032523975,0.250006526063407,0.139603823634907,1,27.97
1.60641701415521e-05,0.438263324615484,0.200399720195775,0,NaN
0.00211995839657142,0.141707574139438,0.320298148311923,1,23.11
7.4498528089762e-05,0.151972780751791,0.396353770072174,0,NaN
6.74211409929926e-05,0.228993763525997,0.184081625163284,0,NaN
7.67772210727364e-05,0.136458751294201,0.0335798239665273,0,NaN
0.00190276761981806,0.139197240438709,0.422235522424033,1,36.25
0.000853229988460662,0.0568997756944468,0.36111221670037,0,NaN
0.000208560745435623,0.0906764394414134,0.0979011800334464,1,90.94
1.36370409137184e-05,0.0577226603828571,0.262166493361983,0,NaN
0.006417201065525,0.196629933369982,0.296217758338615,1,18.58
0.000104646084593745,0.332888112132389,0.172275579358779,0,NaN
1.49915086993289e-05,0.0407874526801329,0.468935687905644,0,NaN
0.000227944162177424,0.48819329172983,0.0332375228861864,1,72.93
0.00503159772251227,0.0991469555921762,0.211824132945623,0,NaN
0.000119647863997474,0.169842690437056,0.144992382644292,0,NaN
0.000143441099464825,0.334520374579056,0.24555370709115,0,NaN
0.00791718051059367,0.0896247703218459,0.244225958777485,0,NaN
1.43813301284961e-05,0.0197443173737254,0.224179806072937,0,NaN
5.84949084933214e-05,0.245268972361543,0.329682912858344,0,NaN
0.00498111933356957,0.431124579773017,0.224022662296492,1,26.79
2.12542397793649e-05,0.263936494858915,0.316472715331649,0,NaN
0.00999658983780624,0.208522355285603,0.498522160068114,1,10.96
0.000348269690634498,0.42398897446849,0.2927422879517,0,NaN
0.003727822263888,0.340148412141209,0.428505664115394,0,NaN
0.000747252996754085,0.266630697906299,0.262941790172526,0,NaN
0.000310106359186295,0.0251480719437521,0.0326659611755083,0,NaN
1.02011822747973e-05,0.173846859909765,0.217463233752903,0,NaN
0.00423505903723118,0.219526512107545,0.118944656154158,0,NaN
0.0064106503288173,0.197144863404997,0.125758736132549,0,NaN
0.0038623923653886,0.0786593227092275,0.086681712947559,0,NaN
0.00369011313048189,0.188474609256522,0.0122263160461514,0,NaN
0.000137700948178893,0.24313025271615,0.0516400308660433,1,81.88
0.004878266241388,0.224944879521668,0.407855322366606,1,11.48
0.000111008363779837,0.386037676579336,0.0165128271421327,0,NaN
0.00387545134805671,0.172287275595887,0.107986808946998,0,NaN
0.000198195954580472,0.473545759910819,0.299121314205997,0,NaN
6.9403822815497e-05,0.0152871076188713,0.424997605111368,0,NaN
0.00138004640999654,0.426911083850309,0.228224802096207,0,NaN
0.000766066094432939,0.493489191965067,0.095197564797722,1,31.24
1.89639854161915e-05,0.0830470783625194,0.079795065719669,0,NaN
9.92274715936445e-05,0.184994571895196,0.0551122311285147,0,NaN
0.00036336577221844,0.36429397596139,0.21124585943883,0,NaN
0.000153988202129963,0.435733273421035,0.0965685008435409,0,NaN
1.03217070204035e-05,0.0956760974722215,0.2137010822333,0,NaN
1.7858860373083e-05,0.370824911745569,0.0591453097667305,0,NaN
4.1840751087893e-05,0.122367235026591,0.231720240967404,0,NaN
5.78326899837705e-05,0.496527128780254,0.226000925349051,0,NaN
0.00136168376941023,0.298155211567355,0.391002862959697,0,NaN
7.82355201870444e-05,0.0955983696967122,0.255334188350859,0,NaN
0.000676079580954519,0.346541722103271,0.0669122357567972,1,42.3
0.00685368664531696,0.104034938243566,0.416962637192963,1,3.61
1.40519361720412e-05,0.217797231326172,0.0140886384829513,0,NaN
1.19835716871831e-05,0.0162594912701876,0.235586682371858,0,NaN
0.00416329788979768,0.48116444657565,0.287879163315734,1,11.68
1.0912087459506e-05,0.300644445761804,0.469408674067773,0,NaN
1.9057938826111e-05,0.337944205361415,0.317732298785405,0,NaN
8.41733471186416e-05,0.320277061734818,0.0941707750640955,0,NaN
0.000514403245423411,0.118263223726183,0.409383252147835,0,NaN
0.000120113936482301,0.0921100171257914,0.233607377802358,0,NaN
0.000100912195307651,0.375954152239018,0.308469067995847,0,NaN
0.000297510193604015,0.188615426088123,0.367308513232211,0,NaN
0.00167056727069965,0.0455647469566124,0.203239719745902,0,NaN
8.45967690160824e-05,0.276802950712252,0.205633968862527,0,NaN
0.00795178736700609,0.478223137738695,0.409837944967328,1,19.11
5.75933385665972e-05,0.192864364613151,0.100518207626162,0,NaN
0.00238355149546662,0.368198286774128,0.413670558247864,0,NaN
0.000303230335314226,0.0854392596562402,0.187073114244779,0,NaN
0.00033051246013547,0.0525454211642827,0.385911990211263,0,NaN
6.99872934204112e-05,0.11982717650083,0.346697655198183,0,NaN
0.0014038035662361,0.324631156120251,0.264735873973173,0,NaN
0.000103536031933419,0.211820814998269,0.146509460025756,0,NaN
5.17742517290171e-05,0.29936586554786,0.0421034682128389,0,NaN
0.000179688075593855,0.404115825225746,0.338977085131727,0,NaN
0.00569304386006975,0.0536436863630982,0.102559705293992,0,NaN
1.43004062004442e-05,0.498270246622843,0.376776865345354,0,NaN
0.00334309939601925,0.345873833057762,0.462524544504779,1,30.79
2.28819739354414e-05,0.430522013760851,0.203319567552516,0,NaN
0.000313420600495377,0.0687504507128432,0.0431118230243658,0,NaN
0.00034213995853246,0.403092303652404,0.0105311096989331,0,NaN
0.000741573810696694,0.329182446925957,0.233894727475419,1,82.82
0.00036016921921258,0.081875191639465,0.26327506276016,0,NaN
4.13731514985214e-05,0.324190345156288,0.197705773177682,0,NaN
1.53914798216661e-05,0.0349324204533643,0.153091950241228,0,NaN
0.000711090797977888,0.26975282369746,0.42912033095913,0,NaN
1.22178248387013e-05,0.209576522292685,0.488216137192403,0,NaN
0.00191627706885697,0.120153353509411,0.0768877929552953,0,NaN
0.000143881980574424,0.487705248088747,0.141738696557257,0,NaN
0.00158409743749844,0.423480104114032,0.312433424223003,1,35.64
5.41340443433138e-05,0.339163470465447,0.44715740476869,0,NaN
0.00341507007130016,0.19921910507064,0.450484079556744,1,21.59
0.000418090993537526,0.0569695303460992,0.178306401560509,0,NaN
0.000550863781241677,0.310013974301878,0.325724691012634,0,NaN
0.00912952409083701,0.103493912072192,0.454099702460156,0,NaN
0.00139945296900707,0.0482821894803164,0.0163913711689608,0,NaN
0.0088750479020809,0.142736053840869,0.103406827119838,0,NaN
2.88997563062972e-05,0.463490891415447,0.319660174808302,0,NaN
0.000400277445350827,0.251317435362921,0.247850775954091,0,NaN
0.000281228251109319,0.0457766802625069,0.384857802093764,0,NaN
0.00666332711362068,0.144550005495585,0.153216371697221,0,NaN
0.0038379917941949,0.238277919502733,0.163292070195331,1,34.27
0.000100352066127344,0.049305906083975,0.182921449551145,0,NaN
0.000633194792423125,0.173393836995359,0.401406090110333,0,NaN
5.19534057026151e-05,0.179615712983576,0.142450989015199,0,NaN
0.00471168512580427,0.124350528291401,0.143659928435286,0,NaN
0.000298806564160287,0.452860871368159,0.353011724164923,0,NaN
0.000346616086213414,0.287767411233851,0.41348699326905,0,NaN
0.000589423056255389,0.0274825079937941,0.0251190886888398,0,NaN
0.00324171750629865,0.0597477090350116,0.12673040782351,0,NaN
0.0046750442739567,0.0959554129413687,0.464492344163056,0,NaN
0.00142184597874478,0.368258174136627,0.46775152789788,0,NaN
0.00278282639534535,0.359780870562491,0.0645610425302525,0,NaN
1.0689252468781e-05,0.447815416847347,0.348952904551076,0,NaN
1.15907318690892e-05,0.312952149812711,0.27216006645957,0,NaN
0.000258598408964262,0.41296352305897,0.378114884843586,0,NaN
3.17537913970788e-05,0.166501508991984,0.188504121758326,0,NaN
1.12899894374955e-05,0.0318682238179962,0.481395617037923,0,NaN
0.00462779827420231,0.346413836119162,0.283102519309611,1,15.64
3.82916021445309e-05,0.258179929364486,0.327343596580339,0,NaN
0.0037197793717685,0.476020484544718,0.190069908383293,0,NaN
0.00403154236154899,0.420507089154826,0.0326096727877981,0,NaN
6.04805239341919e-05,0.448716275633389,0.264506193900056,0,NaN
2.2262340248342e-05,0.0594936894183901,0.493093136002712,0,NaN
0.00568755232608125,0.0522089288094613,0.28319761000072,1,17.66
0.00294852311841689,0.250833100296571,0.177292131728004,1,32.21
0.00517222966355697,0.489127787481244,0.257824099509373,1,17.18
0.00219775604233049,0.437270167580336,0.412382089417192,0,NaN
0.000877661247076758,0.491243681833045,0.440361518363928,0,NaN
0.00890183842814307,0.221725859391335,0.456487173656503,1,8.57
1.07201647908042e-05,0.31845307978214,0.303220449623248,0,NaN
0.000617859192903099,0.461802866392668,0.0960672029485043,1,69.56
4.92784078644957e-05,0.297167610392435,0.148725248519531,0,NaN
1.37759020137905e-05,0.0774416134856377,0.385971787065804,0,NaN
0.00231556428466175,0.418997947409826,0.0954959382764824,1,81.48
0.000414998152593179,0.44157679622411,0.110402660833558,1,57.69
0.00391879028709436,0.426482291293056,0.240694855817738,0,NaN
0.00210027813446736,0.0786674574969005,0.0810068743964626,0,NaN
1.27362887211248e-05,0.417028684417192,0.367831700740295,0,NaN
3.8397393385591e-05,0.349695650914576,0.254934816894367,0,NaN
1.43935262734038e-05,0.20051485438798,0.0850167860276892,0,NaN
2.1207566411318e-05,0.289797529914237,0.475368758340797,0,NaN
0.00485987714244364,0.0645146178510132,0.403649939454231,1,9.93
0.00533721125388959,0.0197163184139098,0.159382951684369,0,NaN
2.71274569785295e-05,0.434920296319945,0.41880159296037,0,NaN
4.75002631793305e-05,0.215705414856584,0.0821527537046212,0,NaN
0.0030912802964596,0.163643373693506,0.0199709488604974,0,NaN
0.000119816142475799,0.306626237637257,0.29372486842968,0,NaN
1.58695480238623e-05,0.145144196667807,0.242749815169964,0,NaN
0.00320008533723675,0.0575699291602048,0.257187834476671,1,18.94
0.00020657794236231,0.341131186244308,0.416328009863513,0,NaN
3.78804636115783e-05,0.442012313894036,0.286730601049709,0,NaN
0.00156623011400399,0.483027148599777,0.195737953597566,1,21.56
8.39699650438567e-05,0.126207408888285,0.392584199475227,0,NaN
0.000383788899937291,0.17088493327048,0.0743341226992912,1,28.07
1.74734525313354e-05,0.217123324499486,0.248540188618896,0,NaN
0.00263751986366067,0.0941089611712943,0.038910321446514,0,NaN
0.00296837812876239,0.358469762955473,0.255846006923791,1,26.68
0.00824923643916449,0.156469991666581,0.295724304485201,1,15.54
0.00259152765900771,0.339238124100178,0.401498410010614,0,NaN
0.000123155265432968,0.282539292003297,0.126394605688173,0,NaN
0.00699734850860303,0.424980783628509,0.43700453249837,0,NaN
1.60977056170202e-05,0.361290992827332,0.325290394580367,0,NaN
5.90092664457838e-05,0.184709687625386,0.0694169853037768,0,NaN
0.00204012419592426,0.172880087348276,0.283072529038833,0,NaN
0.00714295788264017,0.246518104327089,0.336066635653597,1,22.58
0.000962870919122784,0.385318936332276,0.0751509046554309,1,57.09
1.53180390038186e-05,0.365017756697637,0.480758778654901,0,NaN
0.000308899608453924,0.388941738495925,0.122021550610805,1,67.37
0.00012962804227277,0.15543020845185,0.346100441438244,0,NaN
5.83374463241034e-05,0.282097338582424,0.171448038196762,0,NaN
0.000252216896771324,0.43397628688173,0.419892560814039,0,NaN
0.00438293403304518,0.0946065386950432,0.482240006537766,0,NaN
0.000426438440855537,0.0990794541567054,0.156428920848565,0,NaN
0.000101850106859334,0.189360940145285,0.290586271608119,0,NaN
0.00319618497750687,0.40516039181418,0.466174828125462,0,NaN
0.00146580414643566,0.473924397688394,0.0301682568314982,0,NaN
1.64817353754099e-05,0.35640562306259,0.44543367492168,0,NaN
1.81238114030798e-05,0.164470516441007,0.284986601415859,0,NaN
0.00164024307348946,0.433648047282197,0.058690429674539,0,NaN
0.00198188062249572,0.41877734186093,0.384477312893874,1,39.08
0.000567319916394061,0.236942376858622,0.0561592833670783,1,87.41
1.93569509022414e-05,0.434799713996367,0.485113857048477,0,NaN
2.87563896997279e-05,0.154510858204811,0.43918038900017,0,NaN
0.000149219658004482,0.422085340716367,0.416954755442942,0,NaN
0.00174615592755796,0.418253574733046,0.141964625029939,1,43.96
0.00176906698476491,0.330995905214195,0.233909565298166,1,17.85
9.89392704027799e-05,0.282454557353051,0.213421455769947,0,NaN
2.86322121803527e-05,0.366456043893958,0.422447888463492,0,NaN
0.000807243509625499,0.26855342852046,0.0937245039269569,1,41.65
0.00324984254214556,0.38107020876479,0.465217803403738,1,29.15
0.00355495526332398,0.152486605271428,0.0664120395338513,0,NaN
9.51065058942231e-05,0.280428286592548,0.2729258759714,0,NaN
0.00022604956323747,0.271492877777649,0.125380523625245,1,87.94
0.00481241402675262,0.0348463314627651,0.104398528593501,0,NaN
2.55608817809516e-05,0.184894143917719,0.277851925162373,0,NaN
0.00365664722729656,0.194778329788922,0.291939591501157,1,13.78
3.37190344401647e-05,0.0835826060420754,0.311903337462251,0,NaN
0.0058459966884083,0.423455986178852,0.272224653473375,1,26.99
0.0048807739525663,0.310904015199244,0.308103143901499,1,12.28
0.00741819359172795,0.176555737274349,0.441066089659912,1,11.52
2.61819256655266e-05,0.340199658587969,0.469389779375609,0,NaN
0.000312938776530951,0.234789163099893,0.374427685400598,0,NaN
0.000209620142020993,0.405971439544595,0.324450006790583,0,NaN
9.71774246685488e-05,0.162897738387791,0.413487030019784,0,NaN
0.00133020079779264,0.0381859673416191,0.342896163961813,1,48.18
3.18176999400791e-05,0.409747419236987,0.433305139615162,0,NaN
0.00974151993789661,0.0269336691733344,0.028837424970583,0,NaN
7.57986340497685e-05,0.233196655251155,0.143661185280564,0,NaN
0.00104667004215758,0.0579428328327232,0.0755688271110517,0,NaN
1.08895080888849e-05,0.0123398168148168,0.393603289919548,0,NaN
0.000140628721891058,0.481295473292821,0.12472568191264,0,NaN
0.000435910481234874,0.440863827688475,0.0898544628935713,1,39.83
6.10573036389713e-05,0.446066500821199,0.245638946788284,0,NaN
0.00682139506684941,0.458985970835444,0.116143139994967,0,NaN
0.000127445909240934,0.484058067006774,0.494363763637602,0,NaN
5.51194653555239e-05,0.0850756948261096,0.0530154745972656,0,NaN
0.00835211642106025,0.016706384182844,0.31299154112219,0,NaN
0.00134138186877587,0.085373081732332,0.334940629678115,1,50.25
0.00100825735694379,0.0213344794626693,0.377168408843123,1,43.9
9.89778095191557e-05,0.0804639349947431,0.32957850727086,0,NaN
0.00149072078467292,0.406620138371566,0.443859005782301,1,88.7
3.13232210494595e-05,0.2791612488332,0.210027569306624,0,NaN
0.00470331114633237,0.107799424347321,0.0404992397264788,0,NaN
0.00150675416180026,0.104957134588059,0.204313671367567,1,16.64
0.000343045042429552,0.0617967669831774,0.400396250947258,0,NaN
0.000151950671882869,0.216032882008554,0.421182328810038,0,NaN
1.24690730634607e-05,0.126660493855314,0.442875516904239,0,NaN
0.00701236822701485,0.306862230025977,0.388409839647873,1,12.81
0.000776893916805376,0.0222584524329686,0.239840662622044,1,85.47
0.000535998096896528,0.208148430639323,0.287416514727183,0,NaN
7.02025440858125e-05,0.339793555292075,0.425403056464848,0,NaN
0.00762599895898292,0.0920221598888364,0.385876655314557,1,15.52
0.000147790558855571,0.0638987708771549,0.403000231838959,0,NaN
0.00505203326133513,0.257824541310252,0.47332057905298,1,15.14
0.000196339981983272,0.167361300963573,0.0587578380294606,1,54.22
0.000152852613725713,0.222684895822802,0.206671483620731,0,NaN
0.000904094959496353,0.259315784806039,0.148272991338731,1,21.35
9.23611546413529e-05,0.133999416512188,0.250258281404278,0,NaN
0.000236205573450524,0.39296977817348,0.202991217702858,0,NaN
0.00121237304110627,0.395177138084805,0.210084978103322,1,34.6
0.0001144251037567,0.015834396692564,0.027749543214698,0,NaN
2.39631091675265e-05,0.0806511214914519,0.162848337194152,0,NaN
0.00772454495225957,0.0583449067966248,0.471743446975381,1,11.05
0.000242602451477084,0.440796937054748,0.316252452286864,0,NaN
0.000465353439772955,0.262820022756327,0.179110779148828,0,NaN
0.000103102096907329,0.0929172368660529,0.328608313066866,0,NaN
1.82035259855893e-05,0.342927063612794,0.462358400217395,0,NaN
0.000455136510803058,0.372346380086051,0.0954006113580756,0,NaN
0.00749304234432121,0.355417132687425,0.194999687385847,1,51.13
3.33609522724245e-05,0.187876559234199,0.0282880840690731,0,NaN
0.00923435188226055,0.0719312623249272,0.220285475705837,0,NaN
8.62601076237354e-05,0.157234582058704,0.288702580430744,0,NaN
0.000567533729569995,0.354467696164772,0.356689217344384,0,NaN
8.36926028140213e-05,0.294786121822544,0.146323836103452,0,NaN
6.0314095253895e-05,0.396441830290901,0.385543038656013,0,NaN
0.0055654559920626,0.250564411145312,0.232881200087184,1,23.34
0.00498741434159807,0.246858610046351,0.158022594337873,0,NaN
0.00113962416804716,0.110780560554272,0.414026958617139,0,NaN
0.000246965822712458,0.270603731732068,0.0301255167525022,1,94.21
0.00110364870928369,0.236007965767162,0.0500238179006724,1,19.69
0.00154851685386717,0.0649207284035856,0.466847525918258,1,57.37
0.00173459006285686,0.347438249435457,0.196788404477458,1,15.51
2.77238185262719e-05,0.498158776079637,0.122533957044242,0,NaN
0.00530472646914465,0.261362743258443,0.0466390049092501,0,NaN
0.00236108881851694,0.288710029536023,0.0574059131051107,0,NaN
0.000908252938861312,0.195204505799196,0.185537936774241,1,27.37
0.000179963667189991,0.464857297973505,0.219459925147664,0,NaN
0.000883344013133349,0.466301823420625,0.233926408149965,0,NaN
6.5556113437984e-05,0.320567186295063,0.0924630921012305,0,NaN
0.00174869250245971,0.148800417877601,0.231304272469663,1,12.86
0.00270865263046929,0.0441498610091663,0.127832222400654,0,NaN
0.00412895925479782,0.218842998416881,0.250902957845782,1,28.97
1.4096502372519e-05,0.432916777876345,0.246129020936989,0,NaN
0.00774721542240839,0.469772434535807,0.0126150475905804,0,NaN
8.40132781797949e-05,0.378370832685909,0.0981832959941831,0,NaN
2.49582388126132e-05,0.42998796940441,0.250307880961478,0,NaN
0.00395345730177692,0.29454270901205,0.335894870302409,1,10.21
0.00313786925735949,0.499074269535652,0.2523955179093,1,16.23
2.08495827302068e-05,0.484788843263885,0.0373915627216262,0,NaN
0.000282568860472097,0.319750168867062,0.24567222957636,0,NaN
0.000262238220569492,0.377346602350252,0.0618239329693417,1,54.96
0.00545984996781036,0.175743689647509,0.0545174617388419,0,NaN
0.000772561017939891,0.0856741989972808,0.298550400254905,0,NaN
1.73315924234162e-05,0.266469161351911,0.137062738604331,0,NaN
0.00386330941236626,0.245236091010327,0.273955315487809,0,NaN
0.000131110191082159,0.276620507203893,0.313160825781205,0,NaN
0.00279487101298761,0.0507703514014001,0.0429705768870663,0,NaN
0.000144180857166944,0.191154103434594,0.0158569776433352,1,88.76
0.000276733503654379,0.201268150875778,0.416172173541009,0,NaN
0.000123976231400501,0.216155109008174,0.023533570308597,1,82.32
0.000221699481872438,0.150425723673841,0.242216282139388,0,NaN
0.000874365593780489,0.250725964955299,0.118986067719056,1,35.23
7.98597841687988e-05,0.451015801963862,0.166965342958498,0,NaN
0.000169354263308855,0.485374888028949,0.32525428676407,0,NaN
0.000638623506988469,0.430461011848066,0.450048498581304,0,NaN
0.00942532423653435,0.0812037924584506,0.293890997366593,0,NaN
0.000198772431619033,0.182222142235124,0.0166384655964777,1,81.24
0.000172514121527196,0.205463918723132,0.457514785033214,0,NaN
8.06275142843119e-05,0.254740100097444,0.198984779571208,0,NaN
0.000129400454418878,0.273937029778377,0.427369242810542,0,NaN
0.00656126593670206,0.162176148181803,0.119749332029268,0,NaN
9.91063010815165e-05,0.208359512705739,0.249891191278702,0,NaN
0.000507106631015469,0.257043559776386,0.0625298639901254,1,49.3
0.00211660263020319,0.0351946094583643,0.351841819986478,1,27.73
0.00389862932391791,0.343713466852997,0.451927019889684,0,NaN
2.31754612811925e-05,0.271608599185922,0.0273008489968512,0,NaN
0.000251433872281134,0.185816988956824,0.461098184793638,0,NaN
0.00010072420792036,0.317473301653585,0.428859517996685,0,NaN
1.3696399264912e-05,0.409792147629975,0.219186671888343,0,NaN
0.000152233446793788,0.34277826000217,0.475823407660107,0,NaN
0.000394036890247258,0.446686846062297,0.0889458004437776,1,54.57
1.61837914732622e-05,0.404191179880706,0.217761939729921,0,NaN
0.00238697045953984,0.150099760430377,0.230625892952968,1,7.02
1.2537677799935e-05,0.39320234156484,0.184245628885045,0,NaN
0.00682945763235859,0.203919349515632,0.388151495360793,1,14.9
0.00671499388683651,0.0473973166275287,0.221134584895406,0,NaN
0.00702975155545418,0.137761747853248,0.355410359873257,1,9.71
0.000200981200216535,0.343365563523005,0.0135643705728429,1,71.76
0.000172103628751174,0.298546229491574,0.377931225595491,0,NaN
0.000760876962908718,0.295451774029184,0.0292970614503656,1,79.86
6.45169262437223e-05,0.236965305780737,0.346394569674962,0,NaN
0.0023281749240709,0.23100763575274,0.143341910542874,1,31.61
0.00459038870979926,0.0981916758157279,0.130958781178588,0,NaN
1.13529108736585e-05,0.124632414457783,0.140440079822235,0,NaN
0.00395349431209796,0.351294417962361,0.495937499342268,1,21.29
1.6267808758247e-05,0.0589498036425649,0.406344290958512,0,NaN
2.25177227620781e-05,0.354550029126901,0.24209391911976,0,NaN
0.000325146136062107,0.320442836103219,0.168264945528675,0,NaN
1.54583158383432e-05,0.304764810438621,0.43610522209934,0,NaN
1.72949244335625e-05,0.0651664788423524,0.463557967999634,0,NaN
1.12432015795481e-05,0.0668982146680475,0.0124930748029976,0,NaN
0.000917303064884018,0.0706298495365777,0.0561727508211385,0,NaN
0.000200203461903988,0.0987297893963359,0.451557627872618,0,NaN
3.45696887007762e-05,0.465954156192615,0.399582278428672,0,NaN
1.66841284603388e-05,0.257149524926728,0.165323460477691,0,NaN
3.11513042149082e-05,0.024067323549857,0.10919568109127,0,NaN
0.000589797232153174,0.43146053019734,0.259334782431426,0,NaN
0.000158636211913441,0.044313451015987,0.10726442526856,0,NaN
0.000239850292434991,0.23795555256066,0.460375429624218,0,NaN
0.00616380577873795,0.0146201838021413,0.412473270862944,0,NaN
5.00881206420541e-05,0.158080878399682,0.0820299549874068,0,NaN
0.000211876201946495,0.0936489454501071,0.116490271527623,0,NaN
2.50861488441203e-05,0.0513832854542791,0.182894952650063,0,NaN
0.00194599252412753,0.359989565712813,0.190043102508092,1,22.78
4.59950079956543e-05,0.147564134829371,0.08378680897916,0,NaN
3.70438910937187e-05,0.0600938047924889,0.33903031408287,0,NaN
0.000350355993785279,0.0590819748236103,0.277023654851134,0,NaN
0.000203372666931086,0.143242539184938,0.399016689235636,0,NaN
0.000145459383600854,0.33193427076648,0.256161840567376,0,NaN
1.10063437722287e-05,0.325801165061002,0.232685106083876,0,NaN
0.00197152119158887,0.256248353280556,0.212689751259244,1,17.7
0.00153206604908418,0.252413655363374,0.489934581606499,1,66
8.46751324610323e-05,0.373113204975925,0.179409943902009,0,NaN
0.00261218107386256,0.0259378421551349,0.0728858734862115,0,NaN
4.61671096418967e-05,0.104116037043129,0.258088635865236,0,NaN
0.00188875257962796,0.0129440406595197,0.106007100291223,0,NaN
0.000172665917308693,0.339286107956607,0.304145458348669,0,NaN
0.000684861920282623,0.483383192084963,0.445510443052916,0,NaN
0.00255129973015835,0.300231899647553,0.197241437163642,1,35.09
0.00132235006218471,0.136560800377708,0.389668087333403,1,80.82
7.59793946214396e-05,0.436744626208404,0.375980408612717,0,NaN
0.00625559478407365,0.101916624131055,0.237588812517843,0,NaN
9.30909042331081e-05,0.436045720162095,0.224694780912563,0,NaN
0.000232489975821177,0.29326876777873,0.336613151003501,0,NaN
0.00045566060066125,0.28001346173809,0.264687363823595,0,NaN
1.06043389788918e-05,0.199422266014784,0.153587738432,0,NaN
8.59791353538707e-05,0.381074701452851,0.399434671686176,0,NaN
0.00285346037606894,0.233075997677573,0.47012351444035,1,30.95
0.00611655551236916,0.0255279054066139,0.418581495264506,0,NaN
0.000100790599785965,0.407021537112859,0.0455251034688752,0,NaN
0.000274165958281919,0.381418241200637,0.148780693321221,0,NaN
0.000489286904533037,0.155337845467888,0.427403771940944,0,NaN
0.000164740295534867,0.241830303244663,0.339339155440382,0,NaN
0.00556107152521561,0.0936187426917261,0.0719586925784421,0,NaN
7.20236131935461e-05,0.417185749470851,0.309774247906223,0,NaN
0.000797834786310448,0.0398621010496903,0.248862883035744,0,NaN
3.68137292271167e-05,0.359485821015544,0.269867859052252,0,NaN
3.65152614721406e-05,0.0754181451270356,0.39340992751818,0,NaN
0.000448802881530348,0.350756650113437,0.43215193477294,0,NaN
1.39666385593618e-05,0.482013288588987,0.433780472511686,0,NaN
0.000744516194854014,0.109215596755899,0.0732180894566048,1,51.52
0.000454410125162038,0.457399802323789,0.0527174461479558,1,38.52
9.40889152447061e-05,0.210928592568028,0.332528854357911,0,NaN
6.43320919067579e-05,0.488466816207161,0.421115955138837,0,NaN
0.000651918209163398,0.34969495085235,0.215774818546134,1,66.91
0.00374657142620648,0.143032991319136,0.1974817966729,1,7.65
0.00194972271531702,0.434642933446576,0.389727382239241,0,NaN
0.00436909912266889,0.321170616523434,0.376820073559554,1,13.62
0.00199074467042037,0.37427043779499,0.0936956804698485,1,51.14
0.0038652656873838,0.272159940399469,0.310368842413067,1,19.66
0.00199175739042352,0.0549965181591249,0.178712073429601,0,NaN
9.86322054276295e-05,0.442945982719279,0.0434171036406461,0,NaN
1.9087554405268e-05,0.111245909316747,0.387836781121272,0,NaN
9.16666139853261e-05,0.394508692020062,0.299616097173557,0,NaN
3.8913118143397e-05,0.1368582703638,0.202215317571382,0,NaN
0.000130236914836192,0.232394472731125,0.131327348242879,0,NaN
0.00867620593399754,0.282412135304997,0.0804908507208635,0,NaN
9.3137447853805e-05,0.0549689720521651,0.268405080990369,0,NaN
0.00459010814483637,0.48829559368804,0.386155437680402,1,19.21
5.94154905475976e-05,0.117320455054844,0.406391352247102,0,NaN
3.25915326899078e-05,0.0154691921363673,0.089846418803507,0,NaN
0.00116568444214328,0.112349585110665,0.0773425181294743,0,NaN
2.01972913365118e-05,0.180897988800467,0.37334184508354,0,NaN
0.000515820555120181,0.158800296919325,0.428082929178308,0,NaN
0.000214928083608757,0.164813985987524,0.250914643239105,0,NaN
4.3794832592611e-05,0.213136788696859,0.122620994852202,0,NaN
1.11508238688503e-05,0.132518092434363,0.422087471419457,0,NaN
0.00258662937685559,0.163707649489026,0.279818330732242,1,8.63
0.000225319561566483,0.224786574471851,0.0126273792584935,1,58.8
0.00012919637018372,0.295091378626348,0.31645917628814,0,NaN
0.00194493860410032,0.353840419785734,0.186839286506652,1,20.28
4.44236997085005e-05,0.166380526547381,0.285184029334385,0,NaN
0.0002778523722769,0.161543863206771,0.307676022074249,0,NaN
0.000218572655305549,0.240055213067088,0.209480231130195,0,NaN
0.000449959351625884,0.124117537859895,0.0720449140466844,1,25.1
0.00363492367325948,0.167106503380845,0.0936322540834604,0,NaN
2.23020200918628e-05,0.176767815470512,0.44773601237833,0,NaN
3.06853403859888e-05,0.129052049101937,0.180620166206706,0,NaN
1.54351267546421e-05,0.37026448608901,0.382100296458553,0,NaN
0.00164444495009978,0.0246877524722152,0.45179047414296,1,34.95
0.0030762188681281,0.193808459664118,0.389857303372328,0,NaN
0.00542451995823505,0.223748306798463,0.316000588276776,1,13.64
0.000170261187513135,0.0903795559586115,0.446314697049795,0,NaN
2.948828176303e-05,0.425197567789049,0.45671078350517,0,NaN
0.00317670556620277,0.275628843458787,0.0727921811774088,0,NaN
0.00360744860092625,0.0505426335977666,0.120074395714861,0,NaN
0.00231427935540228,0.0661343650117578,0.462725354211328,0,NaN
3.08083558753505e-05,0.411613216760998,0.497794982550609,0,NaN
0.00128541300280135,0.119146003046399,0.348875198604295,0,NaN
0.0021506185391646,0.0664263063557067,0.324101123930726,1,13.03
0.000121484644630037,0.218336860515195,0.386111514290332,0,NaN
5.33407635897869e-05,0.0618509413393358,0.291426058718828,0,NaN
0.000103049988698026,0.232988022235804,0.393810166048385,0,NaN
0.00830036580019666,0.145525276603319,0.0178265445089281,0,NaN
2.89292504115721e-05,0.0646150855499162,0.487010701868094,0,NaN
0.00164386938406427,0.361832571034818,0.454901336877996,1,86.49
0.000166174438405309,0.361103014627312,0.395910721719794,0,NaN
0.00726699448473145,0.0993918621358245,0.144825854211365,0,NaN
2.91189389150444e-05,0.172403809947988,0.412736391152584,0,NaN
0.00961541635874449,0.471105778383084,0.476268606474224,1,9.19
0.000177788438967241,0.337999572936556,0.0716970519899416,1,81.56
0.000395118641816188,0.453759778363357,0.353204376132203,0,NaN
0.00135869314498442,0.0762181137853316,0.213851420847316,1,25.56
0.000149789508898612,0.382184164452629,0.296386682790586,0,NaN
1.83956652567734e-05,0.464233150692922,0.43940879805344,0,NaN
0.000158400312562055,0.0836189545403975,0.37745081458454,0,NaN
0.000201328531904216,0.334911753356998,0.2001333501051,0,NaN
0.00515826629371752,0.19875477938108,0.440682662528821,0,NaN
5.87062926288732e-05,0.0180346754258016,0.0909643260788006,0,NaN
2.12273227578106e-05,0.0271151743430048,0.497513085194521,0,NaN
3.66836462653108e-05,0.418916001005462,0.0902626208963377,0,NaN
0.00633576354400655,0.465699694604847,0.0857632649591542,0,NaN
0.00829251225349511,0.292025350765417,0.043208817169479,0,NaN
0.000176219344270457,0.32876865541017,0.205920896695013,0,NaN
0.00848919907925617,0.0502754484546576,0.0865441221923917,0,NaN
0.00031146067556585,0.11810548528851,0.135583781170242,1,74.61
4.15485944657223e-05,0.296416696541119,0.440902143387879,0,NaN
1.8871504416778e-05,0.331548431021672,0.106807487804658,0,NaN
7.63476903628676e-05,0.27498245022303,0.314351910636861,0,NaN
3.62941899376866e-05,0.0524422950736252,0.47809583346948,0,NaN
5.95074097925767e-05,0.198463806828448,0.38708557019495,0,NaN
0.00297602209901609,0.430760331375316,0.156938575938004,1,32.89
0.000889781116052581,0.0818144476889048,0.138759420185814,1,24.06
0.000894878785579642,0.296871499864734,0.37709959689143,0,NaN
0.00279059298739864,0.353581053310368,0.0695873814961115,0,NaN
0.000140208841242018,0.0577983986173799,0.384087829450359,0,NaN
0.000439605758867409,0.0659756589208326,0.0544795999569642,0,NaN
0.00359519098218681,0.448838326871483,0.138076610756286,1,84.48
0.00222478573823219,0.365725247611366,0.0131883920769783,0,NaN
7.91586322829227e-05,0.337752561718361,0.469239092173583,0,NaN
0.000191749686630635,0.270987170653542,0.311351868248607,0,NaN
0.00071400306798139,0.387206739049559,0.266853121140041,1,83.2
7.62628437165664e-05,0.437676329244367,0.459509031335911,0,NaN
0.000615495589525519,0.288526138690478,0.383590634637984,0,NaN
0.000656314989329815,0.0899559291367436,0.0831026348621651,1,36.73
4.31080125283763e-05,0.249777177527412,0.137736731601246,0,NaN
0.00106103066596418,0.22221046319242,0.255573603664505,0,NaN
4.25168633456821e-05,0.324748476638988,0.0650765695682381,0,NaN
0.00126827572807556,0.435252679657419,0.0942415207319351,1,32.08
0.00429430977512137,0.299119431729456,0.470609712991977,1,20.65
0.00299704032816447,0.120292390812031,0.251594270205441,0,NaN
0.00659452418590573,0.428605839830483,0.0512472574852658,0,NaN
0.000107909246008067,0.169054251892606,0.108049556833734,0,NaN
0.00289903732861685,0.479720336459394,0.126726021012256,1,35.1
1.76869398079472e-05,0.245376243065992,0.482595267952459,0,NaN
0.000359201277533309,0.202418031855089,0.493953525703489,0,NaN
1.29273104422155e-05,0.317043977733169,0.0625165482439025,0,NaN
0.00222299937027707,0.396576570281816,0.0765771781323384,0,NaN
0.000981058506820908,0.20205229143101,0.451144102247506,0,NaN
0.000895711808393281,0.451702570520294,0.471332376725522,0,NaN
0.00502630014995541,0.118627405643973,0.384005272791401,1,5.88
5.64058459078702e-05,0.118473130151976,0.121242434067664,0,NaN
0.000179896172640908,0.329385862011551,0.0845507148723806,0,NaN
0.000352302416339404,0.13144841086507,0.38743994307714,0,NaN
0.000694341218021212,0.173986238254164,0.374859385260784,0,NaN
0.00169535615597192,0.35276019642671,0.310900982811387,1,35.72
0.000176189501780384,0.257792210122749,0.0888265715444093,0,NaN
1.9999921882683e-05,0.158815702272031,0.340654416874317,0,NaN
0.000228389939356037,0.0660708066919424,0.346819980671057,0,NaN
0.000294472688533876,0.337850085107332,0.27336968547709,0,NaN
0.000356156380389075,0.0469227758489179,0.175687896255261,0,NaN
6.79013511787117e-05,0.0939197111851471,0.0877592619070368,0,NaN
0.0060586755362557,0.0885207570571202,0.0240134783166438,0,NaN
0.000162771109699215,0.186217677187063,0.315381034254181,0,NaN
0.00152440829295295,0.105730588926142,0.0504328796341465,0,NaN
0.000312426697558355,0.0225432815152603,0.237694273946943,0,NaN
0.000943239061966861,0.466724912756325,0.493478625687602,0,NaN
1.81551088578775e-05,0.32119624892556,0.0379724070131434,0,NaN
1.4102439949733e-05,0.387614506155532,0.0104872150133581,0,NaN
3.41151928892017e-05,0.166819565980205,0.110448363752683,0,NaN
0.00344514390051196,0.284511974788338,0.389103853058684,0,NaN
0.00398049831933699,0.169174112943474,0.112802026612316,0,NaN
2.04249898687633e-05,0.2787020843336,0.113054880162807,0,NaN
0.000604843541774701,0.355558439648025,0.220479386242824,1,68.78
0.000173277885966877,0.178714761545537,0.487087678764004,0,NaN
3.52439053122699e-05,0.388101755821543,0.137229927678524,0,NaN
4.15971720499521e-05,0.169777582367456,0.173180101646791,0,NaN
2.0227756493314e-05,0.145873819836358,0.321612678062796,0,NaN
0.000266407938416855,0.174120853520671,0.311962439124526,0,NaN
0.000294827448907991,0.157273266843444,0.465693879980005,0,NaN
0.000104778292524477,0.453578713486513,0.319851277232534,0,NaN
0.00345097651108975,0.180860437796284,0.463155875073208,1,17.8
0.000462944918880893,0.144446728837616,0.324239611342857,0,NaN
0.00154354469143822,0.0594171490774762,0.439148057617048,0,NaN
7.85781682553248e-05,0.0861379448685244,0.367318952899261,0,NaN
0.000284342044120122,0.359213571310479,0.493568188969985,0,NaN
0.00715844650241029,0.495647691666719,0.0701359495655813,0,NaN
0.000984472377917253,0.457711661162266,0.474711672245908,0,NaN
0.000565567272774217,0.351354379812918,0.211999131898305,0,NaN
0.0025758141971102,0.314684299133961,0.0788945596975396,0,NaN
6.56313947649743e-05,0.135890088405661,0.0462460071087363,0,NaN
0.00569223981881031,0.012234861118603,0.0731319221887377,0,NaN
0.000274355206828262,0.489464945840134,0.29094067812766,0,NaN
5.31956158298971e-05,0.35293035731754,0.356636585924377,0,NaN
0.00634323221339064,0.225940167086185,0.337465360426539,0,NaN
9.16247629448268e-05,0.127622586187292,0.198811345966769,0,NaN
7.52300742816467e-05,0.141538145705351,0.293256456086722,0,NaN
0.00300254908104478,0.242437838038862,0.40158224313293,1,28.61
0.000199484172920972,0.193535516033535,0.493497628091781,0,NaN
0.000139497250000904,0.219600368580586,0.0197732160787984,1,75.25
0.00195965926191493,0.442877751579895,0.248411633599083,1,24.15
4.18830249141636e-05,0.496265198423831,0.416509402780665,0,NaN
0.00821398120680324,0.199656342853744,0.0764101977274808,0,NaN
0.000168503123547721,0.388550982758723,0.164388487381174,0,NaN
0.000967157257329823,0.0677826463438669,0.384704535191249,1,94.23
1.85359006738174e-05,0.240217400186999,0.413707109069491,0,NaN
0.00126103627052978,0.181090359007653,0.406523519102987,0,NaN
1.49407829795904e-05,0.0560266596073861,0.076244592647713,0,NaN
0.00825481322115054,0.301245729120924,0.186201041535818,0,NaN
0.00495822552867506,0.279800915229945,0.228212642268973,1,33.64
0.00163456471500176,0.467028968229414,0.0663242359222077,0,NaN
0.00103585360157659,0.0740105365460402,0.48993782568354,0,NaN
0.000556432400149546,0.250771260681725,0.249105848589595,0,NaN
1.66666850758921e-05,0.444102644348271,0.0955473814529575,0,NaN
0.000275731985615482,0.171050273882892,0.33380273297108,0,NaN
0.000965024119120885,0.118245144923356,0.364413802949162,1,63.22
0.000171039468656821,0.447188428533869,0.363559611837243,0,NaN
1.27651406350356e-05,0.468349798147403,0.287655667831914,0,NaN
0.00101647411412124,0.194310128990298,0.288650651587824,1,80.18
2.39300068835253e-05,0.444193194016848,0.330482700905546,0,NaN
0.000222481234178673,0.320592593413733,0.410838151829006,0,NaN
8.32194887595628e-05,0.0271641963093343,0.197911362777464,0,NaN
1.32811607731278e-05,0.444176307841162,0.248770769954848,0,NaN
6.9954718593725e-05,0.47749298521501,0.334285430646486,0,NaN
4.07966783145468e-05,0.151935174921174,0.172347807183648,0,NaN
7.77565208532651e-05,0.0123608771588991,0.348547885362455,0,NaN
1.56041184223855e-05,0.316927093402108,0.329803309242982,0,NaN
0.000289187215932085,0.0156930736855052,0.0128003447090325,0,NaN
0.00129576896501075,0.124655834097513,0.208535742341047,1,14.63
0.000616546390376891,0.0411337093440302,0.315605500532857,0,NaN
0.00720558007266794,0.42519554368019,0.0876763661879198,0,NaN
0.000302333478782336,0.0676090439951461,0.381188036619713,0,NaN
0.000319046256894903,0.081207578501649,0.0512035850908342,0,NaN
0.00862011761851766,0.484394829603277,0.401589231505602,1,8.53
0.000334942898546102,0.486117197814815,0.139506742628123,0,NaN
6.76667434164749e-05,0.167988352510904,0.350372776565828,0,NaN
0.000142585881026291,0.108568267671249,0.273926378490728,0,NaN
0.000101742452123952,0.336321851245906,0.165301318696657,0,NaN
0.00252539398064535,0.154739210382549,0.0331255098115347,0,NaN
0.000152803733907562,0.198086885147853,0.27455980955231,0,NaN
0.000395778114905073,0.117860361748808,0.0233029752542807,0,NaN
0.00605993870181798,0.194397649546892,0.11966407356033,0,NaN
1.2069260078707e-05,0.0606586741505237,0.0215032564607568,0,NaN
0.00022765873510743,0.395376729795274,0.185680683228662,0,NaN
0.00219278300654844,0.471520583368045,0.118321242888295,1,37.49
0.0011565378558824,0.4749772522192,0.0933751466259485,1,30.93
0.00226165133542498,0.155187286710763,0.37889095719223,0,NaN
0.000186395859739238,0.217298433240026,0.458080578759239,0,NaN
0.000126075343992455,0.335461573787869,0.419124793779478,0,NaN
0.000854764736906337,0.409915275153947,0.352757131326645,0,NaN
2.11537897229455e-05,0.426026188363337,0.379164477830587,0,NaN
0.000398839847704231,0.0837896119298504,0.3972868623265,0,NaN
9.90402185367663e-05,0.368817192362821,0.195665936518426,0,NaN
6.57154307401017e-05,0.298780151417224,0.178374864324574,0,NaN
6.18864561952766e-05,0.271035823620318,0.330660781203075,0,NaN
0.00369487099745236,0.224381982228748,0.439877912684357,1,30.33
0.0017935866837348,0.206572449571974,0.178056356889663,1,29.09
0.0012454514740366,0.109632760694736,0.263880266635375,1,43.12
0.000122692901901833,0.153596295008085,0.482429936063702,0,NaN
0.00673300341904955,0.249204426784822,0.130644483980968,0,NaN
0.000177074346258771,0.0747687935068875,0.161355549948598,0,NaN
0.0069545030969744,0.100995508486131,0.380732404514799,0,NaN
3.98530498435993e-05,0.0401617871302553,0.318639038207008,0,NaN
0.000100715949752157,0.2352580611848,0.235211538757779,0,NaN
0.000197181582130969,0.0670506194738107,0.037936998628975,0,NaN
0.00159808520523808,0.0205632470280013,0.343993294888209,1,26.64
0.000174897043723312,0.300918963447501,0.298341502367039,0,NaN
0.00418039731771962,0.428537910273224,0.17843024448313,1,29.5
0.000845999960534262,0.333940698818614,0.0516462190919214,1,68.53
0.00196429683960319,0.415081068360594,0.185167800725137,1,14.54
0.000620905709628869,0.259199518768744,0.159355636699907,0,NaN
0.000407063525966364,0.406692532049963,0.329681093049688,0,NaN
0.000319217706257034,0.152587658350501,0.290500682190713,0,NaN
0.00102682867790809,0.464880432838835,0.478353464849226,0,NaN
0.00142766000929435,0.119179935565203,0.443483058745537,0,NaN
0.00282850975072059,0.285760975104181,0.438389851062239,1,25.77
5.11830028489064e-05,0.4937309037783,0.396621858906516,0,NaN
0.00172053816754377,0.0613110092451594,0.172515680297042,1,27.76
0.000403007335406689,0.299526351794861,0.34230606693791,0,NaN
0.00141503588565902,0.229127550533977,0.0387669070322846,0,NaN
3.97228111607567e-05,0.0514421950103158,0.0174527946463578,0,NaN
0.00872500505459766,0.163132209781196,0.150061209924671,0,NaN
0.00106880990400667,0.317330747100991,0.234144530024586,0,NaN
0.000405953888839445,0.257269948243443,0.270622027498398,0,NaN
0.000495167671166978,0.341052756509151,0.260655860455011,0,NaN
0.00883997389321644,0.092328822701392,0.363312404071664,0,NaN
0.00350968924804434,0.37577753372511,0.225091380614424,1,17.79
0.000692969756159938,0.331873270707567,0.0429769810545293,1,77.28
0.00119237926395526,0.0995159263425855,0.492169507854071,1,83.66
5.64104607564304e-05,0.291283897994707,0.410623313882583,0,NaN
0.00679121088717865,0.115011246442288,0.486126581410183,0,NaN
4.38993110569903e-05,0.157046540833224,0.177996817732343,0,NaN
0.00665158191565684,0.354708470712286,0.231628158624597,1,30.37
4.3700739220135e-05,0.129693779120567,0.057172688834189,0,NaN
0.00109430309801907,0.323988093845881,0.283689385171737,1,54.28
0.000127875515317415,0.336050357019085,0.168721876539825,0,NaN
0.00180910156273296,0.219554292744339,0.118715696682036,1,38.72
0.00019668164340775,0.0450101632251382,0.33559635181662,0,NaN
2.88523518703299e-05,0.186330452154121,0.194465078458311,0,NaN
1.48855883174443e-05,0.442473016078279,0.01595811478481,0,NaN
1.96305302499784e-05,0.439397964954324,0.386712308111087,0,NaN
2.88819255339203e-05,0.307376564594994,0.111236509204693,0,NaN
2.56057374246048e-05,0.0702435115119196,0.156957303208898,0,NaN
0.00749126319479486,0.372402654494022,0.331380359448575,1,21.33
0.00713930268628769,0.179548358865849,0.130595162968318,0,NaN
0.000902523583188569,0.498512684309681,0.455565954165719,0,NaN
0.00175607409040198,0.320327018084974,0.400786278176277,1,43.18
3.53644639599273e-05,0.194180705190965,0.447681493936045,0,NaN
0.0014227400701882,0.343808821969596,0.377689986999705,0,NaN
0.00704094167970857,0.338548370670244,0.0658938767592629,0,NaN
1.79859764244731e-05,0.304234709860851,0.204168764696159,0,NaN
0.000115361142466743,0.256905951324629,0.114336118967939,0,NaN
0.00790451954368398,0.347507940422124,0.231800609320182,0,NaN
0.000760918817366821,0.45182425722079,0.261833553107036,0,NaN
2.3986733374244e-05,0.338204300033954,0.383143033922728,0,NaN
0.000632519730350151,0.365487663590674,0.417938104771414,0,NaN
0.000327040858242162,0.0397675905143055,0.378872700921964,0,NaN
0.00113804626274115,0.486493032662912,0.0418289162095498,1,89.11
2.08114232388247e-05,0.421249505903528,0.402457942999857,0,NaN
6.90900634640402e-05,0.0546461349766204,0.416548834886643,0,NaN
4.25627950087661e-05,0.39949972336234,0.275056433420898,0,NaN
8.81502556398857e-05,0.341891613528983,0.30241777650933,0,NaN
2.37772848624179e-05,0.461046390251286,0.182589917129516,0,NaN
0.000797154542335316,0.45978664983912,0.14602778961878,1,41
0.000251186294295951,0.417661075805535,0.067640857886874,1,68.32
0.00174177605536584,0.406278723435012,0.421990410048432,1,70.38
0.000767126972386411,0.402058746138042,0.365829751553922,0,NaN
0.00102074803783491,0.0895534918125566,0.154447853690761,0,NaN
0.00495378160298229,0.0754829734426057,0.281916879527513,1,23.97
0.000866193682212043,0.233249817301817,0.428127253189358,0,NaN
0.00409260161275636,0.0707573747932659,0.471371345600109,0,NaN
0.000780125390548631,0.391271291673072,0.167476816891706,1,38.7
0.000436396826409334,0.221874409794402,0.48203702616454,0,NaN
0.000104676428714654,0.0397213454797967,0.167405956584836,0,NaN
4.57753202071621e-05,0.262787518980905,0.448758405052988,0,NaN
0.000177842024189708,0.406759500278401,0.498261684298038,0,NaN
4.29486692914179e-05,0.453808589700001,0.0709960930692272,0,NaN
0.00185581544168965,0.27979234158272,0.019191204660961,1,69.81
0.000549933926455871,0.443096305349446,0.480334866612492,0,NaN
0.000201119762955394,0.168889427075332,0.0453480809861764,1,53.86
6.82879928288849e-05,0.253535494436965,0.211114954573978,0,NaN
9.38715605345727e-05,0.369047907387134,0.475721434503863,0,NaN
0.000116673731148017,0.128806914543888,0.125858560176007,0,NaN
0.000352804373478051,0.423235721017602,0.229767348780968,0,NaN
0.00471587156243943,0.0372705207412849,0.206650368228121,0,NaN
0.00713642328202081,0.493091436608119,0.391438639109617,1,11.41
0.000462978730408459,0.290119441081741,0.360761664434697,0,NaN
0.00708500503495686,0.39161817237092,0.16901920668554,0,NaN
0.000172125080707401,0.156604560343407,0.359899317248144,0,NaN
0.00424767920672433,0.226830881827349,0.232752208556962,1,23.26
2.7650790189631e-05,0.0864190207521787,0.46029082197498,0,NaN
0.00202657613833229,0.459514097093054,0.128745722408551,1,34.05
0.000137100804749102,0.190545749910066,0.481523634108084,0,NaN
0.000112105069428996,0.0244441502189493,0.140986254787013,0,NaN
0.00142152419981602,0.466105521832821,0.271936444867339,1,48.31
0.000317221110397885,0.284335042470086,0.270691491833179,0,NaN
0.00475580998521618,0.404766549703781,0.0357863953913609,0,NaN
0.000611702939833821,0.0309193259017253,0.260873305566576,1,79.71
0.000541827486613692,0.485965256457324,0.164523813338331,1,63.12
0.000284325827750862,0.0217643953939112,0.177890311572535,0,NaN
0.00890132971842871,0.322640551083789,0.182371264156226,0,NaN
0.00347642610784663,0.367594148698515,0.23466637763478,1,16.65
0.00058466702837688,0.208028940971097,0.161484283546383,1,63.73
9.362776565892e-05,0.433965134176672,0.474149546201195,0,NaN
0.00114238468731954,0.369151973654341,0.326769321852184,1,62.3
0.00130080319519131,0.279623327335548,0.232028320017006,0,NaN
2.99068045819322e-05,0.446421859437874,0.126851512507815,0,NaN
0.000471747956288482,0.218963071877587,0.445001276373282,0,NaN
0.000647146860531233,0.272987680591315,0.0404444532998713,1,85.32
0.000167878775042782,0.258779803113485,0.256906461347998,0,NaN
0.000125198767970658,0.325248396873403,0.373672157263518,0,NaN
1.56206992421526e-05,0.0537450559209859,0.417229063741125,0,NaN
7.61682278658733e-05,0.455365594159317,0.115495053650572,0,NaN
0.00584551999553508,0.047204785261165,0.434853992719968,1,21.9
0.000132865473054609,0.196242760345788,0.117147537565166,0,NaN
0.000894342933079298,0.468319397689283,0.21548654979432,1,51.1
2.08601585869521e-05,0.15419084755774,0.16099711351751,0,NaN
0.00017778306598373,0.0740974835033053,0.402338773219315,0,NaN
0.000529678537155583,0.494739684839964,0.478468432387048,0,NaN
0.00533723166433402,0.418344473481741,0.142177462221667,0,NaN
0.000392527681697544,0.413130120787172,0.198825232019899,1,89.74
0.00110772345323585,0.242985142512665,0.464953470809242,0,NaN
9.00510662257883e-05,0.490126691588635,0.152518244083678,0,NaN
0.000316230227836552,0.187793349366392,0.14543946537005,1,71.34
0.00132521408057821,0.357893337068425,0.38664400390929,1,89.31
0.00338474778629231,0.42868305703765,0.154051958962926,1,37.07
0.000227998876778518,0.211377677416404,0.094271687334704,0,NaN
0.00388824668724257,0.428726421709709,0.16915946998644,1,39.8
0.00382789954627843,0.146596054681052,0.463853479329198,0,NaN
0.000143706480984707,0.337885616078155,0.394000992124976,0,NaN
0.00321195477641391,0.230046253804985,0.416005671409751,1,34.23
1.226227424477e-05,0.340566521864907,0.0689367725504745,0,NaN
0.000254977830774143,0.476719407649196,0.316927051549342,0,NaN
0.000506571195459415,0.410684077146476,0.308108445221364,0,NaN
0.00521853752807801,0.339364679070273,0.151405928521819,0,NaN
0.00354143961965381,0.259038415258367,0.249103798163577,1,16.28
3.87054867202202e-05,0.0837397974133123,0.0253186373211516,0,NaN
0.000762259948471708,0.16132875553125,0.218579524597275,1,57.06
0.00681066793996238,0.160661215213021,0.169383211876281,0,NaN
0.000392251084261268,0.282690111084022,0.191185808715695,0,NaN
4.71838561424052e-05,0.324932499671454,0.387652206110741,0,NaN
0.00215350917021208,0.414202084805654,0.288151444751275,1,23.79
0.00338460687205866,0.416796260735462,0.40735161770637,1,22.61
0.000444552076584532,0.0455944156466534,0.103831646601653,0,NaN
0.000152363199851284,0.0235578827717588,0.0353091833168348,0,NaN
0.000121220450560052,0.269603598113519,0.379645236740423,0,NaN
0.000406313434008108,0.339160795341394,0.0998698932257871,1,42.21
0.00255549990848948,0.489248104454884,0.107730042403066,1,71.91
6.05497929212647e-05,0.10105565300245,0.0684937014430295,0,NaN
0.000115341835318416,0.494220453787659,0.0801025175977043,0,NaN
0.00752797793051665,0.262754102801377,0.0544646701897146,0,NaN
0.00260572163898882,0.0277722985026093,0.261528346547531,0,NaN
2.31068108377785e-05,0.240226429494986,0.423710432084409,0,NaN
0.00414522371689858,0.410518866327154,0.408521696492977,0,NaN
0.00107346141034733,0.0227219522042309,0.0787297859937548,0,NaN
0.00342329775414699,0.0934241169484327,0.288245961719297,1,8.17
1.99938736466387e-05,0.260606009917982,0.21681395831717,0,NaN
4.11343820969285e-05,0.0373522616687011,0.187568065154674,0,NaN
0.000392744188726224,0.253290283669028,0.330402297950763,0,NaN
0.00313148896394419,0.42594746679532,0.237639964165524,1,10.38
0.000243727668806423,0.341741297235099,0.385175246286841,0,NaN
0.000499583251636875,0.341477088156732,0.106308310132344,1,37.41
0.000313837489003108,0.392627204782938,0.387992904055126,0,NaN
0.000137180222013223,0.429086104623512,0.105483962279727,0,NaN
0.00676004161463457,0.0643803999518614,0.485736993264863,0,NaN
3.15240506219979e-05,0.419708341557415,0.080858150372645,0,NaN
0.00563714038483865,0.205592647643947,0.26479953367787,0,NaN
0.00304897392142336,0.465188726167856,0.120724344465082,1,84.12
0.00150003213875838,0.364194794950467,0.0798871020932076,1,63.18
5.44891001801122e-05,0.47386998354332,0.360371444344659,0,NaN
0.000283092063339207,0.0484771906196961,0.025206639853715,0,NaN
2.07187004981023e-05,0.31769320089713,0.153423876706721,0,NaN
9.2984272463591e-05,0.309550488816522,0.442859092038193,0,NaN
7.52772906949035e-05,0.182340314132682,0.193962206481696,0,NaN
0.00251957386132912,0.466171586450066,0.3335936473755,1,25.53
0.00127656303444238,0.467983821470356,0.133915647544312,1,35.39
0.000545066991117199,0.192470139600339,0.384535135206827,0,NaN
0.00780999108939993,0.397151546325304,0.115016050579898,0,NaN
0.000220873924356233,0.44014391784021,0.480636277367609,0,NaN
3.68882343240709e-05,0.289399603976168,0.438928767639499,0,NaN
0.00335569414999341,0.20147222387859,0.235822493392417,1,17.55
0.00361946129854519,0.21464290902023,0.150080232790552,1,27.65
1.04216395291068e-05,0.371007689867911,0.0227681257490729,0,NaN
0.00012987345681817,0.0642598941908902,0.304184209369972,0,NaN
9.45814917671441e-05,0.208743760093463,0.444430044118781,0,NaN
2.61616046245141e-05,0.0643121809561602,0.269965910235942,0,NaN
0.000186854671064397,0.335483683110344,0.399943682192199,0,NaN
0.00502033562858563,0.416629930738532,0.160443103306667,0,NaN
0.00292043250403826,0.0951629750000181,0.0430141259642024,0,NaN
4.18513353846044e-05,0.0714584228989073,0.19661994283118,0,NaN
0.00111801624199091,0.381903900616554,0.488566650886003,0,NaN
0.000124398276764603,0.0454769318266096,0.244102731498542,0,NaN
0.00045862117427614,0.315499623586487,0.0309522866146148,1,72.32
0.00668703683058202,0.487522683740735,0.270551497444653,1,23.38
0.000260586655612834,0.275665771863774,0.350305185803716,0,NaN
1.83650008802166e-05,0.445494711464894,0.355281582232007,0,NaN
3.08444587791308e-05,0.369630036491246,0.134961326396118,0,NaN
7.27313604858141e-05,0.244181118407447,0.248888312588205,0,NaN
0.000100065232163696,0.316447242317452,0.24399850095505,0,NaN
0.00783384247379604,0.276533182628724,0.100420795124224,0,NaN
0.000174699126673313,0.263303845889078,0.0350563292198172,1,66.63
4.30897195514549e-05,0.0341094729954678,0.123247667763204,0,NaN
5.79493203328761e-05,0.0990365864161733,0.171127262500574,0,NaN
0.00369365776055466,0.128555368341152,0.0861799056423963,0,NaN
0.00825670173589898,0.323910877522632,0.434841873096542,1,12.88
0.000768250584265123,0.357407857707933,0.483343508066325,0,NaN
3.5565689961154e-05,0.10846357650933,0.340533424147418,0,NaN
0.00235743108688599,0.339085480938461,0.421589966131054,0,NaN
0.00277157621939408,0.0153804048992434,0.406568090821205,1,7.06
0.000198337645289603,0.227311763621247,0.156247393070864,0,NaN
0.00647836497850627,0.31594210911936,0.183909001923205,0,NaN
1.65261566752155e-05,0.141688847018441,0.338138828206661,0,NaN
0.00724215255156691,0.111613459437316,0.33603112853702,0,NaN
0.00782299754688608,0.236868433336241,0.40625902692994,1,12.32
0.00110085343008417,0.309630414388495,0.0938722872444622,1,48.96
0.00229944694003661,0.493679481337063,0.226368388210637,1,17.78
0.00440092249112207,0.453426363062153,0.395029441572478,1,17.6
0.00127339962076454,0.328416872592899,0.241139261684269,1,32.98
0.000110331259986655,0.194650388282969,0.172969306074949,0,NaN
0.000399101851171704,0.135132287904144,0.496551063045208,0,NaN
2.28884627139713e-05,0.396614119119111,0.0204505957809458,0,NaN
6.44750718262891e-05,0.25843079177105,0.45628420049258,0,NaN
0.000119741905384855,0.297138478118977,0.314665625613586,0,NaN
0.000656944738023064,0.0425670653361042,0.129080028817508,0,NaN
0.00416354511464196,0.0565464479730295,0.03911357724825,0,NaN
0.00211247952190975,0.331009645042534,0.0520106066179206,0,NaN
1.36913333766419e-05,0.0728509599795599,0.0695492153391458,0,NaN
0.00091261766722427,0.236206534962082,0.42812806569897,0,NaN
0.00129661498593846,0.356795116388987,0.192508768107061,0,NaN
0.00393614634566706,0.0439141663007957,0.38885179871262,1,14.29
0.000882960492238612,0.306169961183287,0.105789462484865,1,34.45
7.96482634182207e-05,0.406620618867623,0.357462674604451,0,NaN
0.00873849415707341,0.43343635563503,0.441372759238663,1,7.95
3.99510212027087e-05,0.191906749669421,0.199446013950016,0,NaN
2.80472939040494e-05,0.221821599264622,0.175521625659227,0,NaN
1.17683179297935e-05,0.392107128289789,0.124059153906131,0,NaN
0.00145516932312244,0.0750644279703375,0.30508362771553,1,31.07
0.000300898103486466,0.425402427351713,0.144855731178194,0,NaN
0.00109546500023647,0.404236676675962,0.296845681459975,1,71.95
5.74597116568469e-05,0.346125591113901,0.446119526238755,0,NaN
0.00231317411399529,0.322962887307848,0.474798644934094,1,63.85
5.55429123311205e-05,0.0127858391290012,0.305580611518817,0,NaN
1.42757715284055e-05,0.252119444593943,0.483939076562963,0,NaN
0.000263454966531906,0.472647836463696,0.325521982063799,0,NaN
0.000417206948842498,0.0822862962184483,0.346004002697508,0,NaN
0.000110612932289037,0.0635250806136254,0.287555214343539,0,NaN
4.57267564431422e-05,0.490005561479237,0.0407002994686319,0,NaN
0.00506475173638423,0.181395503105746,0.256123484150019,0,NaN
0.000893211018591836,0.0965262852488051,0.210506108041188,1,28.51
0.00311993742351409,0.450675437491371,0.333446333467832,0,NaN
0.000536692768008151,0.203920053636919,0.0401506752820545,0,NaN
5.81359439992009e-05,0.254163376065182,0.177403421569102,0,NaN
0.000171731670801278,0.484046769622407,0.464957131970153,0,NaN
5.48440096870221e-05,0.192568068219269,0.0617110536006472,0,NaN
0.00152125088180135,0.12757945308428,0.438715380117021,1,85.63
0.00320238960177186,0.355488912848121,0.0121928345573458,0,NaN
4.64568184818783e-05,0.283392174817048,0.0645371857076861,0,NaN
0.00967988733792575,0.444363787895063,0.0837834194535085,0,NaN
0.000101154181041747,0.0917251279011064,0.335520574661914,0,NaN
0.000427644411607335,0.333896701482697,0.0720941636393142,1,32.43
0.00637283935998455,0.318336598220365,0.260295109484234,1,30.31
5.42957113320779e-05,0.480570781475268,0.317922224033801,0,NaN
0.00898593136359751,0.454755585941198,0.0721595453898905,0,NaN
0.00758754458163856,0.429997384158565,0.152488576867727,0,NaN
0.00823599360358584,0.391887765046344,0.161894844855809,0,NaN
0.000912885576213989,0.216916960827853,0.19135030267485,1,36.22
0.000178473000493147,0.303167842749279,0.255577861596439,0,NaN
1.90891085310031e-05,0.270190506611429,0.395612962510754,0,NaN
0.00146480155915262,0.474239153682168,0.48801311009525,0,NaN
0.000190660742008673,0.222239134908805,0.137619492594751,0,NaN
0.00210144999663126,0.44714837118298,0.0775275717639952,1,72.02
7.12110921564788e-05,0.215948997993009,0.0344280291274476,0,NaN
1.0781413468246e-05,0.160481307357828,0.41692125717787,0,NaN
0.00102673421888153,0.186329292373691,0.203458141817515,1,23.75
2.10497266467792e-05,0.165747953693481,0.414631053643976,0,NaN
3.69186273334118e-05,0.391457469522909,0.222850774989188,0,NaN
0.000374991690149492,0.187525507116532,0.440484268241178,0,NaN
4.52571862072067e-05,0.196841090381384,0.189495449974624,0,NaN
0.000238749936901407,0.0796611664724566,0.409813988490521,0,NaN
9.22660694299711e-05,0.2254123249731,0.0226824954529116,0,NaN
0.000439647706874826,0.0884599455809871,0.397799549459788,0,NaN
0.000698668510145752,0.189466106225083,0.171220989450239,1,34.26
0.00252874233814894,0.0969026050349061,0.234582315141768,1,15.47
1.28028273181894e-05,0.295068258304816,0.281460971520398,0,NaN
8.99682805806889e-05,0.197491509911012,0.264116470833447,0,NaN
0.000979995192845955,0.172312726504802,0.110622811466985,1,14.37
0.000620325882105595,0.160411756428605,0.374448069567987,0,NaN
1.17171580720047e-05,0.131018549058459,0.184165063015631,0,NaN
0.00574711113699147,0.338359527487322,0.289432162486881,1,14.7
0.00251267708293959,0.0755932509400349,0.0623527739132541,0,NaN
3.52227993390076e-05,0.488057336281001,0.124638839340407,0,NaN
0.000234725576498017,0.0548333388094278,0.494504877544482,0,NaN
0.00615699185463818,0.0360444545194031,0.0163436075689783,0,NaN
6.02934347681675e-05,0.471717595830037,0.0180955832533174,0,NaN
0.000162528641419522,0.38189028469225,0.133194222819832,0,NaN
0.000802240706166083,0.445847430752881,0.332403664488439,0,NaN
8.02019969215019e-05,0.0221999558996011,0.399365181572115,0,NaN
1.00302594841996e-05,0.039526860091518,0.359893424695473,0,NaN
1.06170138807876e-05,0.354573365859751,0.39651384680452,0,NaN
0.0031915039219348,0.394459751829334,0.0178493688490577,0,NaN
2.74086611609813e-05,0.0477998718007772,0.377900418259145,0,NaN
0.00749674142397064,0.107518765597528,0.168597476953859,0,NaN
0.0022529666431242,0.125120867627485,0.407477250325032,1,39.08
0.000236379229039733,0.0523172494860649,0.159115088960579,0,NaN
1.83454600830946e-05,0.120126576200156,0.184625983623707,0,NaN
6.41163561178949e-05,0.499216009041585,0.103000259239578,0,NaN
0.00545345231925707,0.332155973495604,0.439679506959117,1,10.25
0.00530100794979454,0.218233926047112,0.24889027164195,1,25.49
0.000113206556310615,0.434000510374579,0.336972091473644,0,NaN
0.000276628686717441,0.0119834706272847,0.249463877800243,0,NaN
0.000282413126912392,0.380149983682629,0.15689515488611,0,NaN
0.000144711737376677,0.258893513476063,0.386163202550548,0,NaN
0.00142556677918534,0.212155803749968,0.0693968458163931,1,9.41
0.000613853006885269,0.256656128247992,0.0447810330239318,1,90.72
1.29154021190335e-05,0.121784340164129,0.189256572796211,0,NaN
1.00207782004019e-05,0.349491845981148,0.3648337432274,0,NaN
1.41477829627245e-05,0.335348323711134,0.021999486835588,0,NaN
0.00810441138711911,0.172933686976502,0.146154643825667,0,NaN
0.00135250939184342,0.141431999176399,0.392379815517279,0,NaN
1.13073444084469e-05,0.219343430255543,0.0858118399001524,0,NaN
8.48980671152799e-05,0.0977353260647553,0.394740939687094,0,NaN
0.00027190128899749,0.439370893243869,0.0511906286772386,1,55.28
0.00106526211113456,0.278013513465719,0.47496481628534,0,NaN
1.9489443605629e-05,0.334724675821644,0.314558966355637,0,NaN
1.95024219577857e-05,0.341773819087297,0.35716365327587,0,NaN
0.000106871427990334,0.39688415488277,0.101006410207904,0,NaN
0.00813442979094757,0.0888122500274771,0.392441417137161,1,11.15
0.000306814452413575,0.0831243914692806,0.441661098733487,0,NaN
0.00205697652123874,0.311702789090267,0.307339479747934,1,20.57
0.000314541929616059,0.232149480963201,0.220541306495738,0,NaN
0.00034326635334547,0.12580268045859,0.107420771231863,0,NaN
0.000318085742974792,0.139169474049552,0.362001451259243,0,NaN
6.57222540606695e-05,0.0691453203651742,0.362462593314809,0,NaN
0.00028019093656054,0.137962290020821,0.246611343313937,0,NaN
0.00056791032345833,0.438675284490223,0.188710611933398,1,91.55
5.48018926888395e-05,0.109644590286168,0.1002582896624,0,NaN
0.000578888559664911,0.15507163524071,0.222709117740868,0,NaN
0.00506034080940544,0.446008789405347,0.183683865800933,1,45.52
0.000573295746093429,0.244581578995406,0.370975158174826,0,NaN
0.000542060584497717,0.444216886628218,0.48053254069832,0,NaN
0.000662088950231217,0.204313666411018,0.367787945099344,0,NaN
0.0022792636984285,0.0361356336770303,0.381936852925401,1,17.29
0.00277611225896347,0.392127139392229,0.397932856652782,1,41.09
0.00236016288078579,0.294348280500311,0.071082114280386,0,NaN
0.000105652119156972,0.434643011061456,0.40584286246689,0,NaN
0.000219806620581929,0.403682814046214,0.260983425095565,0,NaN
0.000286064691576125,0.110010874655569,0.322494499759161,0,NaN
0.00127573640487717,0.363828196315982,0.128760322632825,1,29.94
6.40099416367044e-05,0.367266840814036,0.284782510570943,0,NaN
0.000608312836575474,0.284597730246131,0.0663647606879637,1,43.37
0.000123037744160885,0.0711317368888933,0.176844508490253,0,NaN
2.34165931787392e-05,0.115396750785911,0.0838446626202053,0,NaN
0.000173295913699962,0.426589083652083,0.366485913626869,0,NaN
0.000262958713901071,0.405639847728917,0.188021521762576,0,NaN
7.88106738175102e-05,0.405992614780724,0.118473649011605,0,NaN
9.90804266583519e-05,0.206313740940781,0.194697798154696,0,NaN
0.00113014285909194,0.280889392620716,0.0775231957866001,0,NaN
0.000214290458990142,0.0706215426532145,0.380867935546936,0,NaN
0.00390756667577855,0.32828859593691,0.486868441532306,1,23.3
0.00641385464927242,0.169380114816727,0.322053385610034,1,12.76
0.00144165282052625,0.312344774076751,0.0542210304881964,1,47.52
0.00416716451509917,0.0349337689202849,0.187300967704304,0,NaN
4.25955249849609e-05,0.353376157967985,0.432860735238929,0,NaN
0.000153581019466006,0.253152956812231,0.0586023817640818,0,NaN
2.94527325778571e-05,0.384145457045769,0.489162056270884,0,NaN
0.00011801451910151,0.348750554101496,0.0455628834445317,0,NaN
0.000183600420387045,0.0614238253307845,0.26292904709974,0,NaN
0.000320095615210469,0.341941697002956,0.299913973077961,0,NaN
0.00163584489997077,0.298243751830661,0.0389405790398129,0,NaN
2.58766772503518e-05,0.0896688144976111,0.302133013731328,0,NaN
1.87455486726296e-05,0.101602805276751,0.0489049210193345,0,NaN
0.00301524940788617,0.0631879865273468,0.318083350780416,1,17.27
0.00277260457140241,0.450679995413843,0.246619081414982,0,NaN
8.49435882094284e-05,0.0798197389765251,0.43812290355203,0,NaN
0.0090938657515599,0.23886926535551,0.272342494060774,1,25.09
0.00572601593614963,0.0742652118243389,0.452247155965194,0,NaN
0.00223878602396447,0.457403771505397,0.222645103171297,1,15.89
0.000289379111957293,0.0399715194006575,0.271966992818698,0,NaN
0.000464213911803629,0.351835574651617,0.184358965147482,0,NaN
0.000593316296250284,0.378112939571885,0.343118140425809,0,NaN
0.00234189490897535,0.167478591638396,0.437844760569214,0,NaN
0.000146911977663633,0.477338999030694,0.427679735941271,0,NaN
4.51483157407894e-05,0.0839116421765576,0.127799134936148,0,NaN
0.000435506446722499,0.0229860699900023,0.305512159656009,0,NaN
6.52403262243142e-05,0.498427879195939,0.161942170950674,0,NaN
0.00379082520138983,0.0729087089133963,0.41062138678494,1,8.19
0.000784333939947968,0.358183651614875,0.318530554650358,0,NaN
1.25959447050817e-05,0.338067691705553,0.0821810414182388,0,NaN
1.39953752950052e-05,0.283599481962186,0.20503588117149,0,NaN
0.000415963472226469,0.160923631379508,0.431236285228578,0,NaN
4.64619166952433e-05,0.209249027544195,0.237531599594854,0,NaN
0.000534577260124351,0.114557851903127,0.155537317484895,1,46.32
0.000317341489287072,0.24813985385257,0.240259882981715,0,NaN
1.03648398816227e-05,0.408899847953008,0.354420331409377,0,NaN
0.00119129063279416,0.430496780880751,0.202813343820253,1,36.86
0.000138200007121986,0.262550133702269,0.320505645186835,0,NaN
0.000243028965293227,0.0512074900164791,0.49404068891813,0,NaN
0.00257843746589283,0.24031564952644,0.22963739132541,1,16.5
0.00143507366255404,0.162974294309211,0.161746689568462,1,10.03
0.00471964027904044,0.440764425595529,0.0416732653935721,0,NaN
8.11337536611821e-05,0.491025674783291,0.448606323939298,0,NaN
0.00254119522552968,0.188929200826138,0.26142822395912,1,22.37
1.26503065058854e-05,0.192827732429775,0.425061240566395,0,NaN
0.00792045361137099,0.137532738565598,0.328192433302806,1,14.03
0.000416806597835598,0.265731207251556,0.211978186538727,1,91.32
0.000556941730540654,0.209411528834484,0.0760172037399833,1,53.06
0.00309798020530776,0.168268522028239,0.363293871887416,1,12.46
0.00116015446942463,0.307319901619129,0.416407693526401,1,70.18
1.9608059095833e-05,0.450060957846926,0.0383226532647765,0,NaN
0.00403295495324595,0.338595327152268,0.413973720308023,1,20.34
1.80640692271906e-05,0.234422834185823,0.226783038157334,0,NaN
3.79095670525066e-05,0.340510729541383,0.146590073193023,0,NaN
1.85077779331937e-05,0.120813206076965,0.0295206008108277,0,NaN
0.000375114336106761,0.219762119222398,0.450317699887741,0,NaN
0.00146015409248378,0.204184213968021,0.111132016492699,1,39.84
0.000225539710761815,0.323308155773771,0.379331327816271,0,NaN
5.5714921944908e-05,0.137195446668269,0.26299645993036,0,NaN
3.85531380159101e-05,0.382712071998319,0.137917125413235,0,NaN
2.82218019953957e-05,0.363001710740404,0.302880319158399,0,NaN
0.00369562012802645,0.176320937240966,0.279182076682825,1,13.74
0.00529787138961362,0.213072277568534,0.167635690909581,0,NaN
6.49724073093421e-05,0.0554287897021148,0.406472273592741,0,NaN
0.00204339323028915,0.0559248235047137,0.15551242097734,0,NaN
0.00740325173394538,0.0683981556989533,0.28466750006061,0,NaN
1.76463028624607e-05,0.0361241837352646,0.365411103273558,0,NaN
0.000175324531376369,0.296876891641255,0.157581531306045,0,NaN
0.00332988109594696,0.252055427547589,0.0538253614444472,0,NaN
4.89039801961517e-05,0.479467201662188,0.119753722881372,0,NaN
1.47393243894822e-05,0.27795501038368,0.0602600857116133,0,NaN
2.70966993698766e-05,0.407984071934721,0.429391007474036,0,NaN
0.00734407793241592,0.175088774943143,0.341400011737443,1,12.69
0.0017034775946512,0.123507851147001,0.0884045458458808,0,NaN
2.39893403391844e-05,0.331053273627264,0.343966788968133,0,NaN
0.00111400087318317,0.271050952331379,0.417406455471559,0,NaN
0.00124911904183754,0.0811004525230464,0.130268983287954,1,29.59
0.00416722097034745,0.408557871618508,0.0570743338640756,0,NaN
2.97222949493723e-05,0.375462400169914,0.22081605781592,0,NaN
7.14416368967892e-05,0.390797286352407,0.140837613690145,0,NaN
0.00177949535449646,0.419420252802878,0.484714537656964,0,NaN
0.000852772266479507,0.455494774013422,0.411594548407004,0,NaN
0.000153340353496658,0.495460464184612,0.0210405310313906,0,NaN
4.02452596309179e-05,0.240027885415772,0.227345545141213,0,NaN
3.72177702781145e-05,0.348658068311708,0.195639666179446,0,NaN
1.7864189701552e-05,0.448944720554483,0.495570511231866,0,NaN
0.00018953604185123,0.319012468744192,0.13340129739447,0,NaN
2.32711089344757e-05,0.273759377954529,0.403234302622748,0,NaN
0.000420075185726393,0.499448010627887,0.238836468372299,0,NaN
0.00537179303275776,0.314960133662516,0.230386771636307,0,NaN
3.6679297850093e-05,0.135986986792304,0.305654016607555,0,NaN
0.000175263777235013,0.259170234542823,0.317026430065318,0,NaN
2.07408480760401e-05,0.269274379431869,0.496279024310342,0,NaN
2.74377289257063e-05,0.389556400750494,0.239717188748846,0,NaN
0.00032325130776257,0.471737144449747,0.0624907595953467,1,51.34
0.00202065048301716,0.366534015626239,0.141341195743699,1,39.44
0.000695417291057908,0.470784431138893,0.017629302908058,0,NaN
0.000144125752505976,0.218137446415655,0.343775502960919,0,NaN
9.19879943735446e-05,0.0992488369459711,0.499275663482692,0,NaN
0.0010637350738733,0.481504721199713,0.202272442717044,1,46.56
0.000736441244701678,0.42193104929036,0.201022883860573,1,61.79
0.000429210559694392,0.252877568055327,0.423444863309976,0,NaN
0.00571083885096454,0.34414620293642,0.339686330622645,1,6.56
0.00181546475795025,0.0802681343843203,0.0948463647800376,0,NaN
3.72680078647773e-05,0.134934735780647,0.0855240965407536,0,NaN
1.05575151264388e-05,0.014038296673321,0.491987779441349,0,NaN
0.000663634728323946,0.460776722752826,0.0243143083722149,0,NaN
0.00124012686007803,0.364949310836985,0.459072240063318,0,NaN
0.00800245370453332,0.488668556696049,0.406187541213074,1,14.8
2.50599019832686e-05,0.308498260003833,0.202682547992507,0,NaN
0.00132864053878728,0.155002824366932,0.0340738119696102,0,NaN
1.71264709603185e-05,0.0372219680466171,0.13936961410538,0,NaN
9.30557963866421e-05,0.0722995342704597,0.499580420637749,0,NaN
2.48772155727304e-05,0.119868598323954,0.478326220456464,0,NaN
0.000630931110061185,0.203892708115052,0.440170148337286,0,NaN
0.00271080732565193,0.478596798757279,0.273468266423176,1,19.54
0.00704923783346338,0.493274402106392,0.0541640602572307,0,NaN
0.000103407227185248,0.104624637871429,0.108800320930731,0,NaN
0.00311017349307189,0.249346350143132,0.09651761047833,0,NaN
0.000662916458968454,0.366594061142637,0.0381917699572239,1,58.69
2.87660500226462e-05,0.22630168377064,0.309135682165657,0,NaN
9.26034916729661e-05,0.367605323541101,0.0200975622905018,0,NaN
0.00341431145370124,0.250916185607074,0.0839343775887671,0,NaN
0.000238360470862889,0.163654612106776,0.177892453981698,0,NaN
0.00862578858868413,0.347744013729173,0.0816165874411943,0,NaN
0.000640966667918448,0.216763295432546,0.348757837503117,0,NaN
0.000111227616901833,0.179459050155385,0.242717648796232,0,NaN
0.000265563319193581,0.481088837412565,0.247284907623872,0,NaN
0.00128500998353691,0.451035862646122,0.148301254924283,1,21.34
0.00644958937557806,0.455186942906099,0.394613545649825,0,NaN
2.31218937812954e-05,0.313359644347399,0.238109906691666,0,NaN
9.31254179811874e-05,0.456939401087534,0.126802971671713,0,NaN
0.00100774355121832,0.0358551560716229,0.39656560085476,0,NaN
0.00728267403696573,0.140750751736122,0.304731951175382,1,16.85
0.00063731504402616,0.205391724030579,0.218452894785047,1,45.28
0.00012082916742871,0.101905208585784,0.486674642150562,0,NaN
0.000171625491265873,0.133900786318097,0.0999004169383709,0,NaN
0.000411320742483186,0.291825183298962,0.243096636521587,0,NaN
0.00818711716434837,0.361553610630943,0.302712664492595,0,NaN
0.00574727955028659,0.0735504922008524,0.456011401602597,1,12.08
0.000156076343388779,0.136083510838334,0.471187364749471,0,NaN
0.000101134344174911,0.0880636570821841,0.425707301305206,0,NaN
0.000209091408427029,0.318690723980309,0.391346964741794,0,NaN
0.00353491250635148,0.316162999069831,0.163916056115978,1,38.37
3.0640794785676e-05,0.349851119829229,0.354893082301678,0,NaN
0.000454678333634809,0.0666741587354937,0.435074224641804,0,NaN
1.08826445364139e-05,0.313128037736912,0.144937641626853,0,NaN
4.10272068277487e-05,0.0841825834148104,0.320899037216366,0,NaN
0.0076992567097447,0.0840395881589052,0.493365648007476,0,NaN
0.000182301972420669,0.244881646667455,0.409265456835326,0,NaN
7.60869432145855e-05,0.232082668380316,0.48171967230675,0,NaN
0.00298737844846773,0.0804425765666485,0.380591008502766,0,NaN
0.00262902246657414,0.498494799210569,0.437239278881569,1,59.32
4.75639156608532e-05,0.120695763129365,0.266175387496486,0,NaN
0.00316627057387873,0.24428711447234,0.254216346252708,1,14.21
0.00296249515762871,0.404104720067819,0.343688081866084,1,23.68
0.00927615242983669,0.421364045640346,0.39670609232748,1,15.2
0.000123540172406455,0.0908547123953767,0.160423937929312,0,NaN
0.00343584006766921,0.383882047011077,0.334169576483642,1,15.44
0.00476830824445127,0.0429765803305393,0.0490639215894042,0,NaN
0.000166436342290768,0.0831122600409804,0.382252649758752,0,NaN
5.75198613273475e-05,0.357005624615396,0.449575376751035,0,NaN
0.00805338393937539,0.450179798522777,0.347968125049884,1,14.57
0.000792659760734311,0.170536604055396,0.0364276007971391,1,58.92
0.000811411257263551,0.294514289656898,0.259867493105858,1,81.53
0.000939642643248703,0.214600187135198,0.146776812034634,1,18.59
0.000124476006767776,0.341847962097873,0.143698364142585,0,NaN
1.98822784908568e-05,0.19987646129791,0.488120223039411,0,NaN
0.00216720323796784,0.411031218098568,0.438123963329248,0,NaN
0.00996911988642291,0.435923922107636,0.309694138076719,1,33.66
4.24440026206479e-05,0.434774881487026,0.172690604279138,0,NaN
0.001466399227155,0.0151553766290013,0.0588972691601355,0,NaN
0.00126996779145157,0.155055063237364,0.461450795153104,1,83.07
0.000113907527999459,0.115773422292507,0.169832554104334,0,NaN
1.37385907348143e-05,0.0781975875482361,0.110905724017761,0,NaN
0.000182045048180338,0.165807606457356,0.0189272443894564,1,78.89
6.25771265059436e-05,0.129646879252409,0.108661004589887,0,NaN
4.78863827053705e-05,0.196637840761567,0.304117403077498,0,NaN
0.00508651135284803,0.360738828689988,0.0956145823569249,0,NaN
0.000115143705998689,0.014779026940517,0.0451009813265125,0,NaN
0.0061650938241759,0.101775200417881,0.036279319664222,0,NaN
3.05881419005756e-05,0.275743288491721,0.483844643714278,0,NaN
0.00995600872617235,0.166582686644965,0.105629924765436,0,NaN
0.004586564186567,0.474726746048076,0.0175910440911408,0,NaN
5.73934125102819e-05,0.197553467565216,0.304084335206586,0,NaN
9.7936103069418e-05,0.345002523970838,0.0843439887216424,0,NaN
0.000621783569912571,0.0409813216449043,0.367358910344952,1,82.64
0.00048609321095531,0.400770874787991,0.460982906029967,0,NaN
0.00180230152180765,0.291481667905908,0.116091952578098,1,68.65
1.19575424038105e-05,0.323023455895374,0.474146397980939,0,NaN
0.00500263729662825,0.136690796703423,0.178465096107615,0,NaN
0.001827710555636,0.0262554841200334,0.143611680983571,0,NaN
0.00179986872323301,0.424794105897777,0.326486144191663,0,NaN
0.00011301310693115,0.126134531889062,0.170998120137477,0,NaN
8.49038192323097e-05,0.103409632390947,0.217009687172461,0,NaN
8.8783476799692e-05,0.0614980896642843,0.158606913772078,0,NaN
0.000194411506316001,0.173221796610366,0.48390678367961,0,NaN
0.000826079656322963,0.125651369922136,0.297388067772902,1,67.38
0.000138433269184114,0.445548530025517,0.330907252195073,0,NaN
0.00518609947943972,0.444349974934142,0.0836778253645054,0,NaN
0.00572919171116415,0.0342349712674569,0.421438163999142,0,NaN
0.000153919569097335,0.187846640085194,0.160862564959778,0,NaN
0.00029795888014839,0.427946628324219,0.387175924682395,0,NaN
0.000307941154531584,0.370126197159243,0.449301444370836,0,NaN
0.000221695815631839,0.420710915965381,0.326956995495248,0,NaN
0.000843296212613994,0.362542901829898,0.444735962500022,0,NaN
9.57269986832403e-05,0.135132615819977,0.279346124269085,0,NaN
0.000240235515690383,0.419886652587457,0.339772831369141,0,NaN
0.000866209462415767,0.137078714441502,0.0848668528069098,1,41.44
6.04377017318884e-05,0.120445171414278,0.234706779402728,0,NaN
0.00625882437098474,0.15801838404536,0.208749730653884,0,NaN
0.000145647827253511,0.31834574864724,0.131490842755946,0,NaN
2.07736793893894e-05,0.204948013432907,0.436732162341357,0,NaN
1.60645846844056e-05,0.0625460693196168,0.333822745214212,0,NaN
0.000251689815585085,0.492280780015798,0.0392232433997442,1,61.48
0.000552020854895654,0.222725322668827,0.0621521943595555,1,50.1
0.00140895277139091,0.144581155507289,0.241741666542891,0,NaN
2.24199192186082e-05,0.250995316055762,0.335469913754878,0,NaN
0.00627423079904181,0.34843078480704,0.23219672517959,1,23.37
0.000168827262936318,0.463981052810244,0.0604876424709648,0,NaN
0.00024467555627741,0.472863095125267,0.338896947945679,0,NaN
0.00481496983839695,0.234141430895603,0.205949876682002,1,24.9
3.1674294342444e-05,0.254860999066695,0.122449298759911,0,NaN
0.00290671775806713,0.241175346249045,0.390185540271854,1,19.24
1.16432620229004e-05,0.0698002339012486,0.381064065531712,0,NaN
1.54858038985196e-05,0.363851271532203,0.427130920280906,0,NaN
2.31182671351339e-05,0.0281821847478989,0.233613687602586,0,NaN
8.4314938643813e-05,0.0181642248640493,0.456684105645049,0,NaN
0.00021756202429664,0.129707212440155,0.179606572696576,0,NaN
0.00609342424801488,0.423672822118328,0.338997807340212,1,7.21
2.57844439866522e-05,0.210378468653682,0.0637581093407967,0,NaN
0.00011489425243752,0.461774124835202,0.225585617319132,0,NaN
0.000165239411936434,0.287761630783249,0.101504615455304,0,NaN
1.86444958486798e-05,0.465252963439015,0.378882587280982,0,NaN
0.0057846669090299,0.245051903492867,0.251910037431945,1,33.93
2.70565618203255e-05,0.385688660311314,0.273772277556002,0,NaN
0.00119624430544753,0.123781907027461,0.305439819792613,1,38.16
6.00894913138415e-05,0.301980809845648,0.282695276980565,0,NaN
1.39434953350483e-05,0.442896523891147,0.235788372999938,0,NaN
1.27785361315622e-05,0.319936156631745,0.359769439668506,0,NaN
1.37636039237355e-05,0.482976613224032,0.214977458935293,0,NaN
0.000653586922856519,0.12094880621515,0.47775722050481,0,NaN
2.34281839406595e-05,0.301293693104749,0.380473048268345,0,NaN
8.94890174870021e-05,0.10750311254275,0.122037527968663,0,NaN
0.000986219151178579,0.476846775741753,0.172736693522303,0,NaN
0.000129731056398242,0.0486758982391432,0.0383078141446921,0,NaN
6.66386532085073e-05,0.197953356037505,0.260242904687581,0,NaN
1.44251681572922e-05,0.0591314264598193,0.0858610069731688,0,NaN
0.000767708343992581,0.0583090853584508,0.410520021751721,0,NaN
0.00111954319892202,0.273935927420718,0.18846956997144,0,NaN
0.000890942775549356,0.293328516429086,0.154001715494832,1,25.34
1.52811691989177e-05,0.0155748330660959,0.321140339114738,0,NaN
0.00122188466387316,0.027388038123717,0.39184488125295,1,39.78
0.000813868719232082,0.130179167484792,0.304174678564697,0,NaN
1.0521471514557e-05,0.326659475672873,0.296400516344731,0,NaN
0.000362127370148127,0.0838530232568484,0.0656947846921742,1,46.41
0.00016632977279325,0.358713906159442,0.482045390434812,0,NaN
0.000190752626853414,0.445032258565865,0.498984487133249,0,NaN
0.000731040966757941,0.195124396878891,0.360105914402443,0,NaN
4.59333804837661e-05,0.137268601096999,0.0314374971925204,0,NaN
9.10927961327429e-05,0.175602479239081,0.23645019509159,0,NaN
0.000221184273145506,0.481578393295581,0.300882865517574,0,NaN
0.00017560037816566,0.206141146881205,0.187789472974516,0,NaN
0.00852024674068266,0.489745624117862,0.372906649283019,1,12.96
0.00311074087344316,0.386700870467326,0.469923319295904,1,33.03
0.00737562354392168,0.314164192410103,0.481189050839295,1,8.23
1.32419059486946e-05,0.291043804826313,0.2572495138464,0,NaN
0.000116256474518662,0.0291006263519114,0.323470431437127,0,NaN
0.000829320348191372,0.481165074661471,0.286854068366536,1,81.69
2.35355687281918e-05,0.166068135888789,0.338962395685152,0,NaN
0.00875228827680548,0.220865057946624,0.344148653536808,1,18.87
0.00896034615939682,0.375856769222078,0.362222107993868,1,20.08
1.70318619143437e-05,0.452153526692758,0.0670572250013419,0,NaN
0.000228230753691279,0.238396884465778,0.359217473752886,0,NaN
1.37221039132806e-05,0.0127363429844053,0.0428073305247176,0,NaN
0.00593563267059609,0.187612630708383,0.431588400779879,0,NaN
1.9150830994257e-05,0.465528246004883,0.145372674139653,0,NaN
7.86521083750147e-05,0.289910454282474,0.0103851378075324,0,NaN
3.1089618453325e-05,0.122351405614812,0.368468264326138,0,NaN
2.76883730136394e-05,0.0300709867891964,0.0912646081741928,0,NaN
0.000355136229134897,0.244545265191548,0.249121288544165,0,NaN
1.52710778273911e-05,0.166964991202986,0.394506270321903,0,NaN
0.00121558450633158,0.387518771598398,0.126476724985504,1,35.94
2.02329841084817e-05,0.258601277516732,0.130480705932807,0,NaN
0.00124553199172894,0.265439196790037,0.227367061228126,0,NaN
0.000619584489207118,0.029957681026871,0.391862596622463,0,NaN
0.000108926875858799,0.244169817545397,0.37883044647506,0,NaN
0.00060625876800269,0.267823822423961,0.295449450026003,0,NaN
3.6740437158923e-05,0.147983313479005,0.426850779993803,0,NaN
0.00518490789190103,0.270098190782807,0.18577495260552,1,52.29
0.000102139862579339,0.131093044981405,0.431565604341459,0,NaN
4.25481833978554e-05,0.460989953184247,0.191340743816823,0,NaN
2.73751038955484e-05,0.16335766077634,0.127984325435736,0,NaN
1.43354724010717e-05,0.388512982102766,0.245564852989081,0,NaN
0.00134659875046611,0.220465614709809,0.111206820944598,1,40.92
0.00035619168497791,0.0808087042902922,0.140140575240637,0,NaN
0.00692872839308515,0.0634642575921586,0.0678389856804638,0,NaN
5.4845296889255e-05,0.205112082517927,0.492319213960781,0,NaN
0.00189355423187449,0.141152763724191,0.287280820862146,1,12.91
0.000161428666357294,0.223131247005565,0.0356216530836456,1,82.73
0.000211828049084783,0.034025039250987,0.161202109960987,0,NaN
0.000768007792629346,0.10363903313797,0.0302069599524982,0,NaN
1.66685328595541e-05,0.355874637018303,0.121899861915408,0,NaN
0.000449791377919961,0.133588875619146,0.0744357271149266,1,22.62
0.000295485158576378,0.332754055383881,0.210134573214362,0,NaN
0.00266003059284153,0.128777178212648,0.356425786332923,0,NaN
0.00312590272020773,0.0622509327943468,0.499873355661764,0,NaN
0.000917985993510838,0.496490362078969,0.199135228458871,0,NaN
6.14023701700995e-05,0.286017589048949,0.260744116581214,0,NaN
0.000118921072629332,0.200310559899961,0.396222104008895,0,NaN
0.000489439416500883,0.284211552175863,0.0583615094167522,1,58.04
3.1321490571928e-05,0.311526518572607,0.374006723371127,0,NaN
0.000726658192274999,0.140677823339777,0.436710763733263,0,NaN
1.08835313749859e-05,0.368360185413799,0.292076267174202,0,NaN
0.00164558616035504,0.390641978660518,0.174228582815269,1,17.9
1.2232250169157e-05,0.101295670223339,0.230839804440319,0,NaN
0.00100199902355348,0.290056706551675,0.209788466606283,1,29.78
3.04050465501603e-05,0.248529210042253,0.374390585257326,0,NaN
1.53300890290881e-05,0.376584005230543,0.481906288576714,0,NaN
7.10297271087126e-05,0.193555771836781,0.415746593572825,0,NaN
0.000150541880668912,0.377772652310144,0.132184960393783,0,NaN
4.06404735658805e-05,0.46428317984809,0.400367320319219,0,NaN
0.000324950850462899,0.344954103675674,0.432542495546586,0,NaN
1.68280692785411e-05,0.418863539135309,0.341689541166605,0,NaN
0.00433414087349466,0.094009072299775,0.15689924751017,0,NaN
0.000684991362865096,0.0454690983637335,0.242530994706478,1,51.94
1.05806560277164e-05,0.0341577448983328,0.158341455178673,0,NaN
0.00227320886722926,0.474019862696705,0.164301030104142,1,23.01
0.00288764613160798,0.0764289440640275,0.451987395108375,1,34.38
0.00105173189003334,0.400922348762217,0.45346209010578,0,NaN
5.5237892523835e-05,0.289361794791128,0.115596199182324,0,NaN
1.74835003406472e-05,0.332361397135232,0.36905660824618,0,NaN
6.4969991118874e-05,0.45076484989209,0.447367032789812,0,NaN
0.000277786673672418,0.377960897785951,0.116253187162286,0,NaN
8.02798609786119e-05,0.184031192488723,0.485454865306677,0,NaN
1.24194908365898e-05,0.352634556030669,0.054035378000264,0,NaN
0.00345005698241695,0.0616861261806526,0.382569601855171,1,12.09
0.000284460059305089,0.0919538540354161,0.425246058494053,0,NaN
0.000806034812345471,0.153957088084642,0.317879469003039,0,NaN
0.00778641180776335,0.350666127883512,0.0899304221422043,0,NaN
0.00157310800402375,0.114624503687669,0.490097090282559,1,70.98
5.89615280210331e-05,0.119450352149831,0.479990286277432,0,NaN
6.89667362541012e-05,0.296485594749788,0.390286932764008,0,NaN
7.02107200875406e-05,0.319798061958072,0.331237345182083,0,NaN
0.000117022115381173,0.0533256241753034,0.192337333309849,0,NaN
2.30846750379873e-05,0.0788268390032201,0.186821587668447,0,NaN
5.9609830203488e-05,0.167284350537825,0.135079547397036,0,NaN
0.000599615411749733,0.060777306696935,0.375322989900921,0,NaN
2.43972036268213e-05,0.3127158981734,0.0457277716596672,0,NaN
1.45074545845664e-05,0.036964443513625,0.336723807860904,0,NaN
0.000721717476711198,0.216530085413802,0.0801480434383851,0,NaN
0.0011833837443521,0.377808479273843,0.115109956492489,1,25.49
0.000692039284775649,0.274672025928203,0.237030930484446,1,54.68
0.000680776978881508,0.16325452209398,0.0472199706600714,1,56.16
0.000422988588824572,0.469921002424877,0.365100072107475,0,NaN
0.00490267683247786,0.248478907650729,0.293287124758518,1,22.42
0.00346290517378798,0.0633151697965044,0.242757235207578,1,17.86
1.5328078820021e-05,0.499843006466878,0.434420611567684,0,NaN
0.00134428547257215,0.012946212900778,0.376745271580467,1,35.32
0.00261562901378373,0.302329317460377,0.229825075241616,1,15.91
0.000782825387223361,0.184039072410815,0.301855050319367,0,NaN
1.76137140014266e-05,0.338802865674512,0.288677097659047,0,NaN
0.00117953136914488,0.0377802530433435,0.479875296176016,1,74.07
0.00207099608296141,0.475933033585882,0.485578102315127,1,62.81
0.00307020404488485,0.292621535128961,0.371695091442466,0,NaN
0.000159453002878521,0.194551639373535,0.0377143667429588,1,64.32
6.19231454577846e-05,0.0971867440950884,0.196873085740897,0,NaN
1.29476034701717e-05,0.123878897304231,0.333986951678073,0,NaN
1.62237476892204e-05,0.308990924420877,0.276289806916794,0,NaN
3.5934607434926e-05,0.154374186214801,0.105299142560756,0,NaN
0.000186554914437843,0.266259715514103,0.386662415789619,0,NaN
0.000181844239901544,0.249110660053944,0.188593500195701,0,NaN
0.000601987830061502,0.484386587870267,0.377889642194276,0,NaN
0.00355705562496412,0.380222474970684,0.142074995469572,1,93.49
0.0041478428048893,0.225323267993844,0.102439455377154,0,NaN
2.43387498488664e-05,0.0123160512410846,0.0478287599245802,0,NaN
0.000493787525683798,0.277888432816709,0.401314348709199,0,NaN
0.000871550331867858,0.418524004651915,0.107403849139858,1,51.12
0.000777511434976483,0.351564869055573,0.108598479169347,1,52.16
3.02466536450282e-05,0.018185882437059,0.424598201310011,0,NaN
0.000747917311936584,0.289008999264051,0.47803888752816,0,NaN
0.000413761225957718,0.0452714239126685,0.0189684814481327,0,NaN
0.000166126247472046,0.224055053802805,0.0572762315176182,1,69.04
0.000710956461581162,0.286012106719304,0.105269676072944,1,45.39
0.000418656228948065,0.380954725245651,0.378508873172809,0,NaN
6.66912600171366e-05,0.179183670996613,0.349883277958058,0,NaN
0.00116918577377279,0.278384192275947,0.058203332645625,1,78.55
0.000160963027093252,0.391959874188326,0.273525010933529,0,NaN
5.3976956288249e-05,0.373827848926714,0.149932761895237,0,NaN
0.000342943694194053,0.450554827245556,0.425996832434272,0,NaN
0.000357866215318553,0.28491676393079,0.0141972275339726,0,NaN
3.95982146608684e-05,0.117464425161784,0.449593450602619,0,NaN
0.000194976007366642,0.333395958927146,0.144899814637735,0,NaN
2.24347301118985e-05,0.387380858006684,0.485343216917066,0,NaN
0.00077047208689119,0.172297676217242,0.322179123257435,1,74.65
0.00134468631645525,0.145870285001149,0.464754859179693,0,NaN
0.00683163967030016,0.384710459816772,0.158362459653876,0,NaN
0.000375346870608805,0.168358138272767,0.198672564049771,1,86.26
0.00757859618150989,0.224601866110623,0.375898281371279,1,13.47
0.000336619991678672,0.255070072612511,0.114221652819967,1,46.75
5.55898427231954e-05,0.0128328172723939,0.286407490044987,0,NaN
0.000437705327067645,0.421127590473154,0.485589438505004,0,NaN
0.000201830031374941,0.255378749262538,0.130883096066885,0,NaN
0.00374824373940697,0.144154591681522,0.455250771072758,0,NaN
0.00147623197806335,0.273942846453198,0.345609102432293,1,44.82
0.000702829569822826,0.105473005328001,0.139152581901842,1,29.58
6.60362505917123e-05,0.202097087212325,0.458130508186957,0,NaN
0.000943132064381552,0.0261798161138079,0.383573445381711,1,79.36
0.000126788760187511,0.39684930556421,0.217452838485574,0,NaN
5.1833261996346e-05,0.20766656542441,0.198312607571968,0,NaN
0.0074048912211356,0.467830090296004,0.181855447372813,0,NaN
0.0023923749757119,0.12470122799417,0.380359657611759,1,16.14
1.61749828020532e-05,0.399931447488537,0.295006833383934,0,NaN
4.16870389450911e-05,0.0959662705036026,0.226029208729606,0,NaN
0.00192797038214567,0.236263880150145,0.46023187589698,0,NaN
0.00719066321019099,0.283124603811544,0.0674947257680873,0,NaN
1.02523160892325e-05,0.262499075455469,0.14415721585204,0,NaN
0.000861529390157959,0.364085226146117,0.0263004695063947,0,NaN
0.00179810285581391,0.496020530403732,0.467492443661573,0,NaN
5.08963705805588e-05,0.027080911939801,0.381087116753335,0,NaN
0.000155994394380816,0.0164619773817098,0.32999279526566,0,NaN
1.68924228055446e-05,0.398839883066934,0.357611543988923,0,NaN
0.00525303961012113,0.0263392178485864,0.200446145599034,0,NaN
7.55481666120867e-05,0.357872367609985,0.201717858339842,0,NaN
0.000798025710847939,0.0671331903941067,0.447221175187509,0,NaN
0.00450395103190264,0.221809485404363,0.445636639047645,1,20.85
2.79267799348543e-05,0.176619403493324,0.252257391536938,0,NaN
0.00100510808240309,0.0527179739249271,0.101743691211026,0,NaN
0.00163140825015216,0.366116186229429,0.037040929224443,0,NaN
0.000250915985104497,0.460885793343079,0.165144779629375,0,NaN
0.000103097966834367,0.274184591119573,0.07714268546539,0,NaN
0.00165713953724578,0.340519282910191,0.0189036791336719,0,NaN
2.53514715585973e-05,0.473968623703385,0.0669068579398019,0,NaN
0.000124804801849404,0.0875787803509455,0.0677951820919215,0,NaN
0.000678753336013155,0.418836932451688,0.051120568186038,1,77.03
0.00651934351439948,0.463250951315551,0.207771907472079,0,NaN
9.27462892564072e-05,0.0804189007121031,0.434568357016808,0,NaN
0.0011340452907887,0.257568589689634,0.240674951683543,1,31.05
0.00142701157919939,0.454133291811513,0.403412070543006,0,NaN
0.000701981503718674,0.325772759595992,0.195217665013612,1,48.63
4.06639372030624e-05,0.163358614375306,0.440701087010905,0,NaN
0.000589711940508667,0.226055334708416,0.475140505664223,0,NaN
0.000165839742622798,0.176549684201835,0.492042857077263,0,NaN
2.15066127460445e-05,0.474726792183636,0.254953571947334,0,NaN
0.00287323801149954,0.330503933239889,0.401291011205452,1,23.63
9.02104314115204e-05,0.0618025717792571,0.406509271153976,0,NaN
0.00339399003021177,0.491057871284015,0.0377579226837308,0,NaN
0.00605816265067293,0.15473687143924,0.156443803047127,0,NaN
3.79607667926579e-05,0.328348607074384,0.0856731948199777,0,NaN
0.000210973138609661,0.118430206328916,0.408727991350366,0,NaN
4.25033251799374e-05,0.0550336289603129,0.0964613641073887,0,NaN
0.00227918881774042,0.488937103906244,0.030177344999311,0,NaN
0.000197976698540177,0.21394697257912,0.263354622918452,0,NaN
0.000634239090580454,0.153147083066823,0.136328377060809,1,30.65
0.000259807659228912,0.0664808530608535,0.323629723183524,0,NaN
1.23019282536396e-05,0.122699254328016,0.0448581073878623,0,NaN
2.97348791914165e-05,0.193324926658721,0.44627435633975,0,NaN
0.00392485510476794,0.205745375004898,0.0804758344132057,0,NaN
0.00113936076417808,0.133741874062211,0.47532947132599,0,NaN
2.10400005436628e-05,0.329206385856544,0.0731005276792707,0,NaN
0.00100263694138173,0.0477069766128947,0.158819338977506,0,NaN
0.00280384846154167,0.190006910839785,0.461361261308995,1,32.01
0.0002118063821312,0.342496344738983,0.0124546917200205,1,70.28
0.000939468512493451,0.202645021598471,0.493924962857193,0,NaN
8.45415251368067e-05,0.401418416017314,0.455386993787435,0,NaN
0.00017653050310411,0.14619254446506,0.105734503371169,0,NaN
6.04788677715548e-05,0.0307465311733054,0.291222578637419,0,NaN
0.00707901455950795,0.0969670102287662,0.0435970169143015,0,NaN
0.000144367432851286,0.28857457036502,0.252517607354139,0,NaN
0.000360685640332801,0.384644695165099,0.100374457228794,0,NaN
2.01505437138629e-05,0.182906625965154,0.397720823588536,0,NaN
0.00935212645741742,0.183032097422045,0.0530593674053116,0,NaN
0.00254271542994617,0.086840471890779,0.480332864834363,1,23.03
1.34789739744253e-05,0.434959012054206,0.233474345021433,0,NaN
1.45736718347565e-05,0.251016919916238,0.465934254003983,0,NaN
0.00033910896353237,0.0280243909536624,0.480881076882158,0,NaN
0.00227468767948228,0.364033120357131,0.452771086129188,1,50.08
0.000320973434236921,0.376662624981829,0.163978009571097,0,NaN
0.00198940552567893,0.352043030975002,0.341681770974061,1,46.79
0.00069817794559123,0.309878359910164,0.40214879413404,0,NaN
0.000531613543948699,0.269031847612831,0.174225177884294,1,69.63
0.000228180546157558,0.382689480268731,0.0819297375998784,0,NaN
0.000242152468430796,0.469656974023275,0.0567463472373805,1,76.45
0.00849458827818923,0.445625790455439,0.309924953909297,1,23.11
2.54667069981296e-05,0.202165668024465,0.131610215588263,0,NaN
0.000438851577690681,0.0607947916969801,0.120460756595981,0,NaN
0.000316438903663148,0.191584591182755,0.395191210414208,0,NaN
0.00130150280740861,0.040843356154614,0.181443727068721,1,16.55
0.000320718569727648,0.0211240838632339,0.102445773128434,1,82.94
0.00027991589928641,0.339752521106768,0.0182181533106433,1,52.61
0.000223694776072886,0.0891511299865365,0.182997240131159,0,NaN
0.00602318241831032,0.383715716275614,0.0211169310031113,0,NaN
3.41052395022441e-05,0.443471944694514,0.386228004341873,0,NaN
0.00115789257901927,0.240700614674107,0.251716766186968,1,36.8
0.000692182933060798,0.0112186978555131,0.41315448502782,1,83.07
0.000192076755704737,0.0228316259471264,0.0990335022534334,0,NaN
2.6843714500256e-05,0.160967129254592,0.230534097426564,0,NaN
0.000461655583570475,0.0167223792742514,0.22725258228692,1,82.82
0.000582833398649706,0.0814710485186182,0.472654559593253,0,NaN
0.00347258996449814,0.328918592870587,0.484812545909289,1,36.01
0.00599498244950908,0.240046214473226,0.37901110219846,1,6.16
4.78733553221174e-05,0.427879206617714,0.376173599784816,0,NaN
0.000106376830614507,0.379364360648527,0.20757652870538,0,NaN
3.18548894812852e-05,0.407276248090369,0.143581211715151,0,NaN
1.62151686756692e-05,0.0400755694692523,0.242951088491147,0,NaN
0.000549984470528368,0.450711923162883,0.392555826900678,0,NaN
2.26472907181513e-05,0.0843316059830424,0.168624250729324,0,NaN
2.94077995267637e-05,0.240976874638184,0.44798081401606,0,NaN
1.31856851696489e-05,0.112070143555439,0.113743000474738,0,NaN
0.000219055117908691,0.205569608893624,0.0401922695709229,1,48.01
6.04119449733316e-05,0.260744874500684,0.407030771489513,0,NaN
0.000421503585216805,0.0592285259818344,0.18022707817034,1,55.8
0.00142349891302553,0.261955806054626,0.0151226588075408,1,84.74
9.14825052766993e-05,0.405977718650052,0.0285448946326931,0,NaN
0.000137869600903035,0.325110969744859,0.203560548592442,0,NaN
0.00110710040835123,0.313966023844214,0.304986090241441,0,NaN
0.00126657995005877,0.16992852072472,0.32521409469008,1,40.08
6.00958629019398e-05,0.0525033855457327,0.0285525501490959,0,NaN
0.000377384156118648,0.449029695893892,0.3737052095918,0,NaN
0.00111178493537366,0.286850547250599,0.303100348130395,0,NaN
0.00061844648109965,0.168429921998297,0.087248138916325,1,41.26
0.000979184406218253,0.116341906612316,0.0945071630730002,1,41.21
0.000120891798808032,0.077490074585356,0.254309058100908,0,NaN
5.06415185839547e-05,0.0325871929063367,0.165780334566585,0,NaN
0.000102245344164636,0.243525170664642,0.473030892108569,0,NaN
0.000312413723508445,0.176024501740375,0.295532969578584,0,NaN
0.00446372403744953,0.462948140203466,0.383138248314909,1,17.37
7.01795761144193e-05,0.240143096995136,0.37199656768706,0,NaN
0.00019716678048917,0.126311642788322,0.41515849054617,0,NaN
0.003005111998775,0.161892924956921,0.379000415851264,0,NaN
7.20228969883272e-05,0.408047490262815,0.435870086363629,0,NaN
0.00236154531166236,0.364138322294896,0.20016052993107,1,11.38
0.00601638488089537,0.051295207390106,0.289043302704932,1,17.08
0.00050739837583478,0.1887888396792,0.410244062020512,0,NaN
2.39462438187502e-05,0.107610088495708,0.0517365778504764,0,NaN
0.000509527009000312,0.437905265812659,0.386189754994371,0,NaN
0.00590700077006764,0.242711353233996,0.226005083682897,1,21.5
0.0026015888552279,0.0232781213840533,0.125366320984931,0,NaN
8.30122228009303e-05,0.193014679116052,0.107822437379484,0,NaN
0.000673600435169359,0.172312194667523,0.323418464417899,0,NaN
0.00165661717913775,0.257961508665562,0.279121283720162,0,NaN
1.78151164568889e-05,0.0891491915998248,0.459264828750933,0,NaN
7.20807287804902e-05,0.105659883527158,0.185300335449076,0,NaN
0.000107084813942526,0.240501001510202,0.266355171413281,0,NaN
6.07535702996775e-05,0.417561678924059,0.43211087266417,0,NaN
0.00124904797034876,0.240823648992686,0.172614001403578,1,14.86
0.00158603885376368,0.378203396770607,0.218609647894983,0,NaN
0.00105579889866312,0.292548087595769,0.231189333259345,1,32.48
0.00171731191899909,0.440434386709497,0.0264459412902817,0,NaN
0.00250154617169742,0.128175949131412,0.414878242970708,0,NaN
7.64425983022403e-05,0.320159720006265,0.443329739564978,0,NaN
3.56399357816922e-05,0.416774715465361,0.372786762023418,0,NaN
0.000455312128952887,0.0440577744718357,0.46906199152584,0,NaN
4.29949589776497e-05,0.368889025899098,0.158060903153127,0,NaN
0.000103346853235637,0.0986039738819096,0.420985709468462,0,NaN
4.85828951787374e-05,0.262732799982662,0.220124843149814,0,NaN
0.000342741900749727,0.150950705931057,0.0744430745453043,1,34.61
0.000947240916115915,0.0410400879330797,0.434815027946118,1,72.19
0.00872645217726323,0.104941437516338,0.451102512711109,0,NaN
0.000143643378398816,0.230486075558652,0.0124082600707079,0,NaN
1.44019597834826e-05,0.13812705389653,0.362381118572797,0,NaN
0.000137732225936593,0.201858041150279,0.290831141797926,0,NaN
0.000861886277594725,0.428975418792529,0.335416584971116,0,NaN
0.00204153675846019,0.124348915235588,0.294416786924552,1,12.23
0.00014217583517057,0.240155108323593,0.492831752017267,0,NaN
0.00781758112746319,0.363253813068634,0.136792218893619,0,NaN
0.000425754232580207,0.0462439348538851,0.109987332709562,1,72.1
0.000418308619080872,0.454463401985721,0.17928070453605,1,91.07
0.000510858379274639,0.348588796522564,0.0422675982944082,0,NaN
1.1399432777276e-05,0.385858075332806,0.281782424157641,0,NaN
0.000552318713660718,0.0805537721109347,0.01702674561642,0,NaN
0.00014894794433096,0.174376616925687,0.40962949962614,0,NaN
8.35552472533404e-05,0.41063328596546,0.179325300356375,0,NaN
0.000163706360230854,0.413022321603857,0.133213194258893,0,NaN
1.32330317656078e-05,0.490016293845004,0.274685227846766,0,NaN
1.66083445533592e-05,0.0344993781744555,0.127691233373792,0,NaN
0.00105287675427038,0.443218858862961,0.112556973629608,1,32.94
0.000299828718590893,0.300664919179468,0.304327371426855,0,NaN
0.000275171176633491,0.135928424369588,0.263185390787929,0,NaN
0.00300545979570599,0.110521811624281,0.101291716460091,0,NaN
0.000171009283881894,0.446352706822674,0.439668651166037,0,NaN
0.00333400426475131,0.125672617137449,0.037725602327564,0,NaN
0.0042835509812902,0.0413704100494341,0.285755889484846,1,17.01
0.000857118789776391,0.11950998103471,0.0271674884618116,0,NaN
0.00950634584673279,0.215424898706781,0.475985838465539,1,16.06
0.000631335145051128,0.352102834417931,0.120512952993176,1,27.53
0.000392944188452612,0.266480275540956,0.368278983278409,0,NaN
0.00541308345459146,0.0127593541249767,0.102480552630844,0,NaN
0.000110799065198407,0.136337217032119,0.112262251286023,0,NaN
9.42189169840902e-05,0.194913744232752,0.482982767263367,0,NaN
0.000104687048267686,0.322924628823673,0.309301021894875,0,NaN
2.34811271892354e-05,0.189394036841507,0.222148973808687,0,NaN
0.000894691991213604,0.0189131857859307,0.463499249107551,1,85.34
0.0018407474778776,0.040162277930009,0.116246948565334,0,NaN
0.00947884104670648,0.0977343939388065,0.152378673866242,0,NaN
0.00503067475153379,0.494274147044203,0.152143570712102,1,48.88
2.16214493350396e-05,0.331182147937095,0.130439348115243,0,NaN
1.4346674250055e-05,0.136974423878893,0.255296423854818,0,NaN
6.05860537348081e-05,0.143998658311131,0.462862610251145,0,NaN
0.000194412247750664,0.174408609129296,0.0989278796455952,0,NaN
0.000125476799868449,0.37401489027942,0.0816165675359079,0,NaN
9.67498032488717e-05,0.425085611176499,0.45289499995054,0,NaN
0.00271539954079311,0.113874280794752,0.236871931136804,0,NaN
0.000999090202112892,0.220343484314015,0.235820216890166,1,39.94
0.00173151365646965,0.398055951561478,0.354403423303702,1,54.37
1.96769475276277e-05,0.107778095069888,0.451119455656494,0,NaN
0.00593134426058726,0.390904026533286,0.0961365321639156,0,NaN
0.00110044716866704,0.237760497843948,0.153512011497431,1,31.85
0.0005295037201517,0.36668455909225,0.0549130979820909,1,49.91
1.02345367337627e-05,0.103733554907192,0.497654599124655,0,NaN
7.62058326337354e-05,0.1350988682461,0.163605622623574,0,NaN
1.3001062915585e-05,0.26907423474629,0.460545935249097,0,NaN
0.000244440392068974,0.121004985766617,0.0906563128167398,1,54.34
5.84358394964735e-05,0.401333798198927,0.321791946622783,0,NaN
0.000100919185599088,0.340640589762784,0.0200590632313333,0,NaN
0.000237688446170196,0.0195235634395296,0.166784211682059,0,NaN
0.0013760998757309,0.33694689567748,0.285196635707548,1,52.89
6.70312596178292e-05,0.197851093385754,0.152024917933808,0,NaN
5.00887349127611e-05,0.427475506334148,0.427366655790985,0,NaN
0.000630662572754185,0.491502045300899,0.41735869842582,0,NaN
7.18583788279169e-05,0.0455931696877104,0.484690146867651,0,NaN
0.00769158547107274,0.271413782475313,0.329829517343428,1,18.04
1.07232393134326e-05,0.342467376767215,0.128488603345204,0,NaN
0.00230892203366255,0.228462032735545,0.125690145807839,1,46.43
0.00242212446373346,0.248886751776281,0.202545242850363,0,NaN
0.00243620173814888,0.229405172716598,0.441445645081714,1,39.8
5.01194713012014e-05,0.27688887799769,0.267843911070382,0,NaN
1.84319117845108e-05,0.0709882019840509,0.250424013783248,0,NaN
0.000480564103064171,0.324405353117759,0.289002278572252,0,NaN
0.00345345051872501,0.325661492761405,0.27731133310326,1,16.04
0.0054801969573258,0.358508328814055,0.0920162256110711,0,NaN
4.02240739044809e-05,0.446646959258238,0.422643344117133,0,NaN
3.59492721125164e-05,0.200546870869396,0.0630521547743246,0,NaN
1.19872811060891e-05,0.468255876845559,0.270690274864809,0,NaN
1.60037240870414e-05,0.302181249715448,0.258290335164248,0,NaN
0.000327671009717191,0.252428084886599,0.305586006123599,0,NaN
0.00482294142232961,0.0265549245596833,0.0395514592662746,0,NaN
5.217034726797e-05,0.398779556426149,0.406665590498289,0,NaN
4.35044733088062e-05,0.0160906452949593,0.210365110005119,0,NaN
0.00129674340743289,0.424490781011379,0.412532250653826,0,NaN
1.77964251371847e-05,0.412107848862821,0.305957011632246,0,NaN
0.00240427448131333,0.274946594996865,0.193990087113827,1,19.87
0.000430795442265952,0.160681205677459,0.499568202123922,0,NaN
1.36101563866284e-05,0.224133689173098,0.0947920448490869,0,NaN
3.48190971823909e-05,0.086130454003755,0.339541577827752,0,NaN
0.00548712862248427,0.239135473825793,0.216011897737026,1,29.61
0.000137318351210318,0.423534890505707,0.0992906704457568,0,NaN
0.000368078052398266,0.0562057214659106,0.265310172882796,0,NaN
0.000172438697993406,0.280549934179896,0.10444228131228,0,NaN
1.26832783632848e-05,0.335895446523162,0.306058791365884,0,NaN
1.2825320991382e-05,0.139665544390577,0.396337381981529,0,NaN
6.20163693653832e-05,0.0407888169715381,0.141280732628067,0,NaN
0.00788289419858833,0.0215777328506933,0.114386369210968,0,NaN
0.00673112927224181,0.119121614315957,0.329402456858386,0,NaN
0.000113136127686441,0.0440377335288826,0.0295843502092875,0,NaN
0.0003492761462417,0.206880597524441,0.353198104818525,0,NaN
0.00482130149491183,0.304868060806396,0.0152138985618083,0,NaN
2.878687199527e-05,0.125310053508464,0.0416449831133564,0,NaN
1.72650429617853e-05,0.0279037564987545,0.0910004838440219,0,NaN
5.77046287229853e-05,0.42541483656223,0.125333889760872,0,NaN
7.99125076822708e-05,0.112284894471559,0.389389848740098,0,NaN
0.00402878969746857,0.101680828553825,0.419667469677682,0,NaN
0.00184919657548987,0.240659982607938,0.324091142485073,0,NaN
0.000814831761033962,0.189005094519374,0.389277432355883,0,NaN
0.00131505959881736,0.27903940934723,0.452846520304879,0,NaN
5.24520918562192e-05,0.2856765863248,0.151968064410666,0,NaN
4.57019099849174e-05,0.0225418841115742,0.453819085001503,0,NaN
0.000195165830638474,0.0412411450322501,0.105608933625085,1,82.99
9.59048069101577e-05,0.0224797610654952,0.289330050628166,0,NaN
0.000119442391254954,0.120572534679335,0.167667080636719,0,NaN
0.000410345178833957,0.302268320437608,0.263501590096671,0,NaN
0.00919202587819984,0.262964164656008,0.348363044556498,1,20.12
0.000192077577377264,0.316685092344414,0.227944100568023,0,NaN
0.000976499647985938,0.313516159239374,0.433201892605515,0,NaN
0.000158458573285026,0.0519453284262773,0.252340356050783,0,NaN
3.46155637573663e-05,0.402606913966313,0.0744541580105809,0,NaN
0.000651109815650308,0.0753354303111007,0.293108320551799,0,NaN
2.53017539597801e-05,0.27331571002052,0.304235934836592,0,NaN
0.000109721043792266,0.365581041192603,0.374233842051189,0,NaN
0.000765596821056198,0.242179512866539,0.0378523244361452,1,18.86
0.00501096955093533,0.316160175785238,0.172661353584788,1,25.15
1.90161734491713e-05,0.425268664812671,0.293020666845357,0,NaN
0.00285743969579764,0.252660542133403,0.0975679616841863,1,91.05
0.000817019161350928,0.155656182415258,0.380728738356297,1,87.78
0.000263482904803812,0.491551540365135,0.341219430526604,0,NaN
1.32277790568078e-05,0.237730245308798,0.337083749958136,0,NaN
0.000116510380587858,0.252562731385094,0.378379804496944,0,NaN
0.00188369848794894,0.390246414636454,0.331413355766723,0,NaN
0.00313325549819355,0.366506983603007,0.317570932489274,0,NaN
0.00148213182009168,0.406040590888821,0.318838498320841,1,43.03
0.00850298390918969,0.307669305413787,0.0162439726954444,0,NaN
0.00193895347108111,0.308663561357108,0.157794177483803,1,38.11
0.000597093375355412,0.197477507363948,0.038896090036785,1,60.97
0.00592514340060272,0.328565237087849,0.460514298712057,1,9.92
4.54871229746944e-05,0.215991084474081,0.298601510365098,0,NaN
1.32065748405921e-05,0.128881092024158,0.383171338503193,0,NaN
5.22787001242675e-05,0.269788310572824,0.249980970314873,0,NaN
2.59326736405803e-05,0.290954252001096,0.488698448880796,0,NaN
0.00116273130806299,0.238511668973073,0.454566456935222,1,93.38
7.18942636721103e-05,0.401023385622104,0.446501376071582,0,NaN
0.00124925985443451,0.102712644861644,0.206181723005795,0,NaN
0.000871470678697689,0.36034970405284,0.451652552538764,0,NaN
0.00755085958761372,0.246771473275411,0.396473606418784,1,11.63
0.00222870703925623,0.294787981088186,0.38096262374298,1,42.58
0.00349213596559289,0.297261648937533,0.264331087883378,1,14.11
2.64037733800304e-05,0.266654544753991,0.134758847382523,0,NaN
3.8316604800589e-05,0.290544965686535,0.269496235568861,0,NaN
1.3080045881956e-05,0.243878987277301,0.365021336765872,0,NaN
0.00522267340108206,0.484196614798416,0.0163815993149107,0,NaN
5.27857414354191e-05,0.483529462433828,0.264178207342552,0,NaN
3.04418110208003e-05,0.485447483396135,0.0734875795053054,0,NaN
6.59802714258217e-05,0.0818911534971879,0.108263717157299,0,NaN
0.00030695100055391,0.0795499431968576,0.160755947573187,1,70.04
0.000897538271574065,0.201706009652375,0.280265500134446,1,44.37
0.0088223432442178,0.0452186045601576,0.061786129939135,0,NaN
6.13408977396793e-05,0.497053944792862,0.216461994774055,0,NaN
1.06400106371333e-05,0.0110684571636761,0.42967267138864,0,NaN
7.33836825586802e-05,0.27793136842236,0.204595191289377,0,NaN
0.000116347589321463,0.455090034214053,0.0330624397389507,0,NaN
0.000110858966356201,0.110751814824218,0.066366850148219,0,NaN
0.00496681344402388,0.225977981709957,0.162426275103266,0,NaN
1.87365676999425e-05,0.212071142047242,0.454960272689089,0,NaN
0.00975409392113609,0.156913480076145,0.0128517740576281,0,NaN
6.25127716365069e-05,0.288955064990226,0.27199999274161,0,NaN
1.43925396305407e-05,0.486017135040917,0.435524281756999,0,NaN
0.000538526854672325,0.227617705910306,0.150083032907668,0,NaN
0.00885262763569543,0.23339264397718,0.0143723485125534,0,NaN
0.000202272502561331,0.0110295294732612,0.294914330248395,0,NaN
1.08289715988057e-05,0.0712099099222831,0.208972472176457,0,NaN
0.000118895321230157,0.0786610399225543,0.229100044336145,0,NaN
0.00965739277552983,0.492033119411943,0.35731146759582,1,22.58
0.000116263825362765,0.373124463687508,0.102992094470735,0,NaN
2.50224616208378e-05,0.410270635254529,0.112044281668593,0,NaN
1.53661548511137e-05,0.129803708449362,0.324761357758273,0,NaN
0.00226502820963025,0.359090783133205,0.480384409708651,0,NaN
0.000732215960272109,0.276259091902123,0.498777124803043,0,NaN
0.000107593041079871,0.467764112428961,0.283267501261854,0,NaN
2.96289628618414e-05,0.124860040627178,0.0969372157117264,0,NaN
1.14074170448773e-05,0.0335545178521417,0.351759351620057,0,NaN
0.000429425547471548,0.442714750038389,0.0864871863273491,1,44.98
0.00141015257881426,0.115978505454241,0.252008947198058,1,18.42
0.000310436170073338,0.232014615761194,0.220072896077076,0,NaN
0.000711524666309057,0.24210574026937,0.25510066535926,0,NaN
0.00947610243652261,0.397625247882164,0.265788012566948,1,35.16
1.21319367528124e-05,0.38972030319642,0.207678719716076,0,NaN
4.00885379826789e-05,0.465920886507914,0.305238173801798,0,NaN
4.79780445345906e-05,0.0557234542018151,0.361117622127189,0,NaN
0.000884732933882092,0.415910970205997,0.436684566629962,0,NaN
0.00242569262768161,0.0405715289989768,0.36591756065848,1,22.95
1.55314941379656e-05,0.470529138283018,0.185377788456096,0,NaN
0.00145393046392686,0.456649166247913,0.265075854534114,1,47.64
0.000641652899018276,0.193933677155339,0.306073233889381,0,NaN
7.42106135001265e-05,0.148663200837087,0.237991929044234,0,NaN
0.000271458982004708,0.197164381726947,0.209000001862086,0,NaN
0.00027170674685718,0.467957514288122,0.436724902592044,0,NaN
3.86125183612972e-05,0.307204163189062,0.234192269471549,0,NaN
0.000129675619377155,0.30656192475897,0.238021906179818,0,NaN
0.000193092841346287,0.483742650775197,0.291817086013752,0,NaN
0.00648012020170468,0.302402801175181,0.0746175179902538,0,NaN
0.00519211760352024,0.0263525947374927,0.431283966568534,1,5.66
7.88227063659665e-05,0.142093197245507,0.0810224835359136,0,NaN
0.00406614325007596,0.078206015448475,0.153873425875513,0,NaN
0.00452109646748659,0.423395246483669,0.167595744682335,1,47.18
0.00337401795000924,0.0512355306515836,0.0613308015922539,0,NaN
1.52203834756545e-05,0.247269369976114,0.03805701100036,0,NaN
1.46951912409626e-05,0.467529005480786,0.29335042830747,0,NaN
0.000115934454660829,0.130461469434694,0.493445838989899,0,NaN
5.35038125308577e-05,0.476330956593964,0.3058311969204,0,NaN
4.66878769849944e-05,0.375257035600924,0.211410492319942,0,NaN
0.00489695053879124,0.325649495779134,0.410532605693412,0,NaN
0.0036825191615562,0.109430111186642,0.0365884415120097,0,NaN
1.72464726763016e-05,0.48230122447809,0.402969975189758,0,NaN
2.23287249740852e-05,0.16340889687047,0.316749536136472,0,NaN
0.000152595555268066,0.0853933611568569,0.440410303719212,0,NaN
0.0041869118837058,0.147447162761112,0.415564363628759,1,10.19
1.9492424041414e-05,0.408691978651147,0.0344684650714186,0,NaN
1.74108440720719e-05,0.292282346712202,0.0936667092024049,0,NaN
0.000149629351680372,0.079817359088822,0.452423855952799,0,NaN
0.00169897746377654,0.465783572267457,0.0595902621477242,1,66.42
8.80536880790883e-05,0.141681294429837,0.49594322566574,0,NaN
8.85150201128699e-05,0.446107641119031,0.047641991647426,0,NaN
0.0003305856022714,0.315636978041038,0.250968182721837,0,NaN
0.00064325597175173,0.311921815731678,0.491675993756645,0,NaN
0.00163367152480057,0.112882392186915,0.322887421696197,1,25.57
1.81940440218423e-05,0.301661164653562,0.274134607103052,0,NaN
0.0072902999978783,0.0533869815170738,0.0176043896202848,0,NaN
0.000329322385815358,0.0162512845766837,0.279073775105238,0,NaN
0.00549510449555456,0.381372927648883,0.489699422064476,1,16.53
0.00158114228331076,0.426894356605222,0.364640152585916,0,NaN
0.00402720201271108,0.249305267967178,0.178144448463974,1,32.43
0.00649396224704727,0.119696390835777,0.0432645320869567,0,NaN
4.89425294077168e-05,0.118553231529093,0.231037268718616,0,NaN
0.00093586623599866,0.18333491085744,0.18819024420524,0,NaN
0.000182688883794653,0.190803015935845,0.138620865646922,0,NaN
8.74483054521683e-05,0.0752191375204537,0.17767990069895,0,NaN
0.000948433202422819,0.0377704850605923,0.408237806495068,1,80.92
0.00301346195645944,0.270048597907776,0.368813750287742,1,15.01
0.000884449727884305,0.190052421102686,0.028644441026783,0,NaN
8.58069676989458e-05,0.404449519560811,0.111364486420629,0,NaN
1.21358660252074e-05,0.378385236810654,0.379953916850452,0,NaN
4.1382968745447e-05,0.123768044417626,0.152333491976573,0,NaN
4.41137911778162e-05,0.103446269673356,0.383908436229498,0,NaN
0.000204161571107551,0.224199699537086,0.353767471242106,0,NaN
0.000117999493852932,0.0153808798181893,0.0363905391487349,0,NaN
0.000339271275181516,0.2961249984006,0.355241125792937,0,NaN
0.00117162902671271,0.0822432005588549,0.389956093723037,1,48.62
0.000156005135565725,0.173418743038451,0.341589619078048,0,NaN
0.000494609722069786,0.400291505033585,0.298422620765174,0,NaN
0.000460337869831113,0.482727017975122,0.278169117454131,0,NaN
3.55469390420811e-05,0.465460157293558,0.0604724667907136,0,NaN
6.22530703980377e-05,0.129523904934287,0.211612341917648,0,NaN
0.00664657046730674,0.1123065608427,0.0479198526815573,0,NaN
0.000374867309239113,0.214290597980496,0.139646378804292,1,62.14
1.24644244930409e-05,0.142649655271107,0.398234094202099,0,NaN
0.000895413839515344,0.495976430430653,0.400413431674847,0,NaN
0.00553286127398373,0.0582272321216367,0.299045155448858,1,14.12
0.00495108216900096,0.119139748133509,0.0360362411881411,0,NaN
0.00116173494407548,0.368364130959699,0.122174330441257,1,24.43
5.50086338044115e-05,0.130333479509399,0.119368136627084,0,NaN
0.00011003255589211,0.390643221266334,0.0895798410384302,0,NaN
0.00427131540418846,0.245200045839834,0.0217871581937603,1,81
0.000222285110918825,0.1060026105164,0.233935574595357,0,NaN
0.00169293008275022,0.296423190206025,0.293611438306107,0,NaN
0.00507624740364161,0.185454280706937,0.176523598489112,0,NaN
0.00573201007258568,0.431113626546866,0.354722000737225,1,9.65
1.05548247456944e-05,0.259185128033323,0.432703597910182,0,NaN
4.20495027115672e-05,0.0838574485142307,0.174363704172295,0,NaN
0.000109548860761255,0.0211290083177683,0.482878904949445,0,NaN
3.50731875128778e-05,0.0726705582377432,0.0108439710117176,0,NaN
0.000399751806545509,0.371714732967932,0.406471190253274,0,NaN
0.00211887521354431,0.0556287177138247,0.302824139766692,1,22.16
2.37665523410507e-05,0.154380831592635,0.345983648158905,0,NaN
0.000559849710976358,0.478787551428563,0.21349185412538,0,NaN
8.36064822755564e-05,0.0757500369226343,0.432220459705131,0,NaN
1.64427659277846e-05,0.0881070604649919,0.203991120435562,0,NaN
4.03091369017965e-05,0.034000396048506,0.061325932333125,0,NaN
8.19914469184468e-05,0.212777268966637,0.1975533810262,0,NaN
1.12358218097449e-05,0.385697279914113,0.0949465459476708,0,NaN
0.00149503580369497,0.0748645411940474,0.39975084413026,1,59.34
2.38721602163556e-05,0.0198465782155661,0.236330628498025,0,NaN
0.00883902785378524,0.406480803302053,0.252608480478981,1,35.32
8.52693246264829e-05,0.191256669124021,0.134460301489737,0,NaN
1.05407142864675e-05,0.250914412201469,0.483459322396255,0,NaN
5.26171418665995e-05,0.222085749302358,0.269192590713878,0,NaN
0.000514389394468922,0.335877153803905,0.325012692896971,0,NaN
0.00414464503879158,0.0336996086388236,0.496781923313329,1,23.17
0.00113050241745236,0.42309148694097,0.443851691664164,0,NaN
0.00603437084554926,0.40057247492051,0.343689737963634,1,13.99
0.0066977987624969,0.231621046055728,0.0154921262035057,0,NaN
0.000850991932119524,0.26328176953049,0.429834502605141,0,NaN
0.000168036148514367,0.473301613272194,0.492776065913487,0,NaN
0.000226840849801195,0.178039911171207,0.486838455932618,0,NaN
0.000155876414065974,0.491980607954315,0.0695915045536419,0,NaN
1.71384708973629e-05,0.344581470702778,0.26386178471838,0,NaN
1.34637199144354e-05,0.396281291671567,0.370045567477275,0,NaN
3.9895104143448e-05,0.21514355256004,0.104094891089373,0,NaN
0.00110381049341747,0.0933669423062176,0.467532020031121,0,NaN
0.000268485890759116,0.472421691324569,0.339784820821244,0,NaN
0.00111685225975376,0.214519640890293,0.0738615207598989,1,93.52
0.000523777550555381,0.138986912928304,0.295002028926508,1,90.37
0.00194172041534366,0.0136319799344694,0.29259790309036,1,26.84
1.55664850764534e-05,0.403398009039444,0.0613033675641143,0,NaN
0.00932155095381285,0.249295158982622,0.386138434399172,1,19.31
0.000309816700909597,0.485884085777012,0.237165017912804,0,NaN
0.0023572365126242,0.251165572092062,0.0907738694977811,1,42.53
1.89966266835804e-05,0.160447742547333,0.4389206811799,0,NaN
0.000399309946358131,0.0528761092752994,0.383311323600838,0,NaN
0.000730902911083736,0.195739993440642,0.297169318342804,1,70.33
0.00410709095684855,0.488485275987236,0.184853095878344,1,42.29
0.000696790316029304,0.380516215461609,0.208442861403069,1,63.67
0.000294165558162915,0.37396267683405,0.42742963463501,0,NaN
0.00376597101238922,0.132559647139184,0.30796902341691,1,10.04
2.1742124252277e-05,0.39476833486879,0.213646625182583,0,NaN
1.0046317073563e-05,0.354428071947463,0.328239739667928,0,NaN
0.00013511679260945,0.415728746259954,0.261034609482084,0,NaN
0.000206166187445808,0.293422223921127,0.28989697802849,0,NaN
0.00104640105603885,0.487855190968866,0.453702938574352,0,NaN
2.2660470755122e-05,0.273460447315465,0.194604141986612,0,NaN
2.90054149993755e-05,0.2855256321983,0.460504834843664,0,NaN
0.000193255679377654,0.14322125765261,0.437776390300095,0,NaN
0.00765941518346381,0.124671588854992,0.403482310687946,1,12.04
0.00913332641280045,0.31200030030976,0.117016223020746,0,NaN
0.00743189449665946,0.218920415922193,0.421805619007972,1,3.89
0.00475100188868485,0.390488385226453,0.182146056002804,1,45.39
0.00332370814608105,0.369494127953876,0.181233607010669,1,28.84
0.00203284580102436,0.204538967806852,0.0432606795918197,0,NaN
2.81174962737415e-05,0.222205200838445,0.34344261805716,0,NaN
0.00699101747513619,0.464213104120397,0.0422838485339536,0,NaN
5.84540175975705e-05,0.270427158167154,0.079262142790394,0,NaN
0.00839519416090692,0.205353439714576,0.029848338591767,0,NaN
4.08035133831462e-05,0.40792946461534,0.456138700909983,0,NaN
0.0065901612397608,0.144600969003123,0.183874884770356,0,NaN
0.000157035706569395,0.413427879425806,0.448492253361889,0,NaN
0.000105300358967861,0.206068453295584,0.42356871081347,0,NaN
0.00108046543069118,0.180167043741034,0.491631460500683,0,NaN
0.00830415839690424,0.0575740917522421,0.325512556791501,1,13.45
2.2295539230876e-05,0.29988560700415,0.354261901254376,0,NaN
0.000921277864148069,0.444029680375345,0.0771421607521714,1,36.08
0.00104981728794768,0.212707450880228,0.146258646223168,1,15.2
2.39940612427822e-05,0.0828665967009973,0.0369478443230073,0,NaN
0.00188460653849186,0.107340678874642,0.238291500440183,1,10.46
1.95903318697909e-05,0.233416521245511,0.457229663161505,0,NaN
0.000281050156977847,0.170704194474583,0.122200912161637,1,55.94
1.58928121046376e-05,0.206333855920757,0.227509289780094,0,NaN
1.08697596791549e-05,0.137736499379504,0.455672961003434,0,NaN
0.000307327044844776,0.266294864171534,0.300396537004028,0,NaN
5.1557624224526e-05,0.167076216150603,0.496630756512055,0,NaN
9.11112954074776e-05,0.16374698633734,0.276904009861956,0,NaN
0.00137699274820969,0.430644168298966,0.137534031093915,1,28.28
0.000354842050772194,0.170123011780544,0.204671536019602,0,NaN
5.07665164975141e-05,0.495827993458846,0.403988067611313,0,NaN
0.000603228073589502,0.21802273542151,0.203410672255359,0,NaN
0.00042494953673512,0.137515709860004,0.330384108859978,0,NaN
0.00342505535562917,0.261827060916657,0.2199527504031,1,31.8
0.000194140284399594,0.0718073164322819,0.0632683605730607,1,67.97
0.00216273852306821,0.452145314611823,0.323796926610156,1,29.44
0.00239245981962774,0.358597128559841,0.381099792319399,0,NaN
4.9197998337601e-05,0.359192142234397,0.193516125380023,0,NaN
0.00361533164678847,0.362187514371595,0.486256838969185,1,25.16
0.00222983463815901,0.471169171350408,0.234972731652725,1,18.81
1.30995765290864e-05,0.332818103428043,0.27398692645972,0,NaN
0.000197828925836815,0.0959616256722138,0.429366316204681,0,NaN
0.00565293036005497,0.317792170444083,0.431567686922554,1,10.12
1.04131311688986e-05,0.233924860430863,0.485284105900711,0,NaN
9.36631939089298e-05,0.434204596056559,0.208514528357017,0,NaN
1.48427660084059e-05,0.478713046178682,0.313673968465979,0,NaN
0.000250613380805619,0.07687264670866,0.327457748606106,0,NaN
0.00217926045300369,0.242879598833161,0.230669693888769,1,10.58
0.000208415806070448,0.404857434080558,0.10240186635994,0,NaN
1.06101118278602e-05,0.316335583455973,0.463786003737452,0,NaN
0.000281624579141261,0.184159129002539,0.492981315913269,0,NaN
0.000997802502950549,0.488584604398213,0.159197056830632,1,31.09
0.00685280554301636,0.276964514447664,0.118317576014834,0,NaN
0.0030697707824936,0.0472594028661748,0.151618057693211,0,NaN
0.000138791380342406,0.0782133023603802,0.192212926197504,0,NaN
0.000236747026553912,0.109385423390727,0.05306432522963,1,44.32
0.00132082569273609,0.0804320318628117,0.12328497722341,0,NaN
0.000355864409660299,0.0680002340465201,0.33667267141374,0,NaN
0.000187926106755522,0.447018361307292,0.067199295183395,0,NaN
0.00797209937827047,0.13342460488319,0.389484449619545,1,10.02
4.32668609678359e-05,0.0767800022781636,0.162573628887878,0,NaN
0.000195108116212557,0.254464588671282,0.338029793709537,0,NaN
8.70314942936331e-05,0.497442727403503,0.411758805439774,0,NaN
4.93115992710718e-05,0.432397077597483,0.0642106077617024,0,NaN
0.000213621144809259,0.304421677385176,0.134607836644157,0,NaN
2.7188464087754e-05,0.266861978420518,0.375577530524488,0,NaN
0.00183882245791519,0.117296384808979,0.0194229891843475,0,NaN
0.00114889478206847,0.407516621049528,0.0271045971723265,0,NaN
0.000202223592267024,0.2471413674874,0.415573189807345,0,NaN
0.00192119867376572,0.273789728891959,0.0743732965627834,1,52.83
1.97590529852293e-05,0.0887950540846693,0.335265840646775,0,NaN
0.0027326099778083,0.150961273207769,0.355884286258649,1,17.46
0.000262057975001333,0.445576198428187,0.178410879256806,0,NaN
0.000152002081761238,0.0772529666556774,0.421095221518645,0,NaN
0.00140452839561565,0.48754032627535,0.0619945521735738,0,NaN
0.000259759758768008,0.205031531514123,0.392996979980657,0,NaN
0.000395684697407807,0.0924634198638356,0.0788259502086796,1,37.59
0.000153931502637628,0.427494318817698,0.30548485233706,0,NaN
1.67886702048854e-05,0.273815036903649,0.271023503562108,0,NaN
0.000116555117092722,0.339280381894882,0.210215569957818,0,NaN
8.15515055821113e-05,0.144719507519664,0.131385844790541,0,NaN
6.07608556357084e-05,0.260152997540153,0.311425945828776,0,NaN
0.000399627683644957,0.252375985781952,0.0242335307423993,1,41.64
1.58025953996448e-05,0.1290610651192,0.28893732355702,0,NaN
9.31668334502267e-05,0.36475561127247,0.383347342400078,0,NaN
3.81708533371709e-05,0.154608746723267,0.164901679794395,0,NaN
0.000113112581961557,0.216099093267847,0.425396535273421,0,NaN
0.000295042548866442,0.286907568086699,0.0937129046522129,1,87.29
0.000198244574482068,0.435311111337671,0.487164050802585,0,NaN
0.000117147540607558,0.330684464664894,0.040037473188153,0,NaN
0.00341569525749136,0.0293818658106469,0.20637852017656,0,NaN
0.000161726030523574,0.195016684230461,0.283625330440669,0,NaN
0.00888044818997957,0.329750900773752,0.493077078917896,1,17.67
0.00018676914851229,0.424490533514263,0.0274586004451303,1,78.27
3.43399604872117e-05,0.156759920870457,0.12073062876042,0,NaN
0.00242432327917446,0.253977120063631,0.209583871763126,1,18.99
0.000172612011069242,0.0735657273838391,0.217188787865765,0,NaN
0.00286051386003963,0.307266793488516,0.255065270392422,1,17.56
0.000981862038059278,0.235973244717732,0.373517849990256,0,NaN
0.0010046575991337,0.333798573654542,0.343706831785091,1,71.92
1.12726796279457e-05,0.317743196217134,0.0216973831724659,0,NaN
0.00282977657519538,0.298842220969633,0.213631553012299,0,NaN
0.00653998079522855,0.490877207899578,0.286573495341809,1,16.57
9.89103509623615e-05,0.259100963426594,0.491357063630566,0,NaN
0.000682107475038627,0.247164899220323,0.496015362681649,0,NaN
3.08341361208655e-05,0.0892358136417706,0.11285683886889,0,NaN
0.000897011499746259,0.0405233552839096,0.110405526620103,0,NaN
0.00173571857107035,0.137945435735106,0.138609631440289,1,11.39
0.00397458089058329,0.299191760644396,0.422779772124278,1,18.31
6.17031187502319e-05,0.0778609130295082,0.075760030776507,0,NaN
0.00665725831712992,0.43312724596063,0.295104809556168,1,21.67
0.0061742851526472,0.0401827114706772,0.0321823856623499,0,NaN
0.00362412171864579,0.239380952595198,0.149494793167416,1,28.4
0.00362165963954652,0.418699278006422,0.0111027307657833,0,NaN
0.00415464141774514,0.285891964826479,0.0246947879589894,0,NaN
0.00224080469882984,0.0424911668477337,0.471687029863151,0,NaN
0.000285522925881082,0.28977550959119,0.0194991529412359,1,52.31
0.00200536201953048,0.188452485229473,0.273345009728285,0,NaN
1.37861711547118e-05,0.297784878670003,0.0179911145396472,0,NaN
0.00740472839986395,0.263944775472927,0.467748706283563,1,8.04
0.000422787016118208,0.0488598460672847,0.0113090732708384,0,NaN
0.000227016830629601,0.184501026667247,0.425127041353789,0,NaN
5.41573972795546e-05,0.247918367264858,0.286616709037488,0,NaN
0.000110582418202842,0.326078429397671,0.465735978599362,0,NaN
0.0001305229049359,0.0751406509472582,0.283115583363132,0,NaN
0.00314216109108261,0.0981200400428144,0.182728057036355,1,12.91
0.00101470304436182,0.491408421529476,0.141695421248172,1,24.42
6.73208556055323e-05,0.013527298509281,0.310194295631726,0,NaN
8.08426233307502e-05,0.433353873546638,0.468146168031265,0,NaN
0.0036660240046946,0.0692618043563649,0.136340059718003,0,NaN
0.000186199374669457,0.440683505061184,0.353729501584477,0,NaN
0.00326857601463618,0.227753759406011,0.495976016555657,1,27.03
0.000636287741719755,0.10772062994089,0.248590253827785,1,65.72
1.35082033611874e-05,0.373683850719407,0.169320195323742,0,NaN
7.1975953621871e-05,0.483721270034839,0.387876672089835,0,NaN
1.12213134572211e-05,0.12028653841041,0.454070358298974,0,NaN
1.66166861747696e-05,0.243256438024582,0.0104788342658372,0,NaN
0.00121285677095671,0.214454510366009,0.354171084376568,0,NaN
0.00786265530960326,0.186855719364155,0.0163490321087638,0,NaN
2.18674596081875e-05,0.163750377038431,0.446101009576898,0,NaN
0.000110632310919303,0.40522090793572,0.41189534196672,0,NaN
3.03503238225245e-05,0.247260792572975,0.393782957292112,0,NaN
1.54843054966867e-05,0.252080452043021,0.304173822983325,0,NaN
0.00703696711262262,0.0336272492365154,0.275185796784691,0,NaN
0.000691660452025289,0.133364351005929,0.166888368412094,1,31.76
0.00159422952780494,0.0197169994644275,0.454380863217126,1,31.91
0.000105016164158424,0.126696363946866,0.468635453994782,0,NaN
0.008660566034802,0.463233846776907,0.322068387314927,1,23.35
0.000142714245242795,0.297436546630769,0.406761844504177,0,NaN
0.000390608976297235,0.278030325737961,0.109246112310514,0,NaN
4.05477345044853e-05,0.499333225358564,0.164292994970266,0,NaN
0.00541309442560117,0.439841919527878,0.323378299449481,1,14.22
0.000112070171167305,0.370973227071568,0.0659789483625736,0,NaN
2.44403857224812e-05,0.37021294181285,0.276751769258009,0,NaN
0.000213938890613846,0.043726900886368,0.186516432861294,0,NaN
0.00965097924573704,0.438412377893142,0.291488424045766,1,35.25
0.00057044209976782,0.257728045083904,0.228499966527766,0,NaN
2.64562581874961e-05,0.402179151287642,0.150206175834819,0,NaN
1.26120358200778e-05,0.352892249955264,0.304041355868987,0,NaN
3.08427500000105e-05,0.260225508330883,0.0803040568985983,0,NaN
0.00339151277152161,0.272292891293258,0.411832623664759,1,16.94
2.52115851057195e-05,0.258062561507371,0.290838116316692,0,NaN
0.00833731543783197,0.108101506774967,0.0951696512669566,0,NaN
2.42171447706956e-05,0.277900860774958,0.352013301763512,0,NaN
0.000170998257442317,0.44435182738287,0.0891323932003107,0,NaN
0.00123899675591427,0.41811887801144,0.430660591869839,1,85.59
0.00659946547332162,0.437258005669717,0.132454894736377,0,NaN
0.000318201615135422,0.0907559947480896,0.0110132416052099,0,NaN
1.95737496380438e-05,0.14373727877522,0.243505944507161,0,NaN
0.00390522133775869,0.461189194305267,0.482058744864384,0,NaN
3.58433505721448e-05,0.123200206692291,0.193459593379077,0,NaN
1.57282159523924e-05,0.396607148632267,0.305550991024421,0,NaN
0.00265099667199181,0.135824635345098,0.494685199168032,1,37.02
0.0039597243667615,0.0976219256528278,0.357588704592065,1,7.01
0.000118918033774017,0.118264781855649,0.458286259546712,0,NaN
0.000466537685225418,0.351516752483825,0.406646321847383,0,NaN
1.85206783322432e-05,0.138352406522522,0.313523011163544,0,NaN
0.00220699563390788,0.241930822420747,0.042156012350831,0,NaN
0.00875088929979368,0.458771589275588,0.29193200919894,1,26.64
0.000959063013467378,0.39334387978846,0.486953362421769,0,NaN
0.00916014001040161,0.273513383907744,0.373204229996843,1,19.99
0.0005721268255604,0.278122247466943,0.110584395750249,1,30.24
7.964990756128e-05,0.271475313797349,0.11793437173053,0,NaN
1.06630607783284e-05,0.414568894360054,0.290987262563706,0,NaN
0.000526131166099238,0.0356164753453369,0.359951419971789,0,NaN
0.00150720550378316,0.0855013332252811,0.232760135857451,1,21.22
4.52162532976378e-05,0.0286485659906382,0.275322339794896,0,NaN
0.00206131742602222,0.262622873346396,0.0117056844858148,0,NaN
0.00498334545539617,0.193219708980618,0.250134242640646,1,21
0.000404646225586069,0.410496569076896,0.0655677567541378,1,39.27
0.00792423570292077,0.292670799985307,0.342198958927626,1,14.06
3.86256195014302e-05,0.156162545345333,0.298503543140081,0,NaN
0.00200547455138068,0.141887337598502,0.232526938500835,0,NaN
0.000231558037063876,0.221799189809979,0.477027231695166,0,NaN
2.73779982959287e-05,0.412456141130763,0.328084488010421,0,NaN
0.00210320647392899,0.285241032283045,0.0991954916454068,0,NaN
2.19641526060544e-05,0.495779412006538,0.470150755903544,0,NaN
2.04882242870483e-05,0.446516631478661,0.273017633272996,0,NaN
4.9634272876955e-05,0.136631891409462,0.42621573238436,0,NaN
0.000108362787293826,0.045635517456766,0.29270187931859,0,NaN
0.00910157578251294,0.445647131284848,0.172683026402449,0,NaN
0.000276052504661876,0.435871632056608,0.306445620261487,0,NaN
0.00126450326308507,0.0258514198621031,0.195130697839241,1,34.92
1.0490992256544e-05,0.186384659709343,0.359453067197668,0,NaN
0.000601891232235774,0.389525481340478,0.273306822758425,1,93.13
1.08214561297664e-05,0.249763589740241,0.195540472948273,0,NaN
2.51585581012492e-05,0.379664074592087,0.40190958886477,0,NaN
0.000315484152118108,0.497835036539222,0.476314882198436,0,NaN
0.00043666978933817,0.192359052443517,0.0144798425034903,0,NaN
2.8258447717699e-05,0.386965363064322,0.0826536167423985,0,NaN
0.000720686374589531,0.162952171430022,0.110237305332079,1,15.45
0.000107593138340897,0.0130196618573115,0.247234582726985,0,NaN
0.00096724861553324,0.223897138891456,0.342220407479995,1,79.57
1.43531968733491e-05,0.0756476612313638,0.272970712818952,0,NaN
0.000522976636416615,0.109077303114177,0.444455878225935,0,NaN
9.4443312128514e-05,0.32506395483531,0.152670873169771,0,NaN
1.08504888897984e-05,0.318694629599515,0.230026891087329,0,NaN
0.00749321100204645,0.226330649633969,0.358601881010937,1,22.99
5.01487131913815e-05,0.201065023467025,0.132194153402456,0,NaN
0.00081836007485071,0.147686768606105,0.271205135093453,1,56.01
0.00101006056120329,0.0616760778499513,0.183383061221946,0,NaN
0.000141886926199815,0.0245324758040584,0.266927512436637,0,NaN
4.67654792859095e-05,0.283793747716238,0.0601387291503106,0,NaN
0.000352318176324399,0.327573875850665,0.0925655699551411,1,43.98
1.583519699635e-05,0.19969565594248,0.211419895291173,0,NaN
0.00796906108691857,0.232153672659121,0.299258377824196,1,18.9
0.00345675641397078,0.435077182652842,0.350886787417891,1,19.71
2.41272977564189e-05,0.186622913991622,0.449854844208363,0,NaN
0.00233004586480854,0.362146287576411,0.358441484986337,1,42.78
0.000181162402685355,0.395008318036316,0.0529532061241218,0,NaN
0.000451357403021492,0.383385001687135,0.192928065381122,0,NaN
0.00176235478292113,0.231734638965343,0.0338604393859334,0,NaN
0.00269243774212845,0.401782512129404,0.168774172051856,1,35.07
5.74409493811895e-05,0.170895161185083,0.329952219176047,0,NaN
0.00125711055364731,0.263065620322595,0.0612544180995652,1,12.88
0.00243469278116048,0.329892452712087,0.494775881654582,1,50.95
0.00812484345773165,0.115400942522902,0.218044116426049,0,NaN
0.00900752970269948,0.162323036485137,0.0140100778262046,0,NaN
2.79815913175104e-05,0.402671343961929,0.304239682041812,0,NaN
2.87128770599596e-05,0.354507076665698,0.0119387459304374,0,NaN
0.000715461170989714,0.186972130140603,0.171195599092954,1,35.93
0.00228368296344322,0.454288452401151,0.333851295481289,1,40.05
2.47038317697978e-05,0.420185602219397,0.0341061393197941,0,NaN
0.00994680827660917,0.227700190156529,0.463771397618326,1,11.23
4.15266312050051e-05,0.409418904445345,0.0402203223714596,0,NaN
6.66856558782737e-05,0.114693827617295,0.17131097144651,0,NaN
8.36941968663743e-05,0.150555788650652,0.013157494941863,0,NaN
0.00174563047277645,0.107521316114148,0.191015889423781,1,31.14
0.000584117331430398,0.480279138314742,0.425317001187345,0,NaN
0.00615828058353871,0.252179166609319,0.0536449323809291,0,NaN
0.000635174350241318,0.166865734781576,0.154098215990896,1,33.61
0.00566915657238901,0.151959124734797,0.450043130265319,1,7.43
2.72077729324303e-05,0.441448875624548,0.311989148009819,0,NaN
0.000777282575137754,0.482415655250855,0.250448004053636,1,80.04
2.22951041975609e-05,0.347825007685465,0.358007045252701,0,NaN
0.000344080364349881,0.488587645422142,0.262180410117629,0,NaN
0.00852837517846804,0.173231707201476,0.492225243704693,0,NaN
2.9014329568091e-05,0.188176694145303,0.0407278656727671,0,NaN
0.00123587745407348,0.172767935274367,0.245410362478169,1,36.55
0.00403646099962268,0.428539174603272,0.442279596531612,1,25.46
0.000757789290225942,0.22409848638842,0.032632266834825,1,41.21
1.62031217472228e-05,0.332373664078014,0.264429775553053,0,NaN
0.0074194641402244,0.476478463814069,0.45577769064358,1,12.37
1.37251075877664e-05,0.256405284565529,0.271903452993408,0,NaN
0.000616205692768882,0.23940467133258,0.343147859625878,0,NaN
0.00986469131802229,0.208024259420453,0.405257168997125,0,NaN
3.95638350251317e-05,0.43772990034673,0.0376824772455444,0,NaN
0.00925304566566781,0.393477729871029,0.138561457797213,0,NaN
0.000571987190668571,0.468133668209949,0.189429018180868,1,70.62
0.000111503295420801,0.283498274942163,0.295192884523072,0,NaN
0.000274058732485154,0.401197344390577,0.190707459666931,0,NaN
6.94119662918646e-05,0.43644848482843,0.47424103005418,0,NaN
1.11461240577197e-05,0.0704298849037109,0.348068716162355,0,NaN
0.00720092765058555,0.455893801136144,0.141092927300798,0,NaN
6.43778210463751e-05,0.0561786748494258,0.337144508654382,0,NaN
0.0014260020648317,0.021162341367465,0.336776051864486,0,NaN
0.000154015396132494,0.384594502433604,0.0882643459852027,0,NaN
0.000105262563232996,0.25088522913505,0.18135171181912,0,NaN
0.00182147759743501,0.454082265289558,0.195137408509849,1,17.19
0.00100158634495303,0.375780300308296,0.0840406978264695,1,35.1
8.17809744176833e-05,0.335760718462785,0.0206905505615225,0,NaN
0.0013644035879376,0.310625214746199,0.3975012106688,0,NaN
0.00115611155872489,0.276792631596094,0.24008918817667,1,34.02
2.15627164236532e-05,0.287342986104021,0.20629786326078,0,NaN
0.000532141813548541,0.19789413630982,0.116668447861711,1,29.64
2.17042205215018e-05,0.258677725607875,0.168501800701875,0,NaN
2.74158478098935e-05,0.0779141489051799,0.134465005636114,0,NaN
0.000243546646139137,0.46678413170011,0.421954662700012,0,NaN
7.62488601735274e-05,0.412030113525651,0.215953675430603,0,NaN
0.00112453555945989,0.410719967086246,0.0310059307413456,0,NaN
1.26371930399493e-05,0.0447993999230471,0.304338725439538,0,NaN
0.00345544261195156,0.340795150925843,0.0193022185048848,0,NaN
0.000195295700110541,0.126239729274025,0.0452891791998631,1,51.03
1.45695527822384e-05,0.344476961689666,0.20593938728167,0,NaN
0.000159643024074902,0.165759902441324,0.30722735342055,0,NaN
1.65114371808313e-05,0.247707363364782,0.481540237897685,0,NaN
1.15197837519685e-05,0.43831529045017,0.431572962227777,0,NaN
0.00753126046557859,0.403344341586575,0.270470858288749,1,32
0.00219699496166897,0.347443544182712,0.408175709445091,1,39.66
0.00293095308853789,0.456007193006364,0.0785653356413988,0,NaN
4.29613735254469e-05,0.414674368590478,0.125791458525285,0,NaN
0.000608371724603289,0.194469929292191,0.0196851487231407,0,NaN
2.24189797761581e-05,0.198995278799986,0.179389113408831,0,NaN
0.000389160158039178,0.486544528430096,0.368447151974664,0,NaN
1.05405301694361e-05,0.188983951056776,0.0153873888105472,0,NaN
1.48376755661493e-05,0.398403548455255,0.177505465907328,0,NaN
5.52138557368024e-05,0.463047594917786,0.191363683092562,0,NaN
9.32144755692451e-05,0.246297205427719,0.176990486470163,0,NaN
1.25763247289244e-05,0.172253903042264,0.258797218498769,0,NaN
8.32470231727854e-05,0.391195088609958,0.134667909271395,0,NaN
0.000154117756587121,0.351807625663526,0.470529907683597,0,NaN
0.00185827140278089,0.072745835122199,0.059969858018009,0,NaN
0.000284162911754018,0.0582542536399602,0.0945604864488373,0,NaN
0.000890972010549138,0.115982994692795,0.0352180161724568,0,NaN
0.000514410618580222,0.0335227233616624,0.238562659993047,1,77.91
0.00184131935331766,0.256328827647693,0.193094437039725,1,22.41
0.00032720896213141,0.418884684176136,0.0595187308995215,1,51.48
1.97667104209266e-05,0.0763320086456686,0.366155586843069,0,NaN
9.62657131483735e-05,0.440178347328966,0.424590838996289,0,NaN
0.000205185389876463,0.051590301832701,0.260071801976124,0,NaN
1.42422226984744e-05,0.289270581858537,0.256472690854488,0,NaN
9.39123428113254e-05,0.34877049104094,0.0342223655288655,0,NaN
0.00115186875477362,0.115228068711677,0.463715296146127,1,72.99
0.00260146237470634,0.0415146517064128,0.261135854018703,1,22.49
0.00461920422382774,0.0651879721908246,0.277831934274684,1,15.29
0.00102601515416423,0.134752596002137,0.216646368049121,0,NaN
0.00145716191491217,0.450096576666081,0.345977561823427,1,56.52
1.79678690294424e-05,0.315330948973892,0.417470946922322,0,NaN
0.000101077033339309,0.404930101497881,0.0575465342315606,0,NaN
0.00012886058111573,0.491037543423969,0.117214877799455,0,NaN
3.00375128266014e-05,0.312839883680822,0.47221800832332,0,NaN
0.00225155587327811,0.198351984657622,0.137669743377643,1,32.68
0.000305933460555026,0.476345635545982,0.225472758085312,0,NaN
2.53790174167281e-05,0.0727293342583815,0.0196588765809703,0,NaN
0.00172186707224663,0.326832068932097,0.195428853353958,1,33.1
7.94873095397819e-05,0.0182739071499611,0.301430379381692,0,NaN
0.00203909029136987,0.41393091856681,0.361793076673554,0,NaN
0.000174344063801988,0.144577503019825,0.443208379474262,0,NaN
5.05345885820713e-05,0.0839553011827212,0.214572053871589,0,NaN
2.34510360965484e-05,0.291987879828157,0.16134621897719,0,NaN
0.0040198496159248,0.0353819177976234,0.358319539956836,1,15.38
0.00135760531332897,0.471268420679076,0.0943985418541445,1,53.01
4.57797328551621e-05,0.257295437033749,0.41782682720603,0,NaN
0.00062926131682602,0.292293257638117,0.227568500153323,1,60.34
0.00189186941625408,0.173892515381151,0.162762723057327,1,19.16
0.000392067252762985,0.293217353077492,0.0753107089003427,1,35.6
6.96866661493744e-05,0.297238739860761,0.125037578141099,0,NaN
3.8614159866833e-05,0.423828450347294,0.028091324703727,0,NaN
0.000237379524883012,0.0363799632142455,0.174738214840191,0,NaN
0.000934647815877459,0.12356732799484,0.249456215733162,1,31.46
0.00655282789414662,0.461461132181701,0.0668790685295435,0,NaN
0.00563551781558409,0.0229297750764977,0.30894461283847,0,NaN
0.000256876461089568,0.117923321746753,0.280632776669951,0,NaN
0.000529834439478018,0.375169059431514,0.313040870252635,0,NaN
0.000437021887804033,0.0332718927206974,0.0832321759243646,0,NaN
0.00126522222182541,0.223795763578567,0.110736938641712,1,46.08
0.00886431364225472,0.0555353935450863,0.494011383675056,1,14.99
0.000206087104003761,0.0680708000197718,0.454961935466599,0,NaN
5.93863745316786e-05,0.155130069951145,0.1771028947328,0,NaN
0.00124289639180452,0.147729329262609,0.239958592552178,1,23.31
0.00688227542217647,0.213419015717179,0.0131958946352701,0,NaN
0.000924273968726066,0.432444544229419,0.265414179380428,1,57.2
0.00472440989375063,0.393842261680198,0.249733731074412,1,16.25
0.00789345592190106,0.104453300694687,0.348838145588249,0,NaN
0.000115337193284583,0.0527048036636671,0.25857827458601,0,NaN
1.86922474652087e-05,0.285162955554877,0.152362119941695,0,NaN
0.000410827660684825,0.382267488632396,0.0487611089444324,1,35.67
3.75919420130393e-05,0.218419433539576,0.131352533248897,0,NaN
0.000579733662720428,0.173726717604256,0.135099483810998,1,36.59
0.00470991978028473,0.157519052921681,0.315221405113225,1,12.69
1.07314626663762e-05,0.395289328296129,0.270013144976552,0,NaN
3.74806292569334e-05,0.0187925929885107,0.0649013025992796,0,NaN
0.00110739879398284,0.120166302789045,0.26808731987254,1,43.02
0.000376275534215186,0.460996026180305,0.430383781711243,0,NaN
8.86122171999694e-05,0.448214812675949,0.279353674409882,0,NaN
0.0094415128730633,0.120672401320849,0.498645066416171,1,3.05
2.65735966492941e-05,0.405583878401509,0.322291429809204,0,NaN
0.000806864512385804,0.496153009161911,0.234788958221248,0,NaN
1.67008549604429e-05,0.0310284412641479,0.145937873012432,0,NaN
1.6778500668895e-05,0.286384412594064,0.0116192385235007,0,NaN
0.00194437723657442,0.262436118618281,0.0958313882880358,0,NaN
0.000731854609563947,0.412432764974443,0.337575966218597,0,NaN
0.00268124876034897,0.250036165881812,0.334400333165403,1,18.75
0.00147264788255336,0.490858261851942,0.41473449221368,0,NaN
8.42101700397871e-05,0.0516904241859023,0.397506640603201,0,NaN
0.00320567166745495,0.312454166729721,0.285569963623582,1,10.45
0.000952886746915894,0.0150293986616249,0.455361502907238,1,81.06
2.48919368484402e-05,0.0897831961727818,0.0788583466338933,0,NaN
2.0107378098419e-05,0.166888471763115,0.150381482210553,0,NaN
3.25770539332762e-05,0.0150909285535342,0.341182442556838,0,NaN
1.61434480567137e-05,0.0881735029627211,0.254629935610519,0,NaN
0.000119545303047397,0.247647993590768,0.253603362765166,0,NaN
3.15061667641518e-05,0.0163693024808028,0.093197172809352,0,NaN
0.00118108396846536,0.0885071920196377,0.167375525845556,0,NaN
0.000174461816984081,0.176320425320451,0.393870126824078,0,NaN
0.00214386060717981,0.345457708216112,0.453646852585127,1,63.69
0.000195951727710432,0.0122667677616454,0.430198992946543,0,NaN
0.000422555125367307,0.392904940508072,0.306473282691874,0,NaN
0.00159726822239064,0.344082115303463,0.246817053442069,1,24.79
0.00313486555342627,0.364918205106419,0.493937828584859,1,49.39
0.00752382108384443,0.308689146558033,0.132405086599538,0,NaN
2.05905410596887e-05,0.21035927564437,0.0560835490489762,0,NaN
0.000285133567965953,0.426483862189265,0.0171950894891726,1,56.75
0.000184500520647626,0.162710371753988,0.325007886379974,0,NaN
0.000106526001223905,0.384073156679585,0.245237335863917,0,NaN
0.000343740792433283,0.234360166894519,0.0267738971167545,1,92.03
5.00357724551057e-05,0.300846040843613,0.358400391614146,0,NaN
0.000381894393110963,0.337334700120406,0.0808007935819643,1,37.64
0.00277639969908311,0.256704013651963,0.269005346739888,1,9.49
1.8549682167669e-05,0.466504571967852,0.330809986948318,0,NaN
0.00182061407115717,0.217816713864862,0.125559366136753,1,36.24
0.000427599208240724,0.0803498981492094,0.314508842255968,0,NaN
0.000237320353143418,0.0509428242435441,0.328573107334449,0,NaN
1.75167933950734e-05,0.128826477723346,0.159409099300773,0,NaN
0.000286467578346374,0.0739548893398875,0.254207817327793,0,NaN
0.000219857255179131,0.229470101739255,0.379274934391748,0,NaN
6.85108830937551e-05,0.249151040614672,0.315801894587672,0,NaN
0.00065030440954399,0.386829376103543,0.240626745018201,1,88.17
0.00013444780118371,0.264475248503044,0.0809157919610496,0,NaN
3.44756293404284e-05,0.120486878397235,0.130277089786947,0,NaN
0.000136082946926482,0.356603330454317,0.270007466026709,0,NaN
0.000834297630512366,0.324050931887628,0.464001576460356,0,NaN
0.000870030081037007,0.296092035068621,0.44477319183024,0,NaN
0.000116368382794143,0.461475137835211,0.0253432798570517,0,NaN
0.00152175385524065,0.266151704229025,0.234311631633515,1,19.86
1.69388265864994e-05,0.485384129643137,0.234084157767442,0,NaN
0.000149106023729009,0.482036671756993,0.463170728598637,0,NaN
0.000464047953691348,0.398230217894935,0.478608670229816,0,NaN
0.000110236475749816,0.25547533800065,0.317163300349491,0,NaN
0.000122444551696619,0.0489594216887629,0.29782161617082,0,NaN
5.5541721676179e-05,0.243842656659704,0.365125930550019,0,NaN
0.000208600999258001,0.223720899506148,0.122705405551818,0,NaN
2.1284661421978e-05,0.310106031915861,0.172834015289813,0,NaN
1.09347592309792e-05,0.31639400042449,0.390847161341,0,NaN
0.000520263679607351,0.339697812746462,0.158490610734379,0,NaN
0.00584293364523854,0.103054752080302,0.201402348313605,0,NaN
0.00930882116165613,0.189947987932594,0.420229604252563,1,11.97
1.82204310936177e-05,0.493065634656773,0.486732964655253,0,NaN
1.20841976526217e-05,0.338412784772692,0.0666687923406518,0,NaN
0.000156204122588604,0.0957427877237962,0.172269810761415,0,NaN
0.00013220221360432,0.30057524922072,0.105323311948443,0,NaN
4.11738060840981e-05,0.411773547503121,0.0523543971259025,0,NaN
0.00254931081953644,0.444638325584131,0.473170018898453,0,NaN
3.02282218667853e-05,0.485329822868928,0.217742205043713,0,NaN
0.00155175485305269,0.102017004979642,0.155995006404295,1,20.8
1.28891075162633e-05,0.113161857451365,0.0746281384743566,0,NaN
0.000296626467500206,0.0229493383116207,0.335166929885755,0,NaN
8.73885107936155e-05,0.175677539951575,0.210755291209009,0,NaN
0.00141653879098151,0.379077197707875,0.348893693405676,1,69.65
0.00539878854103569,0.255772361882209,0.196594433183158,1,40.35
2.22308059790488e-05,0.325071848981726,0.0849434343700678,0,NaN
0.000226927078513121,0.366021562182931,0.377939751368097,0,NaN
1.39665609028222e-05,0.480820295309764,0.317774324858217,0,NaN
0.00298673121925004,0.162853280462603,0.449271483403046,1,19.51
0.0061216760973455,0.131090919399678,0.407010780133403,1,11.09
2.10218902644151e-05,0.327999893239911,0.242767406331723,0,NaN
0.000680561381730766,0.332737635248071,0.418262643579607,0,NaN
0.00293155522403419,0.477803332155873,0.176822925815139,1,21.8
0.000108193071301105,0.475149443065158,0.255101996528634,0,NaN
0.000905982660334728,0.464818293031921,0.129066098002121,1,30.22
0.000383709966396181,0.100093677421083,0.0339037501908466,0,NaN
1.37278145897794e-05,0.0924876608207918,0.0910748944474947,0,NaN
0.0001279119204802,0.208761199396661,0.0900374879827825,0,NaN
4.9599274031825e-05,0.495694711445155,0.0442743044843494,0,NaN
0.000261311707991109,0.488143885250282,0.0100603014990905,1,76.88
0.00257654818203648,0.189561215379489,0.247444935943552,1,9.52
0.00017590155763563,0.0753250263588708,0.322287398045718,0,NaN
9.88985650041914e-05,0.183076695158871,0.434126115493984,0,NaN
0.000585173094733531,0.285312327742522,0.464197598160593,0,NaN
0.000202357684190418,0.44032141958159,0.235979437950991,0,NaN
0.00186492478594912,0.0275397097425775,0.154108192801218,0,NaN
1.08531043998463e-05,0.159652879971943,0.110342131899919,0,NaN
0.00106030199940221,0.392246342793865,0.425238250540912,0,NaN
0.000219992855951121,0.0116798343527425,0.441385643153392,0,NaN
1.85066983202852e-05,0.437311368187576,0.144787543705501,0,NaN
2.65359480290707e-05,0.368449617456641,0.412381281041206,0,NaN
0.000130186464955629,0.192440824913351,0.288823023248526,0,NaN
0.000111621259750845,0.191386653392733,0.195811237205702,0,NaN
0.00245902942868478,0.336916071263462,0.45446271983297,1,38.38
0.000102933620010747,0.303785110755805,0.27511920667143,0,NaN
8.88919498423521e-05,0.337893235081995,0.276529642252317,0,NaN
2.31166294890705e-05,0.116878062313017,0.0529368307547234,0,NaN
0.00706457170265402,0.334151474047743,0.4712465557774,1,9.33
9.23758720956509e-05,0.0380652331498873,0.436372418369019,0,NaN
0.00141122181045116,0.30202713014464,0.158596272177204,1,27.61
0.00109249146683128,0.247752685927604,0.271009826038876,1,48.85
0.00376529860230079,0.218641247185705,0.164839576429505,1,26.25
5.90666679679429e-05,0.109920498422816,0.383211656661807,0,NaN
0.00577215433105026,0.273701580564546,0.370924292668526,1,6.32
0.000988930033881213,0.369079830701008,0.363043822336882,1,92.77
0.00177930940847741,0.223545631813458,0.0405734722963018,0,NaN
4.96031926564739e-05,0.40856771474219,0.422513947901389,0,NaN
1.19138318331182e-05,0.109541832684697,0.164416068299695,0,NaN
0.000462427488990601,0.153940717833694,0.1476752056727,1,46.5
0.00241349581050512,0.478995652508176,0.0687023106998942,0,NaN
1.40993222653002e-05,0.258809652294469,0.0919720414086447,0,NaN
0.000163936105699353,0.398328261824237,0.103769161835454,0,NaN
3.85418949740828e-05,0.18164491329364,0.454687961372826,0,NaN
0.00768825276932108,0.114206702250325,0.332189266545929,1,13.77
0.00236855130870307,0.309528279987872,0.29615205524159,1,16.34
0.00570568597147448,0.154922619313569,0.280380450828229,0,NaN
0.00244804292025327,0.0936682377107266,0.093474799434607,0,NaN
0.00306182303862227,0.418663838572171,0.0713995756990528,0,NaN
0.00028576592662946,0.0601477833406814,0.0613781333500683,0,NaN
0.00130137439456382,0.34880862136132,0.0740803813506327,1,67.95
0.00371177120463712,0.441956188035306,0.0283616024467072,0,NaN
0.000178589163869962,0.336061078123809,0.144273805480465,0,NaN
0.00197791491254121,0.358971813798059,0.0721046412932378,0,NaN
0.000368783907559065,0.181521152668255,0.498273078732758,0,NaN
0.000203297494362863,0.128860384960387,0.36020420916627,0,NaN
0.00576966669536533,0.128868042822148,0.0439982576527113,0,NaN
0.000669825028981745,0.453507968826341,0.335720331211987,0,NaN
0.00025595465642947,0.161935577696746,0.225126193891116,0,NaN
0.00979053681716568,0.234722772643978,0.329528243892728,1,23.74
8.80607232292001e-05,0.293858925349904,0.391446680325091,0,NaN
5.16531761156386e-05,0.0789052142881448,0.0961337112534972,0,NaN
0.000201103034428716,0.272247044058751,0.40279256391995,0,NaN
9.30057388378264e-05,0.445737330381991,0.0318749146410196,0,NaN
0.00815778821586184,0.46280131947748,0.20930803569725,1,64.2
0.0014490858350621,0.232416871646482,0.0486309854604209,0,NaN
1.8745510347902e-05,0.303474826449003,0.0733527632544038,0,NaN
8.48073643127438e-05,0.135443864135011,0.203809602195755,0,NaN
1.52347950843808e-05,0.122636030507132,0.497908561394348,0,NaN
0.00301226656658937,0.223190890313142,0.182050676232852,1,30.25
0.00809557711054267,0.447325557965922,0.25041238716194,1,37.37
0.000792395511360862,0.297616840666151,0.21370664507779,1,65.53
0.00286500238014503,0.386020495140212,0.417230737853814,1,27.56
0.00163028554668823,0.227494339552725,0.217485861494209,1,16.29
4.30890587433637e-05,0.248589387655742,0.433698213603535,0,NaN
0.00591471760358795,0.085713367144724,0.353184017087597,1,5.4
0.00371656090818369,0.184254260135556,0.0280442310569269,0,NaN
0.0021421456026727,0.234182938306303,0.0827276854133033,1,62.28
0.00907225688890311,0.492563324204508,0.167318728481164,0,NaN
0.000973691744165825,0.4860582821458,0.447529074255827,0,NaN
5.70456879520907e-05,0.351084680800253,0.265379984218613,0,NaN
0.00405177005288015,0.346750103956881,0.102186152967311,0,NaN
0.00735648361247502,0.423631749303577,0.432742917107394,0,NaN
0.000224556103720615,0.122563619213237,0.24125292647805,0,NaN
0.000190009164109167,0.196365253901097,0.189910960866037,0,NaN
6.95094871837156e-05,0.0484535440390386,0.437026354857869,0,NaN
2.68596120880502e-05,0.33531921598576,0.290309671980308,0,NaN
0.00167458424380663,0.269117939892443,0.37928957496819,1,48.46
5.28908895290932e-05,0.151828999366957,0.394574934460274,0,NaN
0.00730729803968524,0.335788004272305,0.388844687813436,1,5.91
1.96171921765385e-05,0.326940642397884,0.0402335739828682,0,NaN
1.59391424706266e-05,0.20706148259039,0.0981948169649322,0,NaN
0.000420476878779345,0.21888719008637,0.213603869768057,0,NaN
0.00499305762692467,0.205031787244913,0.178666947521631,1,27.74
0.00547466928162331,0.236191350108489,0.308340697204145,1,23.83
0.000901236092470095,0.476962654608333,0.497575745990778,0,NaN
0.000863331597494039,0.103384334221629,0.149456444866451,1,22.11
6.07064889602127e-05,0.14706508277268,0.12419819304905,0,NaN
2.97987868510008e-05,0.470034967232097,0.0861429369998597,0,NaN
1.92052640492411e-05,0.259299262583637,0.488179521102668,0,NaN
0.00023536801917278,0.252342983010097,0.236554079176711,0,NaN
0.00230534973348598,0.343393971564548,0.19181727300828,1,20.04
0.000292522123675683,0.376017229911425,0.168244828318439,0,NaN
0.000145008589152031,0.0947636211431603,0.168645480879123,0,NaN
2.08223447733757e-05,0.348602062596401,0.495931686897249,0,NaN
0.00451553854289703,0.0444312916691169,0.318312969669052,0,NaN
0.00186204441289571,0.0902297097824341,0.274599900699129,1,12.55
0.000316733780676655,0.376147072425993,0.234468698461484,0,NaN
2.13819346992964e-05,0.0553374400166127,0.458860290655259,0,NaN
4.16997272925954e-05,0.475056022622832,0.215852788182294,0,NaN
1.32729040598873e-05,0.421992767183539,0.145087180491796,0,NaN
0.000430690217511292,0.361211412962402,0.250865209793645,0,NaN
0.00730403458457535,0.331771418912608,0.258198603358198,1,28.9
0.00186872590192708,0.425515718867321,0.182847709168778,1,29.44
2.59408604319945e-05,0.120588131428608,0.29200289960897,0,NaN
9.40108966600852e-05,0.343196895324464,0.211029730987047,0,NaN
4.09541119846187e-05,0.133605000575382,0.337353295954545,0,NaN
0.00652741504028162,0.0138662826129434,0.300935041980514,0,NaN
3.04852069870753e-05,0.0770088939913062,0.399309569239288,0,NaN
7.92720977191878e-05,0.381826697223807,0.458913649252609,0,NaN
0.000133450529692801,0.488036957832727,0.134001165585689,0,NaN
0.00189547482181337,0.186806614065041,0.397279803205954,1,37.66
0.00179009104859101,0.424890628974221,0.0217315114678448,0,NaN
0.000101538027521193,0.111392056609486,0.387836256575421,0,NaN
0.00053306692704865,0.285781024195136,0.0709027814967601,1,24.47
2.71710973018248e-05,0.265146910238935,0.302855740426221,0,NaN
0.000225350330988203,0.376796043884049,0.390856786567867,0,NaN
8.39011738063376e-05,0.0241142773433516,0.285897255544567,0,NaN
0.00129938342003914,0.444544393571407,0.0643190444786225,1,54.52
0.00121394269230068,0.361603476442024,0.0902679729166179,1,63.22
0.00844382122185486,0.498942619122681,0.143214107214894,0,NaN
0.00376729318075015,0.177264488931675,0.205934430047598,1,15.06
2.86687716414767e-05,0.396991501883756,0.265215427045971,0,NaN
0.000143093671808365,0.178380264245961,0.210559269988472,0,NaN
0.000330414438791693,0.0253737320084515,0.275503110718034,0,NaN
0.00154249186617537,0.490334473530316,0.450021960247057,0,NaN
0.000360114414462511,0.427664320280019,0.40341887312012,0,NaN
0.000165431847221475,0.0778923312422836,0.325484474525047,0,NaN
0.00190736841252529,0.152046679194836,0.471596426597972,1,52.71
0.00209962341371913,0.294717045893656,0.297275855529085,1,19.95
0.00453470740736065,0.281436974840083,0.17556462445162,1,51.3
5.93799522649211e-05,0.0762995982800689,0.367243005020279,0,NaN
0.000438513639783323,0.0624492936383652,0.103716671938482,1,52.04
1.31031392477382e-05,0.0829183794249905,0.168715652229924,0,NaN
0.000575753872156279,0.286117138287309,0.270942997047871,1,87.05
0.00328281555497704,0.389266953274452,0.277273884286641,1,10.37
0.00467302364795526,0.0691658461344821,0.3489315452477,1,10.79
0.000370147778790403,0.495455940613639,0.283999238173628,0,NaN
0.000100362889757769,0.0631706256444853,0.321595632643011,0,NaN
0.000112616494055126,0.0132370649922438,0.263452622170956,0,NaN
1.88323035805015e-05,0.143976316439846,0.38651433746558,0,NaN
0.000502067936092731,0.213384863732354,0.492710800496865,0,NaN
0.00272393549379132,0.107591467797623,0.099238479333748,0,NaN
3.19946353737261e-05,0.334861517330081,0.26029012412685,0,NaN
1.77411517158689e-05,0.045451530440609,0.296535914520721,0,NaN
0.000285747950194392,0.0486593451480224,0.473540900852812,0,NaN
7.85660533546021e-05,0.130670088458968,0.198319857519876,0,NaN
0.00023366934308879,0.0429715290107661,0.403234814797395,0,NaN
0.00422989190303615,0.115731829877009,0.285269260175838,1,13.95
2.33166930959189e-05,0.310273764805412,0.3562899860965,0,NaN
0.00147043226609283,0.378879747868476,0.277381691331726,0,NaN
0.00389715943670464,0.0347333436345812,0.334382288479661,1,7.2
0.000267702853253185,0.398229497983077,0.201424054838266,0,NaN
0.00670451708457015,0.0348331311376351,0.343845824329615,0,NaN
0.00603026071132672,0.0857412314477937,0.153879728236438,0,NaN
0.00659943700492075,0.286161349853433,0.280933092068091,1,23.37
0.000246597096942036,0.0277462244998742,0.486331016019697,0,NaN
0.000762570610395539,0.0157386664558018,0.416833955190789,0,NaN
0.00217313631394394,0.167908946886856,0.492689132190185,1,61.03
0.00400695531079108,0.0626059735009614,0.438917816614087,1,7.94
0.00220176290374182,0.0594291057184489,0.387885649714948,1,19.4
0.000930089308708803,0.105984070118147,0.302372049969666,0,NaN
0.000190211832549778,0.12302683260313,0.132043997437315,0,NaN
1.7594446145799e-05,0.107366333973393,0.096484113404214,0,NaN
0.00015920326030081,0.474963329105319,0.0826878210710675,0,NaN
1.06380155962429e-05,0.21739421672858,0.452638103790296,0,NaN
0.000338053588900754,0.3214953859497,0.291244404322649,0,NaN
0.00732850561544516,0.311012866143845,0.353522789425757,1,13.88
0.000103984960201456,0.10753187423867,0.226334773989378,0,NaN
0.000241190132539884,0.338172340774614,0.0787369868183542,1,60.86
9.00767854140417e-05,0.173204304012726,0.464300430929734,0,NaN
2.24833491414183e-05,0.112952668176222,0.198228499525547,0,NaN
1.04559090379017e-05,0.358518821394053,0.20823835985735,0,NaN
0.00872178526681426,0.270901268884275,0.121821287451939,0,NaN
0.00328349274147208,0.320461457418332,0.497373062977946,0,NaN
5.01344829284384e-05,0.0294311811540698,0.292335805580422,0,NaN
0.000418955943436284,0.442964050115041,0.240171300169904,0,NaN
0.000524810535985653,0.241618574635483,0.316993751659711,0,NaN
2.73968333480366e-05,0.0875379829964032,0.397351376942541,0,NaN
0.000119083885920796,0.3506451693865,0.309696228693777,0,NaN
1.47012939077168e-05,0.239633172282494,0.123833398734442,0,NaN
0.000147649906170343,0.233266643539947,0.239971689476572,0,NaN
0.000662749374296033,0.395655065030832,0.197217525389571,1,71.02
3.79959330905695e-05,0.162065048330417,0.44637318964177,0,NaN
1.246168762238e-05,0.0869162853406858,0.391699172937483,0,NaN
0.000160237179574871,0.258760230156577,0.0958804215925086,0,NaN
0.00593602682872895,0.0805299332269581,0.457520234657248,1,11.24
0.000336705963111421,0.198251886652775,0.382903072670228,0,NaN
0.000499601015095025,0.0867268659411968,0.356769380529259,0,NaN
7.74325475604859e-05,0.0223182951822211,0.229244580985801,0,NaN
4.63364747045714e-05,0.342495503044664,0.241263781838763,0,NaN
0.00180431522367434,0.13451246741411,0.133966612499068,1,17.49
0.00372428971300173,0.234630484684417,0.119780656561052,0,NaN
2.32609012573118e-05,0.397099239806296,0.289034248587998,0,NaN
1.23964650426962e-05,0.465517837658049,0.191855782850795,0,NaN
0.000337428579831868,0.215950472388813,0.182151098085279,0,NaN
0.00033531298810699,0.346823051121505,0.346038510504741,0,NaN
0.00039971611619195,0.0578289126434096,0.118563993050001,1,72.22
1.66728399253721e-05,0.275650700396677,0.455883614775022,0,NaN
0.000755438540902478,0.321519936854462,0.0796320858932928,1,44
0.000528625729424254,0.3977723104228,0.146523829699329,0,NaN
0.00277165127859012,0.288688285355604,0.374917600811899,1,29.22
0.00772822655517794,0.399060824837629,0.482662505165157,1,22.39
1.54146212821752e-05,0.0785807348609237,0.395091814344105,0,NaN
6.45909126390985e-05,0.125321424091118,0.23751406460163,0,NaN
0.00210448372286107,0.447843602328357,0.0526913632378335,0,NaN
0.00473980461288192,0.0931025098735575,0.455701622829336,0,NaN
4.36658453720181e-05,0.0103221186827256,0.0333603905143711,0,NaN
0.00025553964699805,0.351403183916048,0.403632385454318,0,NaN
0.00201279641027581,0.308785608834643,0.0792282950782945,1,67.51
0.000179531077991695,0.378653730047562,0.198709989886271,0,NaN
0.000153961478846527,0.230332183043712,0.0141678793916794,1,90.28
6.87030015805917e-05,0.131699040328024,0.0139172778623934,0,NaN
0.0010797699529431,0.0541869202190397,0.313364009342604,1,34.41
0.00252909882375841,0.015420210068245,0.0962578442931513,0,NaN
8.5626084086655e-05,0.41586514810979,0.491343128883517,0,NaN
2.67280285729716e-05,0.355710344513285,0.218133995685717,0,NaN
0.00544118793275062,0.0631336889272468,0.12142058630736,0,NaN
0.00391172313706492,0.0938636422941937,0.296258703989256,0,NaN
0.000277560113768201,0.314351937491463,0.155017962657868,0,NaN
0.000979547434310519,0.248666395673745,0.422533213335377,0,NaN
8.94848379178023e-05,0.205809004413027,0.113460054902152,0,NaN
0.00184113392741343,0.0882462088304787,0.0752416031191152,0,NaN
5.06395505772955e-05,0.486742853742933,0.212602431940244,0,NaN
0.00786343086807605,0.0725422184569082,0.305993382967173,0,NaN
6.20988330950389e-05,0.352551158035195,0.0661732078794574,0,NaN
0.006305902665794,0.198257566105148,0.443634048035368,1,11.05
0.00056205931186053,0.0756038954612824,0.176299111639468,1,47.24
0.00839972751342145,0.406642760623788,0.028255198381068,0,NaN
0.000161649037205947,0.291875601456051,0.250513168862779,0,NaN
0.00667459235470691,0.186875476170347,0.357026504717613,1,12.99
0.00167398951918077,0.383309063351729,0.483145220423209,1,72.72
0.000139150163647341,0.0679918434022852,0.0749571893089981,0,NaN
0.000203154875670845,0.458038032201659,0.337434276986665,0,NaN
3.87469411347944e-05,0.121074826766316,0.215191693046299,0,NaN
4.1208873218732e-05,0.150511680834314,0.211887495193561,0,NaN
0.000193797095785518,0.461170338875617,0.46307703005011,0,NaN
0.000946053123852736,0.481733041060583,0.411671845506046,0,NaN
0.00977021196361588,0.203767688856613,0.0520178738905067,0,NaN
0.00153414470161278,0.453961098466964,0.484624681453619,0,NaN
0.000518078270938701,0.428152756583413,0.211569102025526,0,NaN
0.00393539091043551,0.200547753071452,0.310822360855405,1,5.33
2.53155667328527e-05,0.319177527464311,0.256107486856104,0,NaN
0.000970296757659207,0.284128429772848,0.381398436652949,0,NaN
0.00792585852202481,0.284508838604221,0.169519116164907,0,NaN
0.00652024368065587,0.44210202458221,0.371486276625307,1,8.83
0.00171733396799616,0.244450423529672,0.443941848087237,0,NaN
0.00205312955388362,0.322417325128847,0.469144893978025,0,NaN
0.000495479784069988,0.0609737453110466,0.170758382805541,1,49.25
0.00262897626019389,0.0950568851283594,0.352070158476383,1,10.17
7.89801967303475e-05,0.350142402763335,0.216802473472259,0,NaN
1.45798701951412e-05,0.157886163123594,0.318988911326767,0,NaN
0.000149700130685189,0.161120636934746,0.228764693092265,0,NaN
0.00166016471639281,0.357500666120336,0.0740758278715643,1,52.15
0.00437971285775411,0.447000530970339,0.34009023719236,1,12.99
1.15980964008501e-05,0.106405641415066,0.478617236553706,0,NaN
0.00413832750157538,0.0237792441764772,0.297910510553695,0,NaN
0.00116460127168205,0.454776283680755,0.371994998885859,0,NaN
0.000458634446738956,0.408021026515368,0.330921622339852,0,NaN
0.000136864877620064,0.0105132318276614,0.165567268504606,0,NaN
0.000130897506451643,0.135320206992063,0.454001393823187,0,NaN
3.52676062465975e-05,0.469439016974832,0.4581232877481,0,NaN
0.0033328093500387,0.223322035144747,0.487345435678954,1,48.06
0.00484263633710029,0.229432060797107,0.209068084628717,1,23.51
2.06723458693386e-05,0.352729069626591,0.245629616051804,0,NaN
5.68394228406639e-05,0.235081892074669,0.483406285128456,0,NaN
0.00301637002153478,0.449493812135319,0.390075861733938,1,29.56
1.08992614099516e-05,0.40758644881102,0.40679031019808,0,NaN
3.50731810940167e-05,0.0351583866284483,0.0145053199430376,0,NaN
0.000344359989077858,0.101505166874087,0.403403022627973,0,NaN
2.35997494171877e-05,0.0142910580423484,0.156735911142072,0,NaN
0.00596729434900158,0.3447611462227,0.040480084096025,1,48.52
0.003523253882262,0.281562650434392,0.196012606455989,0,NaN
0.000729648857039389,0.338129302385148,0.221734295358647,0,NaN
9.45166097799078e-05,0.368300049231993,0.195663869168977,0,NaN
0.00373924362390867,0.17393707946878,0.130353766529723,0,NaN
0.000678194608643654,0.236643529669811,0.0724639789874549,1,67.05
0.00166259396790465,0.472990606119885,0.253268567714859,1,33.56
2.17929193395647e-05,0.248387699156923,0.20629458479903,0,NaN
1.6968094287079e-05,0.318789389359729,0.276287662248841,0,NaN
0.000341600748859693,0.321796404406113,0.46802579034204,0,NaN
0.000160316134361778,0.12484612052963,0.190071244846053,0,NaN
0.00100284150913296,0.136740337809259,0.456527926486369,0,NaN
0.000131085551005926,0.264531765398478,0.123151293659067,0,NaN
9.07050712235237e-05,0.0882185592895504,0.23104771110639,0,NaN
0.00839846882305025,0.346512324126504,0.118639628604654,0,NaN
0.00792720174402645,0.236681855786194,0.043279023823874,0,NaN
3.13223509304934e-05,0.456727191056423,0.336780688539223,0,NaN
4.39603282814225e-05,0.203757573129946,0.213578960886987,0,NaN
5.81320262838961e-05,0.0427914718102414,0.0296994727454076,0,NaN
0.00694542249856015,0.389822768135852,0.406780885883238,1,8.03
0.00542448121101024,0.11790633270986,0.488688248570571,1,7.41
9.98932453071586e-05,0.297895429100769,0.202919111999938,0,NaN
0.00119909819320808,0.191839710049064,0.232225372127876,0,NaN
0.00690736047633187,0.188287830418403,0.396134537114748,0,NaN
7.0920888196665e-05,0.403037391715835,0.372940287752272,0,NaN
0.00344354084219094,0.490877180218571,0.450795114923829,1,43.23
0.000724815296894474,0.236245450118878,0.417281862063367,0,NaN
1.79129980144118e-05,0.33207457499534,0.483055003221001,0,NaN
7.05076825906386e-05,0.12802589590333,0.379342928537592,0,NaN
0.000515182634711284,0.0185393356664053,0.348870450199921,0,NaN
0.000365222511541913,0.0255374786801476,0.278397571959732,0,NaN
0.000446835861988843,0.49328762456792,0.348891720535647,0,NaN
0.000122499294512872,0.0713377073306697,0.166498331888249,0,NaN
0.00830014899747896,0.130528524132865,0.134675562095388,0,NaN
0.000670559369749465,0.487058464901213,0.410274250391606,0,NaN
0.00668049452752451,0.0256193709883148,0.376296360830492,0,NaN
7.7620272166879e-05,0.288879328104956,0.436000100429349,0,NaN
0.000398365326981067,0.124623661603299,0.229222282281898,0,NaN
0.000838043187843354,0.0191822707908238,0.0605773123058525,0,NaN
3.39445822738789e-05,0.221231421564494,0.493921804214128,0,NaN
0.000664814904114218,0.0869853197856966,0.332525137161952,0,NaN
0.000110942269500484,0.106627103961201,0.111566292901994,0,NaN
1.48936533349485e-05,0.291386508518215,0.419233175352667,0,NaN
4.9687643946651e-05,0.030545576109097,0.150195664468132,0,NaN
0.00137007511446059,0.315983317888383,0.250404091528884,0,NaN
9.10141873324958e-05,0.298673738985538,0.375182997612975,0,NaN
7.23385956247164e-05,0.451281710968298,0.213505062537104,0,NaN
0.00186798040450119,0.498636296044582,0.486442352736436,1,72.12
2.14465514877646e-05,0.489333281988052,0.206391724898937,0,NaN
0.000127306083143743,0.397618451094303,0.0386108718602088,0,NaN
8.28916230089314e-05,0.288836833857163,0.470326991893336,0,NaN
0.000507981134412142,0.473086961083298,0.136369097081937,1,81.62
0.000133084716708342,0.132207895313829,0.298443903387552,0,NaN
0.00177392016131507,0.0386946695870486,0.229503390439025,1,21.11
0.00334595916748736,0.231827626715419,0.439330415927316,1,23.04
1.47184645899332e-05,0.315284208686297,0.177907955552133,0,NaN
5.5285971341842e-05,0.0597989093702712,0.31217963780073,0,NaN
0.00267642389434783,0.23649789518926,0.0574170965449247,0,NaN
0.000111830118139333,0.022805314753891,0.331123366333325,0,NaN
0.00227444316160579,0.0817716212359329,0.133368364312306,1,18.65
0.00390529741362949,0.40105907952689,0.146288281232694,1,70.78
7.37530637196209e-05,0.0829558368966696,0.282470724480816,0,NaN
0.000513770364701704,0.379160650048718,0.475155797102634,0,NaN
0.000924831646546618,0.468217514569256,0.482138350197479,0,NaN
0.00125996592309472,0.079356006376273,0.382447347632559,1,57.36
0.00768555514155813,0.423860677441478,0.182630516430468,1,75.66
1.72755964127689e-05,0.405830007106688,0.160842231825849,0,NaN
0.000613901999781365,0.474807843909636,0.116315981682956,1,35.31
3.07866138574448e-05,0.371757437607839,0.186840791371013,0,NaN
6.15573355222584e-05,0.250072411816552,0.116310202283736,0,NaN
0.000398149517791174,0.379839873144675,0.315306509489873,0,NaN
1.07482397192396e-05,0.400849067158254,0.352052309494188,0,NaN
0.000122506700405154,0.0295364423035301,0.215053615929168,0,NaN
3.03175385342638e-05,0.455852295574571,0.413124774786893,0,NaN
0.001876948088578,0.185942314171707,0.0390662174538575,0,NaN
0.00307562394764744,0.163908476648567,0.177064242448267,1,15.98
6.81038832827796e-05,0.199467620094217,0.303840977149011,0,NaN
0.000397924084295287,0.0136762591695492,0.108355796223655,0,NaN
0.00683817590130695,0.257935681279808,0.0359819345596275,0,NaN
0.00127960169808197,0.286480387911024,0.451765882416879,0,NaN
0.00230056374311754,0.282130388876263,0.271590777038198,1,13.12
7.10625816807415e-05,0.381654549227482,0.0364478540690654,0,NaN
2.26547698038314e-05,0.064006354169709,0.474846068370637,0,NaN
0.00193532894133179,0.151949694434894,0.310922895062986,1,21.42
0.00588399943646891,0.457201735759266,0.0373603514099864,0,NaN
0.00506324326882443,0.271096169587323,0.0151496306682766,0,NaN
0.00114364157120569,0.454090799536737,0.029549420770789,0,NaN
0.000151975125537352,0.358241271515778,0.201143273016438,0,NaN
2.41315069539155e-05,0.293050074898618,0.245197090327092,0,NaN
0.00491349561499244,0.126344322207586,0.132128534991806,0,NaN
0.000318395580718489,0.460193204320439,0.251223329624547,0,NaN
0.000388165374719078,0.122228740755186,0.299217940961046,0,NaN
0.00434722928046173,0.314154175742153,0.35044232730666,1,9.34
0.00370985759614741,0.129095930355758,0.257457528966675,1,18.87
2.00523210829193e-05,0.131435361807145,0.0714717402677812,0,NaN
5.29973109401845e-05,0.285659145690711,0.0540584093535502,0,NaN
2.85872770710983e-05,0.354922315882081,0.208277340596275,0,NaN
0.00113384051782559,0.0272818815337619,0.201351730566212,0,NaN
4.39578355557259e-05,0.131954982637252,0.445897239858699,0,NaN
0.000364624740671348,0.467226259912515,0.391733120405107,0,NaN
0.000180019004502079,0.459490647741334,0.444022901867005,0,NaN
1.94092992431202e-05,0.0162672294644781,0.354992098902917,0,NaN
0.00725186774216273,0.345161946704899,0.216456005172492,1,51.81
2.37225480901245e-05,0.244738932539313,0.212607879603074,0,NaN
0.00260184783501908,0.30417107867692,0.457406830725846,1,37.16
0.00056944745284433,0.337752716228713,0.0463808363760644,1,89.04
0.000161223412510299,0.457018408082787,0.0228452044935142,0,NaN
1.18346719167356e-05,0.173254249408832,0.224882901854921,0,NaN
0.0004741043090933,0.0648423193529547,0.27647094853823,0,NaN
0.000178475592744824,0.188797381276628,0.46399920748293,0,NaN
2.47980781374108e-05,0.221447245312816,0.302808482948742,0,NaN
0.00755757684344241,0.0164961608858009,0.316506225767473,0,NaN
1.6807924261131e-05,0.219323560187989,0.360044895162437,0,NaN
0.000157306042528521,0.197175525181349,0.254217668475789,0,NaN
2.88746338490845e-05,0.191806047192921,0.349036196755611,0,NaN
0.000122606545275795,0.269928938528449,0.0815962376523136,0,NaN
5.49200193396571e-05,0.110973847320941,0.114559477981101,0,NaN
4.07187662026145e-05,0.282682847773775,0.130811818222132,0,NaN
0.000282242654899467,0.0784402622822774,0.0326158767434403,0,NaN
0.00123782407005579,0.476647893712237,0.146972414003391,0,NaN
0.000170598389801221,0.365169614294898,0.376418182962005,0,NaN
0.000143552915359366,0.418156195940501,0.111224933723333,0,NaN
2.46858526191001e-05,0.191483787118573,0.0138270821392992,0,NaN
0.00120022860679786,0.407523919609442,0.105406485641569,1,30.12
1.40237727743115e-05,0.326479132127833,0.442855686679684,0,NaN
0.00710846114377699,0.216289449654735,0.394463875961831,0,NaN
0.000241541025547002,0.472671739229467,0.444237909333563,0,NaN
0.00175077131903275,0.456885358752551,0.258662731260073,1,26.71
0.000390496963672888,0.27285888490054,0.0758660083995745,1,34.66
0.000481581390930846,0.163248048732862,0.253874559656727,0,NaN
0.0003313172519436,0.195442686812522,0.400428655005646,0,NaN
0.00016180386346883,0.432952294278975,0.0320276276209385,1,85.84
0.000354558436606392,0.166504074692291,0.338245202873045,0,NaN
1.31656810317534e-05,0.383210624860861,0.334264292784907,0,NaN
0.00400923193306802,0.216677477985985,0.491383960166793,1,23.55
0.00209570041179799,0.216408253582624,0.0832144287277802,1,13.6
0.00803654455312661,0.229292769488239,0.120813008090317,0,NaN
0.000547118859856973,0.0983165196467508,0.295898268333889,0,NaN
1.31761388048772e-05,0.339400223172537,0.123822040528751,0,NaN
1.01271684446525e-05,0.203848900935688,0.285838803568678,0,NaN
1.91466030222683e-05,0.492714862641851,0.18540047042296,0,NaN
0.000338538090278395,0.0835969708543114,0.447004758277032,0,NaN
2.99400669308309e-05,0.237698587965217,0.472640989780702,0,NaN
0.000239122959047514,0.131392199448258,0.38875110943384,0,NaN
0.00138036505326912,0.36385393554203,0.160495135275028,1,28.66
0.000153963824095019,0.428137365141856,0.366728149363812,0,NaN
0.00627889447739896,0.493978941446215,0.127922388906007,0,NaN
6.15856026391282e-05,0.0230564437333745,0.349320639365638,0,NaN
0.000330911540831259,0.152204029144058,0.140165448164881,0,NaN
0.000649976537615758,0.0402598508764766,0.497783234125738,0,NaN
0.00372779641418165,0.381291751510318,0.31048730363737,1,13.96
0.000713370231665744,0.386729657031272,0.397671037706191,0,NaN
0.00304655607997984,0.0449123580899412,0.320740120990214,0,NaN
0.000245007870568036,0.0533024375558975,0.0617267308596,0,NaN
0.00151290106754184,0.357286025161445,0.319143468119371,1,45.02
0.000280363032042185,0.31458788390581,0.225026331693838,0,NaN
0.000310392743090282,0.387499513961653,0.166202473581578,0,NaN
1.87329102639946e-05,0.29853671975864,0.139538284767623,0,NaN
8.3712454145647e-05,0.285259786789708,0.26620350772446,0,NaN
0.000846018752497595,0.449174633228869,0.111760678173113,1,23.23
0.00019090297066633,0.451008402031223,0.254220982883907,0,NaN
7.77705442913256e-05,0.338625355824304,0.322104102156017,0,NaN
0.00257875688028511,0.30737585670425,0.464847423294207,1,52.34
0.00021786036533969,0.137445249351863,0.242896652934081,0,NaN
0.000850630576343967,0.276060628231167,0.103828032039046,1,29.38
1.05213109818482e-05,0.118814626481698,0.382418255729706,0,NaN
0.00086039787575716,0.339427004839592,0.143394747601202,1,23.52
1.64841244331348e-05,0.022915077140793,0.45092961022596,0,NaN
0.000603680222293826,0.0889462750346697,0.111701088502701,1,25.99
0.00612833566620492,0.227659798842076,0.0650815538753238,0,NaN
0.00274265448519677,0.0130093375802339,0.179255832520697,0,NaN
0.000683201139869581,0.456263108092572,0.299871939951997,0,NaN
0.00024400010348405,0.41954238452554,0.41786991365971,0,NaN
0.00118622949880683,0.0516762784113747,0.0395494648125389,0,NaN
0.000137217363574263,0.233022829973928,0.395416301386836,0,NaN
0.00830762036736339,0.13175391186542,0.0337467494112347,0,NaN
0.000212174551362198,0.330469296086374,0.0725692573231791,1,62.33
0.00587219684956682,0.328858259829343,0.0932635789549866,0,NaN
0.00103322504790397,0.344028103765823,0.452996032468826,0,NaN
0.000222164168094066,0.382335763536673,0.202727305973827,0,NaN
0.0094515327516809,0.458288003871477,0.359190177797552,1,13.61
6.1429710729149e-05,0.0960265832191349,0.140205169374694,0,NaN
0.000327970372534787,0.0178391040735684,0.180558151629909,0,NaN
0.00395354053522251,0.0806980788697947,0.427904490745532,1,5.85
0.000428299812970756,0.189753453875816,0.499639197604531,0,NaN
2.42160416325726e-05,0.336492620488271,0.0584916077679481,0,NaN
0.00575762649810797,0.141100247501292,0.171725362537566,0,NaN
0.00017245353226281,0.440980602527375,0.316461859304628,0,NaN
0.000339355787522477,0.480148828759348,0.165136550315414,0,NaN
1.87668768168283e-05,0.137141692880994,0.163248596322979,0,NaN
0.000889914213280232,0.163429384316009,0.431477152678021,0,NaN
0.00360337817224879,0.385470824429704,0.268612221357741,1,9.32
0.00178873103865493,0.394763814373529,0.122561769275729,1,36.87
0.00147370999093552,0.0873634157419548,0.174271852993841,1,22.64
0.00207616463339127,0.0328735277639881,0.123212372969483,0,NaN
0.00010759666538525,0.376586602270089,0.354945922358851,0,NaN
0.000384587279818351,0.277314084455657,0.207546636855285,0,NaN
0.00601073819817843,0.061614658487829,0.222217354761833,0,NaN
0.00539343569658586,0.398689965183184,0.331033638557264,1,8.75
0.000373370253691331,0.369601973877729,0.104230296013031,1,48.27
0.00109792576037276,0.295256122941734,0.481364837722468,0,NaN
0.00470922542948876,0.238965826849809,0.476215383721294,1,16.85
0.00790734664427684,0.105591716380841,0.202640135938759,0,NaN
0.000226798647436953,0.460972614466541,0.134861929327688,0,NaN
0.000415598338934476,0.156799084546345,0.0253402070379199,1,79.86
2.48045328708829e-05,0.456853889732341,0.304727287519063,0,NaN
3.32645607579874e-05,0.0315183845234972,0.122381310469837,0,NaN
6.96068492867051e-05,0.281561222326071,0.124537267913392,0,NaN
0.00167908894656248,0.201723061414717,0.450030585180132,0,NaN
0.00214601906966256,0.166337418232191,0.0736892150936873,0,NaN
8.531429604519e-05,0.461924263946101,0.45450499117361,0,NaN
0.000669006093175939,0.13093175049815,0.221961991700212,1,64.83
0.00207176823940349,0.41595553865844,0.19091694764483,1,28.52
0.00484299409243453,0.396787693374104,0.238708340427433,1,22.61
0.00121712537054188,0.112920486480775,0.088951322929948,0,NaN
5.98271141063453e-05,0.321589461678211,0.120589045964784,0,NaN
0.000569977532087081,0.0145331327247396,0.0893255031330357,0,NaN
0.000115740128203737,0.27422096036056,0.414588314310477,0,NaN
1.57941019542531e-05,0.428478309400376,0.408102868584227,0,NaN
0.00684250590498387,0.0799205436210865,0.224752903559845,0,NaN
0.00806308063149058,0.0295629141052152,0.287380214345812,0,NaN
4.73947863266141e-05,0.208701752076319,0.0535891863709443,0,NaN
0.000540695212182877,0.034245756661391,0.371603300684464,0,NaN
0.00257200618046215,0.491165742165874,0.494469260465906,0,NaN
0.00601508020394375,0.243965117333266,0.233376840735104,1,21.02
1.52319205630708e-05,0.104961565664416,0.250312216843501,0,NaN
0.00197601772115888,0.237118141592609,0.374827321012366,1,32.73
1.60242947420364e-05,0.359042464787238,0.0738747007966981,0,NaN
0.00751249443466667,0.283903705686041,0.0636839896272644,0,NaN
0.00319606903803871,0.0128112651873475,0.109352484211146,0,NaN
8.80257714216902e-05,0.260885232707362,0.290425384713528,0,NaN
0.00169483186581452,0.468961422805903,0.266901329969639,1,31.48
0.00976759918337479,0.357081432868966,0.272188721090519,1,32.59
0.0042730915053653,0.298594133223924,0.39045240375164,1,11.29
4.67240273877331e-05,0.0635819181876104,0.474885198066875,0,NaN
0.00797553121466725,0.394700713048652,0.0398496077220761,0,NaN
9.18419135105738e-05,0.249585990328372,0.461402133368133,0,NaN
2.84736249959118e-05,0.229398590708848,0.427245746660079,0,NaN
5.39216731924206e-05,0.180056672592671,0.0389726243551353,0,NaN
1.49759026425922e-05,0.291245645691388,0.239136748852676,0,NaN
0.000868115540635744,0.191992123425538,0.324473497229465,1,77.05
1.31080533687445e-05,0.0458642825068827,0.239314535738591,0,NaN
0.00572795421021192,0.065491890946482,0.295981346143571,1,14.74
0.000147271672629725,0.493140649840479,0.422087700450984,0,NaN
0.0028514512201336,0.0317295659270028,0.209160232518255,0,NaN
1.05583042527487e-05,0.479808402710593,0.0807804397830452,0,NaN
0.00792633969131514,0.306496834450877,0.121723276163091,0,NaN
1.90149061121628e-05,0.34322453650089,0.0844161115844735,0,NaN
0.00537754787473176,0.386575223760644,0.119864442442493,0,NaN
6.79859295135598e-05,0.178346595826973,0.253834111561535,0,NaN
0.000428325432895754,0.0439426499653565,0.285652283098873,1,87.23
0.00020668630293644,0.211773666384803,0.121946127198257,1,93.1
0.000601103848769226,0.495992385367011,0.0536813162946994,1,59.6
2.47684884510623e-05,0.143963843327415,0.326694309324779,0,NaN
8.55744200928308e-05,0.274582865925334,0.0709337689907046,0,NaN
0.000280981558400842,0.284645247693182,0.157719183562976,0,NaN
4.77627521733525e-05,0.414082580158183,0.052892342219311,0,NaN
0.000127070826685536,0.344643299049401,0.439384216006683,0,NaN
0.00176690127654512,0.275364099937268,0.222528579865206,1,12.87
0.000786044877666449,0.457745275059715,0.475469015779695,0,NaN
0.000166691163527669,0.364803766224635,0.0272147037370648,1,79.81
2.78343502322463e-05,0.320769963174548,0.134047709443965,0,NaN
0.00374142146529469,0.174825198851179,0.213365984577763,1,25.36
7.58898383123181e-05,0.367098362066978,0.388076744694548,0,NaN
9.07120788849087e-05,0.459098585795261,0.223384500918881,0,NaN
0.00959742553735062,0.0763211571880687,0.491692181191459,0,NaN
0.00302799659983799,0.360354585833793,0.393146211072142,0,NaN
0.000889526514451191,0.141876404132789,0.276354382165626,1,61.14
0.00906251882162953,0.405783697134965,0.304913156555792,1,29.3
0.000209010178954173,0.213854383420118,0.201509570423365,0,NaN
0.000239316532508875,0.0178783662774137,0.330306824744694,0,NaN
0.000397023834044821,0.0133442259997674,0.0869397776247688,0,NaN
4.19737491923198e-05,0.0515598198002359,0.113865179524207,0,NaN
0.000308718319477056,0.0375499320698928,0.398493173637211,0,NaN
1.47451777813785e-05,0.225138452209694,0.35354053841446,0,NaN
0.000462131893924059,0.284399630230965,0.126524070119843,0,NaN
1.24295101443879e-05,0.016426662976772,0.224585358531433,0,NaN
0.00165133245814028,0.194828938412124,0.424010501359062,0,NaN
7.57321347218251e-05,0.0799445913030268,0.0354234854877614,0,NaN
0.00988554547932166,0.49242340452889,0.144345790779375,0,NaN
0.000210639273403512,0.486927683069649,0.476496484257315,0,NaN
0.00798445455115688,0.292069690315776,0.482107192703044,0,NaN
0.000554382944000804,0.416813152866197,0.261308254025222,0,NaN
0.000194278662645487,0.0654231411799532,0.201096538059648,0,NaN
0.000904079408054932,0.182462726721594,0.462778393040447,0,NaN
1.50324198628591e-05,0.470095944826659,0.461780054037578,0,NaN
0.00294972489866401,0.312080546836718,0.105967495275495,1,78.18
9.51972242407717e-05,0.0853176546779036,0.221138718545852,0,NaN
3.56514061049525e-05,0.242709274037581,0.26999196479884,0,NaN
1.09473829918473e-05,0.496185334924024,0.199508052335303,0,NaN
6.49341005356513e-05,0.0926729200762951,0.420848958028174,0,NaN
0.00422714775917308,0.291600823711849,0.12945340112189,0,NaN
0.000439665149325748,0.297534784505103,0.296589747766871,0,NaN
4.06903512820028e-05,0.365931680395008,0.0870565094293647,0,NaN
0.00327190832554619,0.136935522010145,0.103787875046651,0,NaN
0.00042170838770838,0.483992563694131,0.0233460026015008,0,NaN
0.00600754509823549,0.298526005730076,0.452803131328547,1,9.81
3.29874458434941e-05,0.351982479863344,0.0201255058243833,0,NaN
0.000605979435846639,0.0814539755319558,0.350601904532069,0,NaN
0.00115226370286527,0.157692001874414,0.178858142582428,1,14.01
0.000218532288442482,0.201210035086205,0.35889921680227,0,NaN
0.000219934725998743,0.0245945442868838,0.185329501969302,0,NaN
1.09274432997673e-05,0.483940475887369,0.196845242440178,0,NaN
0.00398837502096004,0.0543064423755582,0.120846872614295,0,NaN
0.00498752649631843,0.303192461547167,0.319132936151057,1,12.83
1.76208594776995e-05,0.0659629060058981,0.0740309881047398,0,NaN
4.22767380076614e-05,0.274844861791245,0.304870825294217,0,NaN
0.00637714673062128,0.259936592584988,0.0646113072889553,0,NaN
3.7876394342512e-05,0.30794652442228,0.0543689006787872,0,NaN
0.000251400522249122,0.406691068419018,0.389908668549969,0,NaN
0.000796898709563684,0.352815259953396,0.439564209717104,0,NaN
2.0514248259862e-05,0.0191918428358075,0.0390270904388429,0,NaN
0.000494511482213294,0.105343787345251,0.0354106824348107,0,NaN
0.00535814151305488,0.0555075433882645,0.125539793520669,0,NaN
0.000132265551665353,0.219401630364625,0.42481690407964,0,NaN
0.000688138662954838,0.49759992925513,0.167931757532443,1,55.64
2.29087117669634e-05,0.267221048844083,0.228546141114956,0,NaN
2.02711442236412e-05,0.0338101739523126,0.290194042937752,0,NaN
0.00513901998189619,0.393906035874906,0.376252318525089,1,9.93
0.000126790472256889,0.079288249254982,0.122299693865914,0,NaN
4.91578900272242e-05,0.270191131406837,0.1732969790301,0,NaN
3.57760028694568e-05,0.230424231891077,0.314296074735531,0,NaN
0.00974986157533973,0.445742425574468,0.363773732087593,0,NaN
0.00115741418270112,0.157719498527813,0.389020104315437,1,71.12
5.38147221531347e-05,0.0137129022934131,0.120791165704368,0,NaN
8.2556465098944e-05,0.411601242468675,0.403912923389395,0,NaN
3.05476514348317e-05,0.414570972002544,0.333006115203279,0,NaN
0.00118660393823764,0.0719319642528124,0.0606724562438717,0,NaN
0.00710765745805935,0.146112913266297,0.240162162700815,0,NaN
8.92860218877104e-05,0.396121458155629,0.0775695686695034,0,NaN
9.51620864641076e-05,0.437360271495962,0.0544384934531102,0,NaN
0.002568994156869,0.11155912139463,0.0813890818082115,0,NaN
0.000251487048582197,0.454430637639498,0.172723735660585,0,NaN
0.00145206917255781,0.349697156105582,0.164401483214444,1,29.31
0.000226345559054983,0.041617115629711,0.334083557972197,0,NaN
0.000703127128329696,0.491128898345421,0.25186934910382,0,NaN
0.000967768415009287,0.167931198062684,0.334216691271618,1,93.56
0.0074202538731063,0.236161717101194,0.247053884749306,0,NaN
4.02537120514037e-05,0.391141226327206,0.465613205760489,0,NaN
2.3795450926852e-05,0.269090881622269,0.336254918976675,0,NaN
2.64177434355662e-05,0.275891117244754,0.433395873634993,0,NaN
0.0032167606308674,0.111922619589271,0.293830347879833,1,7.81
0.00937583679665112,0.270495927282745,0.275887891358982,1,19.29
0.000800431201862354,0.159393837931108,0.16355535088708,1,22.3
0.000158310471005458,0.189719701677596,0.0292579145743104,1,59.51
6.6922296457684e-05,0.111035038874339,0.395812584885378,0,NaN
5.97350861111196e-05,0.243351078392992,0.484392370081428,0,NaN
0.00329369313966558,0.215792514331655,0.17106900336346,1,26.12
0.000817236521888514,0.487069157717216,0.0635839561898391,1,44.5
2.18051228177053e-05,0.242201509356263,0.127616379341627,0,NaN
0.000225820993793638,0.177936285778684,0.0901937314964219,1,64.88
0.00300658011570453,0.452779989531298,0.227288805010608,1,18.02
9.7966258129852e-05,0.330203037467339,0.425483465984499,0,NaN
0.000280942475184938,0.184156549104197,0.475362075051093,0,NaN
1.94250549153558e-05,0.408182974444298,0.318929750984799,0,NaN
5.23604506781482e-05,0.20639166757762,0.0869369529574798,0,NaN
4.77119206984201e-05,0.13102241630858,0.142194622045575,0,NaN
0.000631207322945078,0.0522337194494837,0.470028108709199,0,NaN
0.000301773079921013,0.340005573893611,0.293254392070426,0,NaN
1.08539279855935e-05,0.197284631273968,0.113853149025696,0,NaN
0.000203407087841701,0.391348174482462,0.232621454928128,0,NaN
0.00993812672619402,0.035924733036433,0.342884051565097,0,NaN
0.00982439559595463,0.217735777691571,0.178073815464185,0,NaN
3.69178407245145e-05,0.190537152344958,0.392058545292925,0,NaN
0.000647000305044483,0.122586326381766,0.254567616823267,1,64.75
0.000381612459682366,0.352762557244917,0.2464494561721,0,NaN
0.000360227786629366,0.448482694076163,0.44584715861216,0,NaN
9.22057494177325e-05,0.452932325401653,0.183029166265972,0,NaN
2.97566711293773e-05,0.0476510005860252,0.498676990667273,0,NaN
0.00639668951853213,0.479292786991139,0.460262353039577,1,18.39
0.000215662829488534,0.442003865917486,0.118812376397557,0,NaN
0.00729100958204538,0.104022997018621,0.137008367322356,0,NaN
7.95941846025049e-05,0.489815466285976,0.0668938952438391,0,NaN
0.00126844528414408,0.186067442926665,0.316458525534139,0,NaN
0.00665025715977287,0.0180934615893198,0.494340517223692,1,18.37
0.00161366787557589,0.0205844500353811,0.436794912366895,1,71.91
0.000528568832928841,0.335335766888967,0.277193239330071,0,NaN
0.00019608723703728,0.161138987449159,0.367662847985963,0,NaN
0.0015781127716023,0.498404793055688,0.279531843725248,1,50.65
0.000961393757393047,0.0409904940645552,0.460567205841059,1,81.13
0.000367346953494393,0.396869264335277,0.0516546038277585,1,40.14
0.000103716675222972,0.291935349268976,0.0697491894272793,0,NaN
0.0095037986858432,0.348994281735161,0.476936640978647,1,6.73
0.000979488333869344,0.0555604126984197,0.474560099277222,0,NaN
0.00320496903605859,0.0949735595124404,0.460757193876946,1,20.19
0.00130963027193509,0.341451742172587,0.131007299031644,1,26.73
0.00122225744695756,0.273833016086671,0.342269297940293,1,55.37
4.03987936892603e-05,0.410034167497948,0.308503329751334,0,NaN
0.00716282184980912,0.172554393561625,0.010172735160882,0,NaN
7.090365975892e-05,0.277230161510415,0.329806572034204,0,NaN
8.06007694998494e-05,0.350455524527105,0.211768093109133,0,NaN
0.00442146409850828,0.210309914942759,0.375765044785313,1,8.74
1.89246116049511e-05,0.323424685197132,0.129986055255828,0,NaN
0.00113516554141493,0.0928557396711583,0.425787835660954,0,NaN
0.000117173671581386,0.276363805386151,0.434699935619685,0,NaN
0.00028378069967215,0.0906280486554347,0.48484856323798,0,NaN
9.01751667210754e-05,0.435328639938743,0.408423964376988,0,NaN
0.000749267411671542,0.261441905703233,0.0780560464278815,1,40.4
0.00144683800954385,0.280741850716991,0.381844230202066,1,48.43
6.45669424061993e-05,0.278618670207348,0.0315646480761256,0,NaN
0.000906057100343334,0.236752595574095,0.250901216211267,1,53.7
0.00757050082231342,0.216798892867629,0.385502579981392,1,11.7
0.00368834140700099,0.394831173750204,0.067480930403546,0,NaN
0.00745192919394809,0.441356114566714,0.438455762523261,1,10.04
0.00283692308192448,0.443473747083843,0.256692961071278,1,16.39
0.00383293674038117,0.445148843277576,0.0649905929580097,0,NaN
3.69144337161511e-05,0.494932680243812,0.334592349284059,0,NaN
0.000350307017949018,0.228594012255471,0.345246325740189,0,NaN
0.000581041535150792,0.326931687431197,0.0531338858962996,1,78.96
1.568233429715e-05,0.234878728656648,0.0351118679745764,0,NaN
0.000131997164775691,0.421909944283834,0.452827034688791,0,NaN
7.62474815674075e-05,0.0142531738477379,0.231626534518757,0,NaN
0.0014068520385706,0.441666103365947,0.194377652691488,1,27.01
0.00403473229025775,0.344853241230856,0.170622427678968,1,48.11
1.41881968263024e-05,0.345328620247857,0.432107842061027,0,NaN
2.18915914753973e-05,0.0452008477825617,0.193310568345922,0,NaN
0.000151646128781529,0.148022656503308,0.290682792195624,0,NaN
0.000117132218351645,0.437776567479424,0.464638313279586,0,NaN
0.00396098874703744,0.046088725743859,0.436457302102496,1,19.13
9.27771055909171e-05,0.182170112895346,0.0426818636297619,0,NaN
4.62597624231125e-05,0.243180985408395,0.487143194746181,0,NaN
0.000477640881302457,0.300928128430702,0.146741682429485,1,63.98
0.00906429905847149,0.434834430689402,0.280352051585847,1,36.9
4.47799419948348e-05,0.462157423739529,0.437945491108005,0,NaN
0.000698183851785216,0.0551611011561412,0.468132878546818,0,NaN
0.000112234091226875,0.407473383722515,0.344236697560139,0,NaN
0.00118022522943685,0.126765909990324,0.0398384757618791,0,NaN
6.40496164111028e-05,0.366225758146864,0.235459556123001,0,NaN
0.000102448049671878,0.342281561065899,0.368991680338559,0,NaN
0.00229411180565263,0.395215718689322,0.264011190115135,1,20.71
1.12322604471921e-05,0.0672211391241663,0.481803964438085,0,NaN
0.000909616299289132,0.324446622735142,0.165946190670858,0,NaN
3.47018257940731e-05,0.361123732483694,0.344426597747147,0,NaN
0.00627246202709822,0.442550018592434,0.141672609843015,0,NaN
0.00827311386022142,0.121834039717255,0.415798543386071,1,14.41
4.21096763480869e-05,0.0999877898678649,0.372304489416917,0,NaN
0.00759922844358671,0.4007834103112,0.20696400253866,1,61.03
0.000800692993813584,0.0368850520100826,0.259200358108467,1,51.88
0.000279610200665163,0.43279096900927,0.210649000245224,0,NaN
0.000756302546237914,0.262324528021626,0.313213063444539,1,85.94
2.19960019554802e-05,0.196195677767095,0.190104505645999,0,NaN
0.000331483723195571,0.231297693716582,0.128726860594669,0,NaN
0.000875478464992311,0.360615276481904,0.223671176107085,0,NaN
0.00136129562310167,0.263522299662957,0.198803555684808,1,21.83
0.00425068969397145,0.0828780653126975,0.0331216623149131,0,NaN
0.000208562243786355,0.336880249578249,0.0438487531611702,1,60.39
0.000104738377958381,0.0327369024745335,0.440998630143458,0,NaN
0.00929617651889261,0.22618339266577,0.209442723014152,0,NaN
8.79707990385623e-05,0.167569567106825,0.259515537501215,0,NaN
0.00603731864945299,0.0738596750362387,0.070527434954887,0,NaN
7.21109754059496e-05,0.445407404433492,0.204913020912153,0,NaN
0.000239075420683773,0.395231556582223,0.371888253831931,0,NaN
6.0866622807587e-05,0.040351195724399,0.440549867559177,0,NaN
0.00287349099117117,0.351624179982106,0.21314431930319,1,32.89
0.00173985152838875,0.287757433366206,0.181708173253844,1,13.08
2.52148473536057e-05,0.234957228927593,0.377666190003824,0,NaN
0.00197582054732783,0.399078618294428,0.296301483652042,1,29.14
0.00167454017873251,0.271072661746337,0.0468162410829534,0,NaN
1.46622134558314e-05,0.412165875917084,0.446544070890741,0,NaN
3.49107403821581e-05,0.372477144133468,0.41244089556869,0,NaN
0.000189624391350768,0.232269503102659,0.191836763466083,0,NaN
0.000186463949767984,0.230271474110825,0.361566034395652,0,NaN
0.00759262156618442,0.035006687690615,0.238661111760342,0,NaN
0.00287908581773431,0.409334037222655,0.376097191283728,0,NaN
0.000120463487920457,0.110994216630686,0.393820354374225,0,NaN
0.00382766351150157,0.213727742685311,0.0119887554619175,0,NaN
0.000260571098082388,0.414624936455817,0.217094287289681,0,NaN
1.32647443936257e-05,0.124500074636702,0.205428914036203,0,NaN
1.72587176991969e-05,0.0490955290065221,0.145074311634492,0,NaN
5.35775783990774e-05,0.297026535366836,0.424620142532179,0,NaN
0.000763812715587624,0.399745346307797,0.136891959248913,1,30.14
0.00361061742765491,0.368619788680064,0.222500330374536,1,17.86
0.000905040486097917,0.0665190238001844,0.171144887689934,1,36.34
0.00082481762337345,0.15441564878465,0.252194712405878,1,53.64
0.000144545882986783,0.149326840060959,0.226890531417264,0,NaN
0.0010070071524492,0.0646434893666106,0.0226958747459967,0,NaN
0.000411302158308733,0.34375496217293,0.261494678740406,0,NaN
0.00399965878688239,0.455698446625463,0.250746644511118,1,17.56
1.28347226140335e-05,0.349715008674381,0.495616974046233,0,NaN
1.05084657378036e-05,0.347274534649532,0.305235124363337,0,NaN
0.00137893949866599,0.14779339816072,0.48218790704416,0,NaN
0.00951522001888103,0.488901112894964,0.113874686141912,0,NaN
0.000889401619649223,0.319770617561723,0.398370503517989,0,NaN
8.87360306998445e-05,0.158944469368504,0.0245371086104027,0,NaN
4.12299863846953e-05,0.290882907936427,0.457726533119251,0,NaN
0.00441904001492891,0.0195512583707626,0.347588379816279,0,NaN
0.0096939285834485,0.355906633495929,0.227497031243725,1,55.48
7.1098763879547e-05,0.228431814149972,0.029675558697249,0,NaN
0.0027940581377786,0.110674037939846,0.416382204278751,0,NaN
0.00725590067882898,0.0690973272475005,0.234083345338629,0,NaN
0.000265686721518083,0.0168905286223537,0.268955338616951,0,NaN
0.00929253223227994,0.455373359633715,0.18817611252357,0,NaN
6.1181471622459e-05,0.062249687462406,0.496198399872614,0,NaN
8.53682066472307e-05,0.409586548790747,0.312295493516243,0,NaN
0.00276247911862436,0.490235610307334,0.325262081771503,1,31.93
0.000488698263995319,0.296606207121279,0.0309962544350586,1,76.19
2.57028509801519e-05,0.319961075256847,0.490779410031847,0,NaN
0.00151719186646504,0.0368330339495462,0.390034084626724,0,NaN
0.0036935340601282,0.25577932222553,0.210003918138813,1,30.36
0.000843219998444433,0.313438137772132,0.15821837582559,1,31.51
0.000129725723044785,0.270411945782759,0.326730875697022,0,NaN
0.00599224640034749,0.0998476823096413,0.185329358315044,0,NaN
0.000152168197684126,0.105304429563431,0.202854307935118,0,NaN
0.00290794231104762,0.257865581641008,0.0520729564003392,0,NaN
0.00311684419263448,0.109196104883603,0.440198334998421,1,22.21
0.00159027464312295,0.117824984767763,0.489014422500415,1,71.56
5.3592112238568e-05,0.308122940374101,0.299612630698529,0,NaN
5.95892690089872e-05,0.470404769726608,0.0467284189048827,0,NaN
7.99729718826461e-05,0.158252177531902,0.201100301256491,0,NaN
4.92687519556911e-05,0.292537886766038,0.209941017046657,0,NaN
7.70492356360131e-05,0.0871621064164542,0.117102296152007,0,NaN
0.00303303900775755,0.155252123863626,0.0889560749573033,0,NaN
0.00256219376523059,0.443165581669984,0.302788571477992,1,26.7
0.000274796628742754,0.341182436869155,0.277117417451365,0,NaN
5.95514816992484e-05,0.222935258473912,0.287161352133369,0,NaN
0.00649790039467374,0.0439234912579543,0.498822174576593,1,14.95
1.49386606962035e-05,0.304971363439188,0.221327723544233,0,NaN
0.00809068106756284,0.378850100426408,0.477401401350363,0,NaN
2.86253174265931e-05,0.185545877369367,0.138978433667705,0,NaN
4.49005373903426e-05,0.0286509502523129,0.0474920971383976,0,NaN
1.20120492046974e-05,0.102615334929249,0.480711385607923,0,NaN
0.000110138348945967,0.213095457874153,0.371022391300033,0,NaN
0.00526441721089523,0.115808555500411,0.339449281077544,1,10.74
0.002383282277195,0.0728487961798896,0.494933971148022,1,61.66
0.00102064692843497,0.350231947253633,0.0380910786690275,1,64.85
7.3613238604715e-05,0.0486363530416762,0.368655732434034,0,NaN
0.00504889816000315,0.0109009246679845,0.266245042218471,0,NaN
0.00078218538281093,0.241275923495496,0.0748186976138339,1,60.77
7.56508232140382e-05,0.0650462334380236,0.0362061948042168,0,NaN
1.03771747159929e-05,0.469189922109952,0.153570864198448,0,NaN
0.000408553920610867,0.214873307604173,0.166421898833587,1,70.25
0.000455303921139177,0.152431970055906,0.330656761657356,0,NaN
6.51015110860495e-05,0.371408525001669,0.41311498345105,0,NaN
0.000203981486223542,0.188345667605506,0.157969261942309,0,NaN
0.00268169713051436,0.128706413476203,0.435658443730282,0,NaN
1.33934289527714e-05,0.217535131448511,0.463343385149857,0,NaN
0.00555843123530928,0.488340317211686,0.356928006857624,1,11.79
3.55662969368519e-05,0.181512110334276,0.362993768022177,0,NaN
2.62470389871454e-05,0.2060049079899,0.380082673787811,0,NaN
0.0024468771118677,0.233290426361515,0.107712397250897,1,8.55
2.26691158746763e-05,0.36068043625846,0.111442222100421,0,NaN
4.57594588340453e-05,0.178918875058607,0.292245299205745,0,NaN
1.0229115088882e-05,0.479548719141359,0.35845345303912,0,NaN
8.26652792228351e-05,0.141787428195137,0.155178453237878,0,NaN
0.000381368462296697,0.39089692772985,0.343680970103606,0,NaN
1.91633165916958e-05,0.110136454181394,0.246744422743908,0,NaN
1.48320366402719e-05,0.0103053589508669,0.220883090635512,0,NaN
1.31461376998275e-05,0.422058047563048,0.20400772180454,0,NaN
0.00142718316312345,0.311749694710286,0.449085408781529,0,NaN
0.000101935671332294,0.488317610842895,0.475082652908249,0,NaN
0.00169987801757728,0.373115328412595,0.270777157055474,1,23.73
0.00176516024643665,0.0589961037468686,0.133985083683034,1,32.16
0.000338511248631654,0.0299760376257652,0.333459019120738,0,NaN
0.00414225180304466,0.344764989465144,0.169353220309514,1,57.74
7.12377884042902e-05,0.301066480681763,0.492112145107686,0,NaN
4.2500320604125e-05,0.162867382120615,0.0392710495142756,0,NaN
0.0030926418169971,0.256886587751214,0.0402304848459335,0,NaN
1.40701299976986e-05,0.181575470315284,0.0765239289446933,0,NaN
1.22754032644619e-05,0.129604031617411,0.0243672154678435,0,NaN
8.60334631666602e-05,0.106750246447271,0.401231418986323,0,NaN
1.37971066111289e-05,0.299078644299079,0.491100311854359,0,NaN
7.1707233152599e-05,0.164175989980551,0.105791187189427,0,NaN
1.72905359471447e-05,0.0441769551488382,0.256432779843565,0,NaN
0.000433522558516471,0.364849178153252,0.136701537661187,0,NaN
0.00984003277883099,0.418693955950055,0.0566206963271278,0,NaN
6.98507106081746e-05,0.491110553891715,0.187771450865631,0,NaN
2.92897943818873e-05,0.429784787634704,0.149715693603527,0,NaN
0.00261297541302001,0.343868850867094,0.495785927948287,1,50.77
9.47162467153189e-05,0.166025203370179,0.0988536159529136,0,NaN
0.000529542638137955,0.0147831518945335,0.0814706871412958,0,NaN
0.00896964753920086,0.432195411575902,0.349120615900628,1,20.63
5.63627555250901e-05,0.387802754442238,0.220055931508393,0,NaN
0.000473493870198894,0.101663514808475,0.474711842947501,0,NaN
0.000379634622284757,0.371736442194299,0.338129242627602,0,NaN
0.00443598608204795,0.461006745371842,0.155184524905644,1,50.94
0.00433135883850194,0.170172141643305,0.232936133721283,1,26.25
0.000403316372855205,0.344569139424762,0.432993509155998,0,NaN
6.14413421414175e-05,0.124222003658437,0.112964057579636,0,NaN
0.000451226410976143,0.20411694346282,0.391565599117659,0,NaN
0.00232209529987377,0.15625770583846,0.0414115759413861,0,NaN
2.06650564311189e-05,0.350011486613152,0.0984402768534159,0,NaN
0.000174592649937506,0.263402672435902,0.267033841594441,0,NaN
0.00494324772841308,0.0582214084021944,0.477888142457242,1,20.06
0.000430972737240413,0.346625024544122,0.325992628765738,0,NaN
0.000536030570741075,0.294402945825298,0.31994816483989,0,NaN
0.000380036369597903,0.25300664532604,0.0536758712099835,1,69.83
0.00232478941876741,0.0451531079973756,0.104203178421629,0,NaN
0.00133431418913045,0.318716974487324,0.0985369938324751,1,58.97
1.54484568200566e-05,0.0606289831152379,0.322707221707677,0,NaN
0.00551218933754433,0.35745939926089,0.0966419673347213,0,NaN
0.000185363786495783,0.139034916407453,0.119904190643245,0,NaN
0.00205091447197442,0.0447343668255401,0.332614298447118,1,28.14
1.49417011123661e-05,0.242759399965012,0.391662230963056,0,NaN
0.0015056253376347,0.0724440796246784,0.27950279217722,1,16.19
2.1067256629506e-05,0.488958180076452,0.3708513927843,0,NaN
0.00733912677562544,0.386308515556497,0.466609830048512,1,18.69
0.000184663844689758,0.463523846639666,0.0979149629948704,0,NaN
9.78118394550415e-05,0.424522461135718,0.454036272157638,0,NaN
0.00429976771485092,0.374253587808094,0.418729911846665,0,NaN
0.00197833706795459,0.0673114608975653,0.13238528177573,1,46.13
0.00636919977554725,0.145594539983787,0.0428448641250665,0,NaN
0.000146932695853777,0.27238592881179,0.481810493298678,0,NaN
7.85988804342623e-05,0.161138917678399,0.140205930577734,0,NaN
2.93379293261168e-05,0.323369365458009,0.484736038371425,0,NaN
0.000324432793138101,0.49875964382084,0.249578686862448,0,NaN
0.00287807020136565,0.0702649123294308,0.368051871629392,0,NaN
0.00380363029694282,0.43122352808223,0.160607196619676,1,30.92
0.000189309997292371,0.485846740138394,0.440574592389701,0,NaN
2.43913678115762e-05,0.363197127444759,0.194626801713895,0,NaN
2.30091528341296e-05,0.18589666808369,0.0673231549489482,0,NaN
0.000120540091805487,0.341477020133729,0.228165591400398,0,NaN
0.000327117413408213,0.17470027869637,0.076804755687482,1,33.41
0.000861451596006934,0.264313167180428,0.107748519661733,1,36.68
0.000400597712453143,0.179390306840263,0.103105986655759,1,40.54
6.23001058766257e-05,0.138032080833803,0.430824305994876,0,NaN
0.000216443201603435,0.164248072435954,0.367405717887452,0,NaN
0.00780678826198272,0.251810985514017,0.13233950580995,0,NaN
0.000363563050615551,0.163228560708401,0.187095611195464,0,NaN
0.000473057769113701,0.224760717058406,0.156361383527814,1,47.02
0.000498799153540089,0.052479645230713,0.23694438110873,1,77.2
0.000724067927965968,0.21021059405771,0.327529068810025,0,NaN
0.000361037056586205,0.220925044238031,0.487611970748191,0,NaN
0.000182530777815148,0.0299090684231471,0.0365617849609858,0,NaN
0.000803130124017025,0.0239142337861751,0.132461538345657,0,NaN
8.73304319538962e-05,0.130282103347017,0.334532586384958,0,NaN
7.67389715108337e-05,0.271896132745652,0.250350415184721,0,NaN
0.000674045655256674,0.394027979541764,0.26687091082474,1,91.53
4.2670881201858e-05,0.225970355380503,0.397805404825566,0,NaN
0.00211632745605907,0.272581061576501,0.0993070907402547,1,79.96
0.000240768991453079,0.205251876803378,0.31017390947683,0,NaN
1.92394245839292e-05,0.409189286071407,0.06090119688991,0,NaN
0.000545408670799532,0.475302889625648,0.449269625757282,0,NaN
0.00287839780752357,0.236220903166429,0.169271803035683,1,30.54
0.00269148753544543,0.299994808615264,0.118357518637058,1,90.81
2.22040362788339e-05,0.0799498972224145,0.33675460692934,0,NaN
0.00115614151024597,0.247911936390029,0.106667771274058,0,NaN
1.95626422727264e-05,0.442501011416058,0.438410396024395,0,NaN
1.09710849393366e-05,0.241105274755487,0.246446579147343,0,NaN
0.00224300333356424,0.308809073084777,0.045125612530103,0,NaN
6.09058689492358e-05,0.0784442733367775,0.344522360061522,0,NaN
0.000381810578988168,0.114181615830957,0.388068752448625,0,NaN
0.00202859697816495,0.300831619957346,0.0648486454574356,0,NaN
1.49724775077447e-05,0.168574030748305,0.0119947266968023,0,NaN
0.0017196599443747,0.189470925045675,0.0105339895246568,0,NaN
3.93338399949822e-05,0.33527030057851,0.370998926019242,0,NaN
0.000386233556538245,0.0950148265277682,0.114214283215071,1,40.48
0.000509226484948795,0.252321606437247,0.193219014341809,1,78.77
1.79019206921755e-05,0.0284633306611706,0.431225997312942,0,NaN
0.00239931020276736,0.183741936875905,0.471777936758932,0,NaN
0.00203810554863158,0.112276493500869,0.098263477759143,1,30.36
0.000382688594481632,0.476552488503437,0.415210293477438,0,NaN
0.000158555940479101,0.350793298664188,0.151963398894314,0,NaN
0.00115022771472252,0.370037806013369,0.363989082489745,1,80.44
4.57701508882925e-05,0.131378791887108,0.294279656750751,0,NaN
0.00321618972424272,0.0296484722314013,0.0493268380156834,0,NaN
0.00265409154064247,0.442117109490281,0.488494191948005,1,50.18
0.00031054943022225,0.320595191701998,0.279740023331991,0,NaN
8.30075075439489e-05,0.39288965115148,0.357307165767167,0,NaN
1.0853918026433e-05,0.0774554087510664,0.380148622684665,0,NaN
0.00159815108761759,0.431339118343812,0.212935668774907,1,20.76
0.000693769601207525,0.458633131264033,0.403957720112051,0,NaN
1.71250128870033e-05,0.378760019636222,0.188162067746841,0,NaN
0.000964041006149738,0.426798876818198,0.153416101784933,1,34.22
0.000175242458112351,0.0135053963253595,0.160895823081403,0,NaN
0.000128164307233779,0.424837955460452,0.164963557246104,0,NaN
1.36956748689584e-05,0.244699959287648,0.0967214957724755,0,NaN
0.000316719415858413,0.346255773642484,0.310120890726694,0,NaN
2.56793706680245e-05,0.0232262475644108,0.116182764502058,0,NaN
0.000807113802999763,0.066623044155065,0.349909368957373,1,94.73
0.000138569816248814,0.332336987300147,0.201823362248682,0,NaN
0.00177652266611997,0.188144445159693,0.197073627975909,1,8.76
0.000368470667476562,0.0520763442492789,0.361459240520545,0,NaN
2.3739520987529e-05,0.320269589522818,0.394322939854732,0,NaN
0.00026303171706746,0.302343287054301,0.235820171019815,0,NaN
2.51521925175332e-05,0.148447316766108,0.400219772944751,0,NaN
0.00428934083440541,0.408222578302194,0.0759430529887886,0,NaN
0.00125542138568266,0.409406235324018,0.202345050890382,1,31.03
0.000845412327405999,0.226105971335479,0.490679843341923,0,NaN
0.00135868741273,0.113526282319187,0.457081045013178,0,NaN
0.00157414262477823,0.39688468485796,0.170089981848348,1,15.41
0.00975735839074981,0.142435568669819,0.237692877885553,0,NaN
0.00404779319632401,0.460573972364851,0.485468336189315,1,25.09
2.30487624515555e-05,0.487971501599825,0.117654736380596,0,NaN
0.00376140440242134,0.353538733745409,0.446535316887135,1,21.2
8.01315727786498e-05,0.41196724573385,0.309934253836263,0,NaN
0.00279136258260302,0.132035193861199,0.148052396906157,1,16.38
0.00123130097128574,0.115640887234815,0.158607504065914,1,15.46
4.34006747332885e-05,0.394516273016776,0.499004740329734,0,NaN
0.000851520294251033,0.428098091059815,0.495988098421215,0,NaN
2.97100909947025e-05,0.375428319318346,0.492983006452488,0,NaN
4.71373838693263e-05,0.363391993007868,0.117572884245698,0,NaN
2.02332298397662e-05,0.250348116219693,0.123542157562424,0,NaN
4.83555242973365e-05,0.0647037291834651,0.336559462190312,0,NaN
2.72904836040629e-05,0.269036905846813,0.45415689529013,0,NaN
0.00194986075523491,0.164403168395653,0.164411876626408,1,21.37
2.33834637779705e-05,0.465268657175812,0.274330950082281,0,NaN
2.51122939131665e-05,0.210873886403173,0.187906752929143,0,NaN
0.000417150478544716,0.394919465556728,0.43192069426147,0,NaN
6.14871065674091e-05,0.195638247787993,0.484869731917987,0,NaN
4.4804956061779e-05,0.0895461414258584,0.267553592142112,0,NaN
3.64206086503819e-05,0.08451909877704,0.0301850916086324,0,NaN
4.84009657392309e-05,0.286072411291183,0.339188947767296,0,NaN
0.000137158995365975,0.30870661630964,0.0340632985113555,1,91.77
9.30621380593337e-05,0.015683885315901,0.0482294630913245,0,NaN
0.00771730411954094,0.153422001526182,0.398600923225789,1,12.72
0.000873223612590348,0.118976679370133,0.0419285224887965,1,44.47
0.000448754868783517,0.323746145092762,0.327896435742748,0,NaN
0.000518832808516561,0.0495370551414557,0.0963735011353233,0,NaN
4.2350379139535e-05,0.149666138170242,0.179760358131857,0,NaN
0.00078280106676417,0.19706275880446,0.304193118899927,0,NaN
7.99215382722065e-05,0.421288233162447,0.384821901983147,0,NaN
0.0022915666572529,0.333364598566081,0.234443656389495,1,14.42
0.000507412140492689,0.435410964501912,0.188383950564296,1,91.76
0.00105315378902099,0.223513500962472,0.427530300475716,1,69.28
5.90153059928846e-05,0.390312362660961,0.162731961253801,0,NaN
0.00100016628943542,0.0513590261019431,0.460006075209032,0,NaN
0.000784514763298853,0.403706190096598,0.361429749985666,0,NaN
0.000129012647738748,0.15532715134953,0.0945992806745673,0,NaN
0.000151332856871788,0.314171054372801,0.342414883625109,0,NaN
0.00887537422829915,0.294807235809978,0.495514248557118,1,6.46
1.57005218462779e-05,0.134981577259093,0.251202496915788,0,NaN
0.000111126138741517,0.430971814822728,0.494028034639293,0,NaN
0.00912590541544705,0.49911223843605,0.0881661593450346,0,NaN
9.37845233563931e-05,0.331835618603841,0.145521684196169,0,NaN
1.66553747541973e-05,0.0649185741343075,0.0730505653442347,0,NaN
0.000266049188842148,0.316424475022488,0.0239155794680263,1,52.06
1.19061042608376e-05,0.214567923691867,0.0893200517920095,0,NaN
3.18774392946649e-05,0.140685046775287,0.212796212138537,0,NaN
7.3138877112549e-05,0.420516495151329,0.243997716171579,0,NaN
1.31534689767954e-05,0.0420820937131914,0.495014442235412,0,NaN
0.00064865670881613,0.2134125401975,0.162280653874262,1,36.93
0.000269429111937013,0.232820726227211,0.169260104553365,0,NaN
0.00256383863383761,0.0533376721418784,0.370607120218842,1,11.8
0.00110347113931873,0.449826893362387,0.296000165409814,1,89.07
1.34235258707256e-05,0.293310209380519,0.205978341983567,0,NaN
0.000115281754531127,0.370353667462195,0.159538436901616,0,NaN
0.00252506629026625,0.298289203473547,0.030969045374455,0,NaN
8.07472598947347e-05,0.284623590274817,0.315881558033789,0,NaN
0.000283281051239572,0.436736222213283,0.0933169817043044,1,71.23
4.39470021706048e-05,0.455686581022767,0.0107217096653293,0,NaN
0.000685424591510671,0.478652166299599,0.406796191135041,0,NaN
0.00015666590336309,0.296644330869616,0.183248173720652,0,NaN
5.03468217829535e-05,0.463095546420758,0.496451289906183,0,NaN
0.00412729441723422,0.0542032742900669,0.0327780128772749,0,NaN
0.00844775087301893,0.0719095674404302,0.371169444257158,1,12.09
0.00283904709977207,0.164567201519253,0.0724436041186579,0,NaN
1.56032215847712e-05,0.29202571398788,0.137818872113703,0,NaN
0.000177974412866867,0.327940791209006,0.221862064229764,0,NaN
0.0053388994942364,0.393809001697214,0.0824450847855494,0,NaN
2.16900565557391e-05,0.0362859619213617,0.238487427245031,0,NaN
6.51175970263627e-05,0.408225233404492,0.172625414909233,0,NaN
0.000868945024015959,0.492812950052895,0.188536384865411,1,48.56
0.000504004404697371,0.363150986100644,0.462953381264363,0,NaN
0.00146649495982352,0.133281529733905,0.0263321393566744,0,NaN
0.000370742221678296,0.0378618569168884,0.450390635354484,0,NaN
0.00237657763454615,0.138252828116079,0.13452882730419,1,18.91
0.000266332849569423,0.303613884638764,0.223508359248518,0,NaN
0.00626270253132931,0.301548975642962,0.406282310795586,1,14.34
0.000269322177009836,0.151997318783545,0.222674581258239,0,NaN
2.45446838666804e-05,0.498970217105179,0.436354201727708,0,NaN
0.000261811826777554,0.0699966179951468,0.109640922806411,1,85.28
0.000203268224042885,0.0593033396164066,0.196932039599514,0,NaN
0.00533152515015037,0.452492041162282,0.266571839390632,0,NaN
0.00038065641034443,0.46946539281586,0.13080280743807,1,77.97
0.00812432876630554,0.237613041293906,0.441058263527422,1,14.91
0.00370590261460691,0.0369325420595447,0.162479167357575,0,NaN
0.0078008058657492,0.126904624797692,0.285090997471498,1,24.68
0.00105905390995804,0.288241601479634,0.0989203024735157,1,53.22
0.000423990287603627,0.456456493184131,0.39637511830585,0,NaN
2.81334712062613e-05,0.336185258398829,0.25186830458019,0,NaN
3.62949798559445e-05,0.452645420190038,0.360596819508815,0,NaN
0.00617025237766583,0.335500949753983,0.334176107173594,0,NaN
0.00674570511721327,0.0306278936600955,0.433148499235254,1,11.11
0.000266603466714141,0.0377563467282905,0.111890744558042,0,NaN
0.000430448748723332,0.098207994586984,0.37165120643741,0,NaN
0.00345624533621048,0.0488423201406198,0.438783931957893,1,13.68
0.000322546999013443,0.256212986522239,0.283304795082371,0,NaN
0.000184576931765753,0.16765947319619,0.3375831483037,0,NaN
0.00365749822390066,0.26059475938934,0.367013052513638,0,NaN
5.01842444887109e-05,0.236953336631583,0.272909530245801,0,NaN
5.17465945543879e-05,0.0865166820493254,0.21680659429362,0,NaN
2.83893300464632e-05,0.0698993179051062,0.413636484736084,0,NaN
0.000660862487641017,0.481387969940679,0.400274426812371,0,NaN
0.00494739961788757,0.406366589452353,0.459712714203675,1,19.66
0.00168740513778715,0.0264289098247093,0.175828671949004,0,NaN
1.92062763934825e-05,0.389532951508895,0.24884740270755,0,NaN
3.2135510716786e-05,0.0574604492845916,0.341712090963916,0,NaN
0.000273291472245808,0.329120731259718,0.20476816042321,0,NaN
4.2094809517166e-05,0.105368452651465,0.162227388663853,0,NaN
0.000295819506828147,0.413236278774164,0.37405904233922,0,NaN
0.000964132456291011,0.419320551557299,0.450866273959892,0,NaN
0.000524639153561223,0.436309608394894,0.0435694898491524,1,61.93
0.000405245493694798,0.310622070561961,0.273537811607248,0,NaN
1.63825359829492e-05,0.289150892906612,0.220381763073244,0,NaN
0.000243948280759436,0.0600219998847467,0.314507129753834,0,NaN
0.0035178759635422,0.417253779708981,0.254166897070315,1,9.93
0.000900330851358291,0.269624311040194,0.0905480669946774,1,36.95
0.000339481604369938,0.496442631766009,0.4542967644155,0,NaN
0.000733205196923605,0.0507453651034526,0.0560312862291997,0,NaN
0.000875067898169893,0.0490588817550927,0.29155648368313,1,47.85
3.63181435555945e-05,0.199389996336792,0.0412372202201009,0,NaN
3.92674155379794e-05,0.113268724059365,0.227872523327995,0,NaN
0.000283476182736683,0.299532457656863,0.114507655232502,0,NaN
2.32445555331623e-05,0.38174271512176,0.274697811774579,0,NaN
0.000117265863234287,0.021962558378986,0.119230326045986,0,NaN
0.00010870181020685,0.416662384758563,0.0618188656329495,0,NaN
0.00392884639991981,0.115259383466552,0.0738500439389255,0,NaN
0.00407698562633108,0.251538202946408,0.367909056598039,1,9.41
1.3512313638646e-05,0.132571952757145,0.441099583689622,0,NaN
0.000141043765692971,0.430321815752707,0.39061025850366,0,NaN
1.46876497390426e-05,0.299033054274558,0.196368077529861,0,NaN
0.00328711750508358,0.064261107632154,0.0881274663635882,0,NaN
0.00154716767665999,0.41199581434455,0.408644414689865,0,NaN
0.000330515897515494,0.218498037980549,0.394590550229197,0,NaN
5.53694553556276e-05,0.308830860111831,0.347073658514319,0,NaN
4.10122803250596e-05,0.306291690870048,0.489237508626226,0,NaN
3.45337120960869e-05,0.374407756917493,0.338038319505458,0,NaN
0.0010068564423193,0.239762108531161,0.214564277454595,1,30.2
0.00245072106193554,0.190753433728821,0.429451275029208,1,32.36
1.63601507106155e-05,0.059040953404477,0.469891023736556,0,NaN
0.00136203071934138,0.0487958817976616,0.149779000726764,0,NaN
0.00101198586471894,0.367451937897242,0.361482368196335,0,NaN
0.000724376650157259,0.0991633965226244,0.0328662928631384,0,NaN
0.00595241026927494,0.447937735496288,0.437105740681393,0,NaN
3.40635130701798e-05,0.358045947194611,0.467305836698741,0,NaN
1.17650131709273e-05,0.322033588070775,0.440783122377178,0,NaN
3.13334628406878e-05,0.412163376990887,0.146337877796856,0,NaN
0.00745932495817873,0.0290082828935062,0.442520488032754,0,NaN
0.000184247634184504,0.479235344540827,0.442935049153169,0,NaN
2.34420785573507e-05,0.215918677198156,0.227273237391303,0,NaN
5.24231190052489e-05,0.286904235335329,0.158644728118402,0,NaN
0.00139900405763064,0.296096707638767,0.316822909918056,0,NaN
0.000343601220075569,0.188023288408619,0.16007585642424,0,NaN
0.000475326696062132,0.395631795967556,0.252182563193221,0,NaN
1.02957025875668e-05,0.355028486388094,0.143149013293356,0,NaN
0.00712951355479531,0.44581363225041,0.0532711307471062,0,NaN
1.04831671306228e-05,0.160450307663174,0.0639991498118259,0,NaN
0.000101348691204866,0.0343557897494894,0.101090426841767,0,NaN
0.00599913961993596,0.158576329347323,0.0636436369821831,0,NaN
0.000142915691345259,0.436498764953112,0.2677773109886,0,NaN
2.17129597442902e-05,0.293104424248792,0.427009537074265,0,NaN
1.48562473529157e-05,0.0869927939579197,0.331162314586155,0,NaN
2.77424526159362e-05,0.0248342381014445,0.203658612205774,0,NaN
0.00709684100853495,0.376451191775935,0.26133962871082,1,23.3
1.32998763264627e-05,0.10080525322548,0.109366080964478,0,NaN
0.000658563408812676,0.48156811345082,0.0104994285327538,0,NaN
0.000647440119832624,0.470888254448085,0.253433366002786,0,NaN
0.00461629817832873,0.0242953008664181,0.041933816935266,0,NaN
3.03659205425435e-05,0.0711383117556393,0.381542856502132,0,NaN
0.0003838440063589,0.246092224481718,0.325406775064218,0,NaN
4.18945704514235e-05,0.310618965319262,0.365765437529811,0,NaN
0.000427560669692827,0.309838449658478,0.257391687639145,0,NaN
0.00688358566686498,0.219537503954431,0.299744686336512,1,21.87
0.000149383908538188,0.310609436454697,0.320693023469096,0,NaN
0.000658281450835725,0.408426511842257,0.391040819897762,0,NaN
0.000788061018618975,0.231425208034224,0.305872865312215,0,NaN
0.000163291593711295,0.232219307318692,0.479737387333793,0,NaN
8.38029530115086e-05,0.225840728632225,0.463145974599,0,NaN
0.000134593901023404,0.475517538751916,0.069809062261222,0,NaN
0.000116087237338733,0.359474036187335,0.248545586180266,0,NaN
0.000481637322243382,0.151216378027525,0.301571638490101,0,NaN
0.000489171947285781,0.261351029652801,0.240109531636523,0,NaN
0.00581688944109825,0.19201967821306,0.0931719469372669,0,NaN
0.000488018558180387,0.127297736502678,0.39453681042609,0,NaN
0.000249380886122761,0.0367045836470904,0.316436294311901,0,NaN
7.83845173930007e-05,0.421502950322651,0.172839936737286,0,NaN
6.77888885667802e-05,0.449568545549255,0.366595390637399,0,NaN
8.01964808522424e-05,0.474901926742858,0.154286499120204,0,NaN
0.00977323874405937,0.48871244293641,0.116624137131943,0,NaN
1.91088647501271e-05,0.464212700288595,0.0248372665445756,0,NaN
0.000147130398978305,0.283002165228916,0.495838364114309,0,NaN
0.00136013541069528,0.0858387368973494,0.185462634234963,1,22.01
0.00965882575556131,0.375640033790088,0.46352656345582,1,11.36
1.15198276051905e-05,0.283619436545332,0.450724052695041,0,NaN
1.01230026447005e-05,0.221885207412518,0.323581759345303,0,NaN
5.63692444170342e-05,0.228913236639914,0.0716563446083517,0,NaN
0.000805598716465654,0.245013756475686,0.11437721661761,1,38.26
6.66103717198079e-05,0.143217818218943,0.0369647850123758,0,NaN
0.000624168451086816,0.2784523598711,0.380193311740678,0,NaN
0.00626322890643866,0.216388791976282,0.149303710240134,0,NaN
0.000918709330837716,0.052405600470137,0.302021818395723,0,NaN
1.03934149017632e-05,0.256818256452619,0.493042814684226,0,NaN
4.83162004174271e-05,0.247824290853845,0.457150641738462,0,NaN
0.00175159645571505,0.286983855876404,0.426489412860239,1,68.69
0.00249294190496536,0.145534923102569,0.288190333202698,1,8.66
0.000466833319366099,0.34243418460566,0.220361544015887,0,NaN
0.00648909047601565,0.420261817233941,0.387703398092529,1,8.97
0.000261395092396627,0.429256878144551,0.489528876385157,0,NaN
0.000141180058725169,0.0920307440510005,0.459636854228342,0,NaN
3.65855211068766e-05,0.379201984308888,0.095768249474492,0,NaN
4.46421156878777e-05,0.0615268426159967,0.396840868611511,0,NaN
0.000142047661634483,0.0125098521082584,0.460013667943286,0,NaN
3.60594386683956e-05,0.171152007837768,0.160311108274582,0,NaN
0.00149295409687091,0.154487142840869,0.406516435031915,1,56.73
2.56209128180885e-05,0.347191773302345,0.183098341611396,0,NaN
0.000116704833858664,0.481921107165987,0.425968490076475,0,NaN
0.000273947213676014,0.412053135043234,0.429795743252262,0,NaN
1.57891431155722e-05,0.0884186800745441,0.497515692079766,0,NaN
8.89941385449367e-05,0.443926274315735,0.175236099947875,0,NaN
2.06025526031485e-05,0.335203111619605,0.361805845588278,0,NaN
0.000203903508219717,0.446685806331347,0.35000127925555,0,NaN
0.000106886485658859,0.387816393645839,0.442842963049814,0,NaN
8.09764246423528e-05,0.261136294635404,0.295104943461455,0,NaN
0.00154894216463577,0.387252595255587,0.39770766565394,1,60.6
0.00130108896645582,0.32774729255111,0.28046751399382,0,NaN
0.00257989346649103,0.4386303535565,0.0429946445250326,0,NaN
0.000449052515112536,0.0403729597574154,0.291930378705805,0,NaN
2.3084316132419e-05,0.271782750344672,0.475540590597258,0,NaN
0.000101864443503685,0.298475369046577,0.277496583343139,0,NaN
0.0011641496750637,0.40317218335703,0.20513049042359,0,NaN
2.33107854874226e-05,0.0660403445902079,0.317854672856041,0,NaN
0.00503994902729949,0.250821687574414,0.211048015851893,1,30.95
0.000358108819870471,0.112273236595164,0.270397349271571,0,NaN
3.14468134075136e-05,0.442527186315103,0.0704326599065257,0,NaN
0.00191211038004903,0.422415788775537,0.473754404685501,1,85
1.75467368804412e-05,0.248678792470818,0.195002506149043,0,NaN
9.99889306341172e-05,0.108100594716973,0.31498914249369,0,NaN
3.92065920710877e-05,0.317463432581477,0.226316995104415,0,NaN
0.000113903707912248,0.0542102455148655,0.0376144578526514,0,NaN
0.000623410585021761,0.413286893734057,0.119485090958972,1,34.68
0.00727202921972212,0.472526583411789,0.233209649668054,1,23.68
0.00662992447557239,0.416470382027613,0.117851781362717,0,NaN
0.000109339755307124,0.160811761435992,0.379519451093498,0,NaN
0.000897899235778504,0.499845955146174,0.213822308014153,1,71.39
5.66780978794699e-05,0.144523363405178,0.0823711779924989,0,NaN
6.80875609299185e-05,0.209486913354954,0.0535929726464377,0,NaN
3.30874955436405e-05,0.312308301933425,0.447692921522616,0,NaN
8.18129593581918e-05,0.0272858959855835,0.333161205699563,0,NaN
6.22975895398076e-05,0.291225715746344,0.175979375839097,0,NaN
7.3156578690963e-05,0.214020785825153,0.480824766494578,0,NaN
0.000112811573768688,0.462637304270962,0.297220525653856,0,NaN
0.00218193279223554,0.321129280015951,0.0801169791360214,0,NaN
5.03399920326207e-05,0.203541514676178,0.16541934602566,0,NaN
4.82059248769244e-05,0.0473175859665832,0.402277475297583,0,NaN
4.61782588428821e-05,0.0488018656411272,0.378582457149339,0,NaN
2.68247520015328e-05,0.397039367285297,0.0192179463125406,0,NaN
0.000173096588949436,0.340474452264318,0.13272653342215,0,NaN
0.000238136554361549,0.274827839538076,0.0927174880224977,1,75.66
0.000133086685328965,0.304529968400017,0.374486559125971,0,NaN
4.28774062790961e-05,0.175513171702992,0.393889289020373,0,NaN
0.000268162089669571,0.168395002721683,0.273805745869229,0,NaN
0.00033539896088406,0.154663280166846,0.0836571009211922,1,40.17
3.91673946163471e-05,0.417485992391457,0.127003377876502,0,NaN
1.48560713853935e-05,0.0412166375460563,0.43196223996403,0,NaN
7.49600671618226e-05,0.226783470707237,0.223834982260424,0,NaN
0.000181892977954863,0.497998846715908,0.044290186787737,0,NaN
0.0019470826123053,0.138457963089722,0.182308005778398,1,8.95
0.000176711589398634,0.249924584307946,0.14716390433348,0,NaN
0.000378811411081208,0.428091745105831,0.185632629084815,0,NaN
0.00297512582919053,0.0820714905316313,0.481558231074743,0,NaN
0.000235269244998748,0.378808094604505,0.432611460823276,0,NaN
0.000318122268427755,0.431108883846878,0.238569359639709,0,NaN
0.00970526610276829,0.0606539544948847,0.27014835712309,0,NaN
0.00020880717769978,0.343087554638878,0.30581238052315,0,NaN
0.00124353516586207,0.11348713529316,0.111054120044365,1,35.27
0.00530746614957659,0.418769766017921,0.428944772135596,0,NaN
0.00106852875367639,0.459533739765977,0.360697484465949,1,89.82
1.18923922010772e-05,0.0709662202204582,0.44719139324556,0,NaN
0.000434180360066116,0.34715931659108,0.32896162122475,0,NaN
0.000411167182354636,0.0850791584246874,0.0862905027089537,1,32.75
0.00400763879453314,0.082433216857085,0.252010287846775,1,18.81
0.00532880391390571,0.131760244400427,0.196173117837045,0,NaN
0.000152234363807531,0.0695789955906794,0.235394271496801,0,NaN
0.00110532050560888,0.286095381512127,0.307459674410968,1,53.33
0.000396121460976554,0.0795983450474067,0.315491043969567,0,NaN
0.000200860701786208,0.103046653121144,0.112928739000865,0,NaN
0.00913383055004627,0.349880798838131,0.0808481682786385,0,NaN
0.00665478546177416,0.131463142647584,0.245403654998511,0,NaN
1.32632425299044e-05,0.109483245158649,0.137893537535528,0,NaN
1.11037322255049e-05,0.31845299721331,0.481936699562834,0,NaN
0.00024285107167928,0.438439446063754,0.407115755967535,0,NaN
2.58608868982577e-05,0.101262053718288,0.114495892231894,0,NaN
0.000601695342047654,0.331046015395274,0.298763041500657,0,NaN
0.00357391474054711,0.171702811749226,0.128258646219858,0,NaN
4.49252250835637e-05,0.196952913629846,0.267027946686657,0,NaN
0.000179330502453972,0.306096280804223,0.442659985252346,0,NaN
7.84150766045297e-05,0.189681451709504,0.392931341828914,0,NaN
0.000356447859681862,0.291990345796578,0.0534622632647869,1,37.65
0.000256452196681177,0.429318005078322,0.283854905977267,0,NaN
3.2103020563032e-05,0.057875556035583,0.372108394149826,0,NaN
0.00101564607160958,0.115111514639814,0.0182671616734098,0,NaN
1.92368208595024e-05,0.185151851930531,0.258076140971677,0,NaN
0.000247227256605663,0.261517682612349,0.217044169488225,0,NaN
4.45786894023193e-05,0.205658311349099,0.499972792592189,0,NaN
5.94818414733578e-05,0.141278943081078,0.336879039601438,0,NaN
0.000349689026191603,0.220822759392664,0.0262549268598311,0,NaN
1.84480374913873e-05,0.161947980498555,0.121824131115572,0,NaN
0.00387365781164728,0.316009987962138,0.141100770118017,1,51.38
5.62144423262456e-05,0.302783806276582,0.323114293465185,0,NaN
0.00263132402964361,0.014072486017364,0.267082316338781,0,NaN
1.5825317621274e-05,0.352409552386962,0.384737622957683,0,NaN
0.00195356842816676,0.245438904942784,0.0234192743965572,0,NaN
5.68588049613622e-05,0.467797910493764,0.149706486468467,0,NaN
0.00101365514523456,0.411176307818853,0.271016199169192,1,49.38
1.31232699251605e-05,0.215924111579464,0.0322729484263619,0,NaN
0.00032141223828846,0.429510175224749,0.120107857587902,1,85.99
4.77680612912529e-05,0.368342723647165,0.45638089346303,0,NaN
0.00219160858075404,0.23864856451377,0.201083529078829,1,19.51
0.00494509164890074,0.405962776089891,0.0112034217461639,0,NaN
1.61562441036652e-05,0.366180270207913,0.361945372479712,0,NaN
8.87828267843552e-05,0.107545891654698,0.349686399426887,0,NaN
0.000157831629800442,0.107478499264679,0.324255954091541,0,NaN
1.34432990205603e-05,0.194175398208855,0.366400188465439,0,NaN
0.00563904216220787,0.282583145264786,0.219659884132993,0,NaN
3.0489019741383e-05,0.354116593283282,0.0879936859376303,0,NaN
0.00032822131125439,0.271963177174726,0.181585916908945,0,NaN
0.000462226546953542,0.0444726947621903,0.441735674459864,0,NaN
0.00209523746584798,0.343590128353771,0.404496262237253,0,NaN
0.000532022722439042,0.319536380700155,0.0422778318798654,1,92.05
0.00665430302560265,0.194202504533145,0.116203677190609,0,NaN
1.91900163129086e-05,0.438482703718082,0.382602738587249,0,NaN
1.88151683646775e-05,0.244962297006332,0.454032994271429,0,NaN
0.00122096386855259,0.484649630287373,0.379989754666933,0,NaN
0.000111298385883617,0.296665969931833,0.230219916742809,0,NaN
0.00125692745597499,0.464714505800646,0.253937634600324,0,NaN
6.59675980375073e-05,0.127875245848274,0.203218567616628,0,NaN
0.000151759612313648,0.404052808995346,0.484469053423442,0,NaN
0.000636854143491263,0.0686673140012964,0.31509402866759,0,NaN
0.00265080260982217,0.454841392751593,0.268229662691998,1,20.45
0.00146379844098819,0.0371287316663951,0.0786901474601728,0,NaN
0.0018289178133311,0.294678445196081,0.372824453660913,1,33.98
0.00273164073006042,0.395058252537191,0.477282714386189,1,44.97
3.17926516409328e-05,0.37954406855683,0.320837229153118,0,NaN
1.32414670569522e-05,0.371591600884999,0.294333243380527,0,NaN
0.00474478657583854,0.441702218543968,0.120252865544659,0,NaN
0.00232473486106099,0.0487147181798933,0.212998988879734,1,15.45
2.20227767249186e-05,0.0155629770028146,0.199127805347683,0,NaN
1.14354318892866e-05,0.482090353866074,0.155997925641895,0,NaN
0.00724711490930665,0.125205288672894,0.0316442612539057,0,NaN
1.21802527105845e-05,0.276840684414918,0.363889008588121,0,NaN
5.11771608613824e-05,0.173517198077158,0.0843162826157896,0,NaN
0.000548751095097247,0.310263052542185,0.201216126909625,1,59.83
7.54886063526784e-05,0.0123078103649776,0.188595633118445,0,NaN
0.00137799821600872,0.409176077947712,0.407651616149322,0,NaN
7.3130957879556e-05,0.328582561542065,0.294475428161924,0,NaN
9.46878357089916e-05,0.234756671340847,0.0965119071718714,0,NaN
2.2507387195684e-05,0.427252032899075,0.189409403015229,0,NaN
0.000235404350177471,0.255274157890383,0.0753130287789022,0,NaN
1.56838108837116e-05,0.425564811911021,0.137730992332184,0,NaN
0.000958968709930321,0.121181542843632,0.202069253570121,1,22.29
0.000333411566006822,0.0263533062248644,0.030701178952019,0,NaN
0.00699379736918332,0.370041788369447,0.468408428042017,1,9.78
7.75363076144207e-05,0.249001725541389,0.282007903719806,0,NaN
1.43808350658168e-05,0.203105754057937,0.332953540306255,0,NaN
0.00189695342453243,0.429564315941996,0.397738528201212,1,45.32
0.00102270303749834,0.42698562298638,0.112201259826861,1,20.78
0.00128632781069705,0.0325358687998911,0.237580206870476,0,NaN
3.48905976312452e-05,0.128986316452865,0.141474371879167,0,NaN
0.000109937498582192,0.0800966339085737,0.441068119571718,0,NaN
1.35215993567734e-05,0.409924138978356,0.461442672947897,0,NaN
0.00518688488825826,0.171432273587199,0.214735817502888,1,21.17
0.000141325168491539,0.14611875441777,0.237916054619481,0,NaN
0.00955726482432295,0.0479461434323578,0.179180265928933,0,NaN
0.000337780031295017,0.269176329030361,0.432882034915376,0,NaN
1.08226102120163e-05,0.35393411859104,0.107171432179236,0,NaN
0.00207008380921514,0.125169385055081,0.119923091999899,1,55.45
0.000249635922427704,0.132173143114694,0.401042497015306,0,NaN
3.05967648235489e-05,0.283297828638981,0.441989584029015,0,NaN
0.000205286084352634,0.0574996969023175,0.0913418822328343,1,79.76
4.84631871647175e-05,0.135618552103492,0.264986106614272,0,NaN
0.000155630358133252,0.291954583937826,0.481108715968699,0,NaN
1.99691585124617e-05,0.158668715557433,0.189344203938285,0,NaN
0.00321828213691938,0.462620037783714,0.381001119360893,1,31.95
3.35021325952891e-05,0.475801874760246,0.3232202188313,0,NaN
0.00253430096212745,0.149827282711366,0.360101911406231,1,23.09
0.00336390076851802,0.139069654102848,0.35824594558119,1,7.17
1.29970846378088e-05,0.0860934596277427,0.357024794456655,0,NaN
0.005089488059831,0.277739250125636,0.401981278151705,1,11.06
0.000169988315309662,0.163693033185919,0.0330580273299656,1,52.4
1.40189984929447e-05,0.412332717542016,0.0115951507956198,0,NaN
0.00404145862023062,0.314148936369934,0.0687314905139245,0,NaN
2.36225756155625e-05,0.214616365578719,0.33488138530637,0,NaN
0.0034301534952661,0.275542318043629,0.0163982525746129,0,NaN
0.00394225489529406,0.0677796197815892,0.413467072697541,0,NaN
0.000545829561727391,0.165672020695589,0.499426030591828,0,NaN
1.09615424262966e-05,0.284170158102716,0.211097655141226,0,NaN
3.84479298404565e-05,0.163935411632899,0.370163205107475,0,NaN
0.000800408197692983,0.346928800801575,0.384885494082958,0,NaN
0.000139042352992308,0.176356681713912,0.399072234497996,0,NaN
0.00145606020873871,0.493774050419325,0.482640838322967,0,NaN
3.00812647985889e-05,0.266429521142402,0.206432353934954,0,NaN
1.31589685327584e-05,0.289071037149233,0.402447568469754,0,NaN
7.85091213700291e-05,0.20116484237922,0.292904994685847,0,NaN
0.00547264667685881,0.489326321567501,0.0225701002389406,0,NaN
1.07327790799219e-05,0.410876458959955,0.265781578764288,0,NaN
0.000384426271256126,0.357264955679411,0.326975565452196,0,NaN
0.00409776960224356,0.476525175832516,0.393405075990489,1,27.87
0.00469469863507994,0.272881242884193,0.468260342467597,1,18.85
1.04513527549613e-05,0.268405488283387,0.35659056215592,0,NaN
0.000166597228517459,0.213549985091769,0.324302229889622,0,NaN
0.000114089789386678,0.0576855693327905,0.278756635553367,0,NaN
9.56037998780346e-05,0.182730294839519,0.0585246498174623,0,NaN
8.34856216478561e-05,0.170271185350636,0.38860184088571,0,NaN
3.99987605407942e-05,0.288682268965792,0.111282463600759,0,NaN
1.54559084080355e-05,0.36277911516477,0.267662180353048,0,NaN
0.00104665536213667,0.28058688993431,0.0249891883702748,0,NaN
5.71201907693014e-05,0.322507131791596,0.213841295952599,0,NaN
0.00106291931925413,0.328258695930815,0.480448645323906,0,NaN
0.00280212391117641,0.181679259661868,0.158274736012098,1,33.58
0.00015645466887011,0.206333459851946,0.126721195403961,0,NaN
1.32977672724608e-05,0.312217870812478,0.108192393739876,0,NaN
0.000361055089392634,0.221075843838057,0.217695283290886,1,92.51
2.01571688240096e-05,0.143854467813243,0.25173748158766,0,NaN
0.000260510567737,0.247592896488161,0.247344089900387,0,NaN
0.00147702760393184,0.084808823398441,0.272610204781999,1,25.99
0.000126884974547721,0.274020518758866,0.355474805793011,0,NaN
0.00201139220198974,0.260355937848103,0.0984957812282585,1,49.48
0.000119803109164547,0.451885364389768,0.35552616858868,0,NaN
0.00802534575667748,0.435564323665104,0.450904544449212,1,9.84
5.30511185110803e-05,0.0105741219791742,0.262566389828479,0,NaN
0.000381349831449965,0.0504979271680168,0.260103505236976,0,NaN
0.00617323343730849,0.277501528493349,0.298962278256746,1,23.49
0.00902308814105175,0.0908323720997999,0.454595365940679,1,4.4
5.20864224879181e-05,0.361881990030877,0.466754624386113,0,NaN
0.000631870699644483,0.297246377797729,0.443595860731311,0,NaN
0.000182694887849136,0.220162487826633,0.0208292266914524,0,NaN
6.02478659947886e-05,0.32717195850369,0.151080570852967,0,NaN
0.000599641464633688,0.0802595290236975,0.367811329591569,0,NaN
0.0090726751358782,0.22708926810488,0.38707604861003,1,18.99
0.00168244275712904,0.0687967373966609,0.103966943136236,0,NaN
0.00131663135060659,0.249301640168644,0.429830730078983,1,64.81
0.00464938951908131,0.423209799209762,0.474046441827316,0,NaN
0.000166748076253325,0.104101804207728,0.222155965647415,0,NaN
0.00147370479183346,0.123965658565163,0.36721352709591,1,40.96
0.00974938865961529,0.487307617879536,0.448779148415361,1,8.83
3.82673967333839e-05,0.471040106385665,0.196212101906428,0,NaN
4.12904657506913e-05,0.178894748488189,0.438527035386406,0,NaN
0.000102906335694047,0.0160730320873619,0.172712862918989,0,NaN
0.00144804408414841,0.299647144009975,0.361260794104057,1,41.83
1.65220867698167e-05,0.494101843704946,0.159001390622107,0,NaN
0.000108922094398286,0.492485211777651,0.0536144146205453,0,NaN
1.19522090062832e-05,0.238011954537858,0.465104585962484,0,NaN
0.000139387696359867,0.0741469664328522,0.0954980747878486,0,NaN
0.00725053627797723,0.422024228032097,0.0775288784785951,0,NaN
0.00079796461626217,0.469930930846146,0.215952876643794,1,64.49
0.000129588583516065,0.0964783686883017,0.461327675110868,0,NaN
0.00184606205172194,0.443184313847652,0.28606901793351,1,32.74
8.88140341210997e-05,0.292443712304928,0.184764038291317,0,NaN
0.000489520899779774,0.0838081241470767,0.071113588717474,1,41.54
2.08724140601772e-05,0.0887980679045358,0.0791954023473132,0,NaN
0.000185755909924127,0.10985291393878,0.324572175763303,0,NaN
0.00338960946948603,0.444784305133865,0.042164853604628,0,NaN
0.000290171154138993,0.328326104155916,0.438613751302978,0,NaN
0.000538991390176593,0.222981103340433,0.306290801465754,0,NaN
0.000449920311527498,0.271535262838885,0.388699629521736,0,NaN
0.00989123931411606,0.399886672044859,0.137757003100305,0,NaN
1.67167164298146e-05,0.370436011646085,0.36425938684867,0,NaN
0.00397379822836847,0.375740893431681,0.16354779902538,1,44.31
0.000611355979834753,0.291561154353332,0.272671884326635,0,NaN
0.000307359648237437,0.433744238157656,0.0750588631895232,0,NaN
4.76046353483059e-05,0.410134678895441,0.238532584611449,0,NaN
1.14464867000414e-05,0.246517282137284,0.351999492820239,0,NaN
3.69611945445606e-05,0.2870626419881,0.497066148186315,0,NaN
0.00225370625286084,0.0718485136639018,0.37443386050997,1,13.75
0.00156606487731554,0.475200526019585,0.236861173822765,0,NaN
1.02392760967849e-05,0.441403810086258,0.311061397069078,0,NaN
0.000146816996319873,0.249542524194809,0.0975682427848287,0,NaN
0.000441833312828412,0.428112643475309,0.245351099062722,0,NaN
0.000210010538268747,0.0283453726616484,0.105132306683631,0,NaN
2.06499579578505e-05,0.264736741682268,0.363087991524848,0,NaN
1.30252893364558e-05,0.475191419291018,0.327293240864694,0,NaN
3.65552034558882e-05,0.343689468025265,0.325698570242596,0,NaN
0.00213050120707525,0.0650229205747476,0.212765129227555,1,18.31
1.83037756023929e-05,0.0344342549695924,0.0535501223747727,0,NaN
0.00135542217278998,0.332225124819671,0.0785559840319812,1,53.29
1.84389360625819e-05,0.0555078354522429,0.121513222478491,0,NaN
0.00277387243763553,0.203375299220424,0.227001124642448,1,16.86
0.00959683731359895,0.151581949425204,0.413841050545406,0,NaN
7.14549030818138e-05,0.360926648779835,0.093760279257485,0,NaN
6.96274415885446e-05,0.131239232438334,0.10840536559378,0,NaN
0.000162527374414208,0.119470221063402,0.395324894538386,0,NaN
0.004164715964309,0.326642807525869,0.0934909737180988,0,NaN
0.00975114027777768,0.0528186870799211,0.068423382900051,0,NaN
0.000107938646854339,0.132777282489009,0.377184455248276,0,NaN
0.000264138106044787,0.497010286758636,0.165969105621519,0,NaN
0.000211807042085299,0.19727409161892,0.125225136853888,1,81.95
0.000156207315175207,0.440026964279887,0.473502629021155,0,NaN
0.00549068695936349,0.499636470750426,0.0925995993104694,0,NaN
0.00100958302485239,0.411561794562119,0.285743436980047,1,67.86
0.00412538086496431,0.453429818366959,0.408654790631804,0,NaN
0.000554802574231121,0.308904483720997,0.111808657076748,1,28.66
1.59253954408959e-05,0.366771141167826,0.28627720030832,0,NaN
0.000937862803233069,0.147942332993369,0.424882549418421,0,NaN
0.000437909724731525,0.166453670621586,0.487692640895494,0,NaN
2.99342691323124e-05,0.220040623887463,0.497327137131149,0,NaN
0.000361074574250764,0.149517956492393,0.447413509995306,0,NaN
0.00847700622513933,0.0728992454884229,0.287139312542384,0,NaN
0.000286896073590084,0.158305782750424,0.0377218584556296,1,72.71
0.00352661622614899,0.411527794375905,0.215283282770518,1,18.33
7.30735571429313e-05,0.480934004411855,0.438664669788862,0,NaN
8.32194076158761e-05,0.181238396447503,0.196098883948786,0,NaN
0.000347774767019893,0.284316994321048,0.404799546843583,0,NaN
0.000229067515482542,0.242723372814568,0.178155851325246,0,NaN
0.0001236724642866,0.114280163413503,0.0869175925890261,0,NaN
1.44159362693603e-05,0.239079710495375,0.265677544099676,0,NaN
0.00382284471395284,0.309962465594253,0.493030529703086,1,39.05
0.0010280328753054,0.457256780877208,0.138188620023385,1,24.48
9.1218890433163e-05,0.0498686794922952,0.223076762951927,0,NaN
0.000627481593036593,0.09958747239809,0.25639870815598,0,NaN
4.85400532186035e-05,0.172403576879922,0.116900658657965,0,NaN
0.00078681216014221,0.26472599003838,0.0782249120253083,1,64.19
3.19130438176847e-05,0.325012769786584,0.433480662182694,0,NaN
0.000147047802921122,0.0886399941026379,0.395437564594387,0,NaN
0.00992886368654346,0.280762590634517,0.35239760265209,1,25.23
0.00152366526153907,0.203557498360044,0.35303508746436,1,34.73
7.38631654584318e-05,0.225619249172831,0.296229134683857,0,NaN
0.000260156023057434,0.304035029444947,0.236465565670028,0,NaN
0.00233989675188784,0.0352667369782525,0.322984288503014,1,14.3
0.000134324383588697,0.394263940384161,0.121135544651867,0,NaN
0.00061613225378185,0.178146506304656,0.403423962732414,0,NaN
4.86523140498235e-05,0.0163507637286599,0.467604734852915,0,NaN
0.00845255289407526,0.315858908334675,0.0935111039614645,0,NaN
0.00540444598592324,0.103499736244222,0.26231665813209,1,16.59
0.000961740445913277,0.427067012154044,0.379243366948063,0,NaN
0.00167391793881713,0.0370191865595632,0.131976931955741,0,NaN
0.000127169576865304,0.478855867063606,0.472329747879771,0,NaN
0.000230540114060418,0.407819107921656,0.343737061188283,0,NaN
1.8821346000542e-05,0.452918695510483,0.0706156275599155,0,NaN
0.00417985386564679,0.181960655781008,0.313217125985025,0,NaN
0.00456568083242395,0.42362530380494,0.055328360547147,0,NaN
0.0010562377826219,0.106556619674347,0.362429019102147,0,NaN
1.36476359818706e-05,0.406610415721365,0.172851528857475,0,NaN
0.00891419519965442,0.205786094282159,0.48098642819992,1,4.94
1.01544259890531e-05,0.383923874661724,0.206989486420267,0,NaN
2.99412272319187e-05,0.215688192638655,0.0826209133643648,0,NaN
4.45350827551764e-05,0.0973760927301834,0.35518208397304,0,NaN
0.000163799977677669,0.413695473018043,0.414637569708692,0,NaN
0.000388337844117904,0.0679486253421449,0.368793523165438,0,NaN
0.00387611286668148,0.146188401412942,0.324259811379488,1,7.02
0.00021317371878397,0.376213077374762,0.275906101290836,0,NaN
0.00296173133739071,0.341579434328714,0.386845276051549,0,NaN
4.16469118176146e-05,0.372346932121256,0.0574306243314308,0,NaN
0.000161424112720569,0.131352894456214,0.215376837655662,0,NaN
8.28604447687031e-05,0.14533191129637,0.351876869430315,0,NaN
4.64100358741797e-05,0.206486758465929,0.313632780875421,0,NaN
4.6723826996135e-05,0.274437722927147,0.28876156037749,0,NaN
1.61564921770966e-05,0.133373899022683,0.304496413034704,0,NaN
5.5145117194887e-05,0.231454183167178,0.144887023578973,0,NaN
0.00339730386494412,0.281302098897754,0.110095969637915,0,NaN
0.00040142154827082,0.0922304102351525,0.060513441457421,1,50.21
2.73937992175713e-05,0.375747445999315,0.0806954399118693,0,NaN
0.000165269520972991,0.445894640104243,0.267729843632642,0,NaN
0.000670619983681902,0.0925027964690875,0.238230269172043,1,41.46
3.0465199443276e-05,0.0632324217164117,0.229659044926423,0,NaN
0.000328443486471442,0.176352416585984,0.150924381966085,1,72.64
0.000395750782244543,0.160319290174077,0.492047928328884,0,NaN
0.00109972684000154,0.100096572501651,0.444258461854055,1,70.43
0.000509478686172492,0.407308414341578,0.293481584970538,0,NaN
2.871927725864e-05,0.377061062773775,0.132860410446534,0,NaN
4.77102159520404e-05,0.122945653096639,0.0549002958015342,0,NaN
0.000167074197455475,0.488082130988829,0.207155399119178,0,NaN
0.00452011391631473,0.129155151756087,0.314215881661811,1,12.04
0.0014325808802075,0.30087853290685,0.0459509941471568,0,NaN
0.00109935646356276,0.317414484018499,0.259758925395975,1,49.98
0.000318753658009041,0.0844966892501161,0.293526942820174,0,NaN
8.17123731908285e-05,0.0934155588858705,0.194548648868044,0,NaN
0.00107524762214528,0.191831857101404,0.0471752313130305,1,62.9
0.000110398929580353,0.0744192441001184,0.393111571108968,0,NaN
0.00525216861140762,0.0741279526973536,0.23309999882967,0,NaN
0.000311124043506155,0.477020121544481,0.49363274156729,0,NaN
6.15298138726013e-05,0.0112170858118947,0.380691957402576,0,NaN
0.00387503857373146,0.181706813576087,0.350375671495816,1,7.4
0.0011405191809116,0.238975179749809,0.0531439331202196,1,44.34
0.00167574687342014,0.273917247753237,0.3471052795883,1,47.29
3.72695635262272e-05,0.207626634707732,0.18096231361351,0,NaN
1.02361913028394e-05,0.241582064257929,0.317089919105654,0,NaN
0.00124969858433351,0.480565143858075,0.47820415188292,0,NaN
0.00150222747279427,0.468354590695431,0.34898052654324,1,60.93
9.59183120293232e-05,0.496209765823588,0.18897926699367,0,NaN
4.04017678881936e-05,0.305587804950627,0.234111209802891,0,NaN
0.00239498343813078,0.100043338448331,0.494886348769647,1,29.96
2.85356141084618e-05,0.467821451249609,0.0626907772378228,0,NaN
0.0097651904178474,0.238248923557038,0.257034933403519,0,NaN
2.25665381601967e-05,0.194514473236376,0.0318820522192534,0,NaN
1.11970140465743e-05,0.117899759030763,0.0260438829489398,0,NaN
0.00252223929972852,0.393374233148484,0.172786667129228,0,NaN
0.00466292584387354,0.351204189519701,0.462670358673626,0,NaN
1.65484838691066e-05,0.0778160176217249,0.181161996548501,0,NaN
0.000186401677404511,0.365462696123322,0.374106088704127,0,NaN
2.13284945254034e-05,0.15306621112939,0.335334601922093,0,NaN
3.37367323596074e-05,0.191250768065544,0.0609967009794102,0,NaN
0.000637234792733683,0.371502497247718,0.245778544815251,1,81.26
0.000439519307163455,0.192505438826805,0.353005286162061,0,NaN
3.2690857676665e-05,0.340671627461196,0.264818705242686,0,NaN
1.39746127127405e-05,0.4436934191466,0.123850018865561,0,NaN
0.000971482941409825,0.370920602151359,0.414785643876428,0,NaN
0.00588946492709483,0.276522523247595,0.360465745646237,1,11.17
0.000126470200224111,0.0372691492656628,0.477866047411302,0,NaN
0.000114575143270392,0.107133248725248,0.13650188828875,0,NaN
0.000351065155419134,0.364464577689711,0.433735217753238,0,NaN
0.000791790864254774,0.244607560505965,0.188397351229793,1,35.84
0.00342043798591445,0.363060431547653,0.174002664414362,1,38.94
0.00114073568195506,0.209721136404038,0.432646428401664,1,88.72
0.00119687030506569,0.0537571787445331,0.0778456635868621,0,NaN
0.00099254809698872,0.168754313253717,0.254644325980388,1,32.56
0.0001187494050644,0.406211663826942,0.2456258487949,0,NaN
3.17966724431039e-05,0.0575870413390798,0.28576551626525,0,NaN
5.40440189520128e-05,0.120028178458127,0.150264736287211,0,NaN
0.000242751668365578,0.169923468585801,0.0838361370271667,0,NaN
0.00425107207497049,0.181755548561645,0.114233044805181,0,NaN
0.0029135936816379,0.184233837479438,0.493224207506641,0,NaN
0.00342454844530016,0.160630382333997,0.373838248580551,0,NaN
0.0012835284626721,0.436865644999774,0.387923045533481,0,NaN
6.54930425344499e-05,0.356233634031873,0.0677153123452739,0,NaN
5.86320531125631e-05,0.168857208765974,0.245408563325753,0,NaN
0.000633986755161635,0.493813933060103,0.417391198698846,0,NaN
0.00812410193853857,0.281105822208562,0.0290306677230641,1,94.02
5.90731876423586e-05,0.357613025133808,0.20660153330064,0,NaN
3.36027163868833e-05,0.483768459630564,0.296202611727954,0,NaN
0.00045702261574547,0.174305767557502,0.237582216839771,0,NaN
3.48927324322022e-05,0.274483851918543,0.266520387561147,0,NaN
0.000484487924517435,0.43522896142439,0.325680731967915,0,NaN
0.00427659035133013,0.12727114237767,0.27672856558954,1,5.4
0.00109052750948417,0.0858975576184666,0.215553816477133,1,39.64
0.00381050408383643,0.223539914138624,0.106082626668377,0,NaN
0.000213330731255719,0.175291216854425,0.330502530125131,0,NaN
0.000220234057187975,0.358174477646357,0.238921330118434,0,NaN
0.00185057882691328,0.0174611926327876,0.300686773466673,1,30
0.0026344752688461,0.449065673457692,0.277804244068337,0,NaN
0.000582206412076849,0.280998147835819,0.31824867873681,0,NaN
0.00576539684521608,0.238881273742281,0.207286091761278,1,31.81
1.35582587179916e-05,0.332450606317601,0.349255724861381,0,NaN
0.000155724347045763,0.128912233379637,0.416002411290145,0,NaN
0.000112266404674296,0.256939760938879,0.0812006822390411,0,NaN
0.000196265289542607,0.23654916833258,0.321104252399974,0,NaN
1.98478822040934e-05,0.460775996228369,0.316022791145048,0,NaN
0.00476885849807069,0.223313244238393,0.491128590834898,1,17.02
1.01700527826911e-05,0.251530651795835,0.172162143052154,0,NaN
6.08366292828318e-05,0.475647881887852,0.297350199743941,0,NaN
3.91676634694356e-05,0.334959503835538,0.390961885041972,0,NaN
0.000113249710115245,0.475184771641321,0.360414935235868,0,NaN
3.35576878263367e-05,0.164339940957844,0.0826799698794964,0,NaN
6.54379662616548e-05,0.162859861298936,0.270525388735289,0,NaN
4.46688005995461e-05,0.0398527102093262,0.132455058236298,0,NaN
3.15036450678202e-05,0.174505480223491,0.118571571105624,0,NaN
7.70308231807567e-05,0.168727525842939,0.146229266460058,0,NaN
5.20050918542877e-05,0.355012668298681,0.375055001544217,0,NaN
4.09161631079908e-05,0.418777918689051,0.24061894800934,0,NaN
0.00180448420193803,0.36215336002046,0.367013730552415,0,NaN
0.00206232509894764,0.464691170871623,0.496402670431111,1,84.91
0.000112682636339091,0.241032474985527,0.267778835360473,0,NaN
8.24053242649626e-05,0.279601709129573,0.0132996724475884,0,NaN
0.00459098031888492,0.314643558938452,0.494816690337916,1,29.27
0.000364180051733783,0.349544028809836,0.342963331492219,0,NaN
0.00996678173211384,0.176515162866149,0.0593684866760764,0,NaN
0.000252027642748875,0.0529227207555671,0.45614953232806,0,NaN
3.39722570239859e-05,0.0700929615224076,0.23129532665247,0,NaN
0.00117414676849197,0.181990694573173,0.43357767827437,0,NaN
0.00761614838825476,0.297027138937742,0.281688918149499,1,21.61
3.14982283630345e-05,0.126891795824656,0.355917839728576,0,NaN
5.43508028910248e-05,0.114845100179615,0.128003305938182,0,NaN
0.0017769111653612,0.0528727242387993,0.10770341318158,0,NaN
0.00703647296261471,0.426574460141642,0.101666709422214,0,NaN
0.00715159372344724,0.330857563608157,0.436689735592658,1,8.51
0.00208081303596995,0.0660163831571197,0.401340370527982,1,41.45
0.00273140108534585,0.389483048874444,0.0118919304341285,0,NaN
2.91122729564102e-05,0.0857585500621099,0.366427422107368,0,NaN
6.70426047160436e-05,0.234283174568732,0.0591599552439299,0,NaN
0.00766790741673578,0.198922641328269,0.0554516585557817,0,NaN
0.00462536635266261,0.331676340019053,0.429166620742372,1,13.12
5.29912132845043e-05,0.168489881189131,0.149580453808239,0,NaN
0.00300912474192575,0.216905556868786,0.212634521250307,1,31.18
1.78274123581135e-05,0.164309395182242,0.0890746281405878,0,NaN
2.94777216938235e-05,0.0257598017884534,0.431203003133008,0,NaN
0.00248239942728566,0.436355201504869,0.0123704057015591,0,NaN
4.76284607855393e-05,0.122842996245823,0.323398571077053,0,NaN
2.3955080801678e-05,0.28780985468719,0.432239980362957,0,NaN
0.0025136718795413,0.0933910888744203,0.0912482234414656,0,NaN
4.70253825742397e-05,0.158136769155506,0.140196632954902,0,NaN
0.000357895107718557,0.288984602967803,0.0272656791898959,1,86.79
0.000136603458289517,0.426767825639226,0.0915605558303541,0,NaN
0.000440825195029873,0.488575869845501,0.371021708335472,0,NaN
3.37583297756054e-05,0.158535236676687,0.144742001673953,0,NaN
0.00060029944780908,0.150852397635073,0.226671482235593,1,51.91
0.00310974629863551,0.0734948805395312,0.392048137384758,0,NaN
0.00159201840230552,0.497071481500901,0.487242834885539,0,NaN
2.86460003877785e-05,0.326653041984841,0.477794463764529,0,NaN
0.00417795355598074,0.120242220269665,0.430638703298883,1,8.4
0.000199108462531374,0.0281836305690433,0.125739098946775,0,NaN
0.000650254450422485,0.382420586245141,0.271968060822514,1,82.04
8.05212846223834e-05,0.445902240645755,0.424476155108621,0,NaN
0.00313056098984883,0.0532615231436161,0.0644509671935751,0,NaN
3.95234966459127e-05,0.323594335086506,0.236433557372372,0,NaN
0.000199752821948601,0.135677492349561,0.110516255583117,0,NaN
0.0031438195116134,0.102390693064328,0.361110661621184,1,12.33
2.17511539673803e-05,0.27965204731809,0.0142062981098189,0,NaN
0.00330379389520479,0.0921871424724881,0.336287681497683,1,7.69
7.3177789696244e-05,0.474835482521255,0.378405835853708,0,NaN
0.00191032387620862,0.0760902903640339,0.47767779355238,1,40.4
0.00360928727990494,0.398984167932814,0.456808113266857,1,23.82
0.00484984063536166,0.111750762342692,0.488088708635565,1,7.43
0.00474347017478287,0.319018862523944,0.283654021564975,1,15.04
0.000102845130972101,0.477279937151751,0.368479087052473,0,NaN
0.000772826412890355,0.293222594637023,0.406091589910397,0,NaN
9.4026303748176e-05,0.459128779286134,0.0851955706969039,0,NaN
1.09601006040598e-05,0.23799588645931,0.48020396959954,0,NaN
9.6188242037054e-05,0.104369874960303,0.224595515140973,0,NaN
0.000779791728132806,0.36217847920334,0.116829159006733,1,24.86
0.000341819312251476,0.327477510712063,0.465874363199031,0,NaN
0.000514470606700108,0.347082372518549,0.19770836858598,1,72.1
0.00890833223560859,0.100044937686689,0.178834789521992,0,NaN
0.00183724236443671,0.0695207533515113,0.257737362703596,1,22.42
0.000102970187184066,0.472475009763328,0.410968805367686,0,NaN
6.42487637654273e-05,0.0791158396056285,0.116260764468029,0,NaN
4.46239074137521e-05,0.264166038392122,0.440370216166445,0,NaN
0.000318951203459124,0.0697742381536534,0.330166598452922,0,NaN
2.80652229909301e-05,0.0862118585504341,0.0459501403333189,0,NaN
8.53078868080302e-05,0.196238940855204,0.276893275562485,0,NaN
0.000475549986766542,0.311858473856314,0.41084388296143,0,NaN
6.57469839561635e-05,0.0854072116404083,0.439154610525663,0,NaN
0.00240738360634709,0.110067723362198,0.271606993520323,1,9.13
1.30617389713705e-05,0.0334513685472924,0.123350020319774,0,NaN
0.00494973275328732,0.0227149138341514,0.150631959494595,0,NaN
0.000824909022806181,0.352522961632949,0.0776238669021822,1,37.39
0.00431578367688091,0.327007638927953,0.47413786184998,0,NaN
4.16332296911024e-05,0.195421995778361,0.166500919371238,0,NaN
2.36345155867571e-05,0.216713722016118,0.440216251887757,0,NaN
0.0014827237273473,0.192356054072896,0.492367371290194,0,NaN
0.000120483664571676,0.12250817532281,0.12383713099724,0,NaN
0.00020319601689832,0.389287794644647,0.232583851438036,0,NaN
0.00114799529042565,0.350857059445353,0.394254877140338,0,NaN
0.000518549905392042,0.248618639920302,0.457517417735713,0,NaN
0.00220610053453886,0.299515337995006,0.373765468233022,1,25.7
0.000451198313436146,0.120020387626842,0.29209366935343,0,NaN
0.00921529106779512,0.185287111492487,0.239152107631409,0,NaN
1.16035965503551e-05,0.12250313891934,0.0491059855826616,0,NaN
0.000287716837849051,0.330189251781187,0.393516474915615,0,NaN
9.85358204331958e-05,0.25133475066249,0.124466157331764,0,NaN
2.98794373759419e-05,0.476459420707656,0.0985277040259499,0,NaN
0.000226092230451566,0.121712224230752,0.407630630486262,0,NaN
0.000256662531717798,0.333199278468231,0.45520152721697,0,NaN
0.000268980658905474,0.15701131875382,0.142463197209727,0,NaN
0.00188041015913081,0.0610829451064322,0.166367502723913,1,21.53
1.88534887124074e-05,0.0727860423430415,0.433294500662869,0,NaN
0.00366577786312187,0.144608105264736,0.485018276142853,1,25.83
0.00022548665482445,0.329596658709217,0.148062676369754,0,NaN
0.00372303343598044,0.111654872444724,0.268966156418589,1,8.83
4.70765146594468e-05,0.0541523210570653,0.21196311405552,0,NaN
0.000130962999779678,0.25680040539733,0.376362180976066,0,NaN
0.000109251278463426,0.153552985292,0.0433843169007735,0,NaN
0.000547466751066219,0.322366386646094,0.250289392333587,0,NaN
0.000189837000935474,0.106606966246087,0.223860826958345,0,NaN
6.86728744459074e-05,0.101638717161618,0.229093683690291,0,NaN
5.05145581409906e-05,0.402520247255063,0.415564278277675,0,NaN
0.000561539358452897,0.413000349201072,0.354027539486789,0,NaN
0.000204339156275553,0.439606581384037,0.10143249434971,0,NaN
0.000164268366503501,0.331971782458675,0.186452240347408,0,NaN
0.0055717233052612,0.285320549984803,0.288104657568414,0,NaN
0.00492314991767112,0.48141909198512,0.297026388708093,1,16.64
0.00380008090221073,0.464724279145107,0.312073750241221,1,13.99
0.000663982695852368,0.279332098751637,0.376799503983643,0,NaN
0.00360632094769129,0.256602708990687,0.304965791893203,0,NaN
6.29645617582967e-05,0.350238571280325,0.391207675736466,0,NaN
0.00195652952277159,0.225834218109969,0.0403213052759553,0,NaN
0.000169607428072741,0.0345015807993211,0.050058048994304,1,61.59
0.000117072147230815,0.287657127649176,0.47722043581323,0,NaN
0.00431981553701736,0.490141818952358,0.11791483946567,0,NaN
0.000934242922412628,0.435105177131963,0.453988987578995,0,NaN
6.23470469952134e-05,0.127412527596865,0.489186348263299,0,NaN
5.75031891344454e-05,0.170069020449386,0.16658959549103,0,NaN
0.00153399908058824,0.126035585216619,0.367646811495395,1,74.4
0.00289404678217328,0.468833872152157,0.298982248456006,1,20.41
0.000145891195300963,0.382786426904006,0.396463870031554,0,NaN
5.92476517670492e-05,0.373664995308022,0.0996708047259166,0,NaN
1.56478375259495e-05,0.304068805704773,0.431739484268697,0,NaN
4.24045686256289e-05,0.240676180983232,0.246001738431757,0,NaN
0.000687984869143025,0.490559891701679,0.04918203071747,1,50.61
1.46336960445312e-05,0.0155073803213867,0.0680663002195225,0,NaN
3.48788383061424e-05,0.0286926862485014,0.0768929376215622,0,NaN
0.000609705837823751,0.282563901476663,0.416560517952415,0,NaN
1.30098639563734e-05,0.36921872719995,0.311543520062466,0,NaN
0.000796017260821769,0.29782786343494,0.118484477179939,1,20.99
0.00972459855577379,0.336686370085499,0.451068836298486,1,12.9
0.000282427741900197,0.280537412692577,0.34878223099789,0,NaN
0.00208425554255918,0.393376083638384,0.126109470168812,1,34.95
0.00290323755421995,0.0713123514878693,0.197806466053466,1,22.2
0.0012873556201041,0.0283153626309612,0.198112093530488,1,10.03
0.00641695850873433,0.0239020972837279,0.322736042012102,0,NaN
0.00853294738170499,0.320963208927443,0.34911076847509,0,NaN
0.00774911636600311,0.385616124715455,0.191444815381833,1,48.98
0.000139375670891181,0.382649546555053,0.49131852301289,0,NaN
0.000281003384525557,0.206229878973045,0.0956956590965494,1,58.16
5.01798832703549e-05,0.28548650834173,0.214998601206899,0,NaN
6.85486953078302e-05,0.392757222002675,0.336874537768537,0,NaN
0.000875128090366263,0.450486777431321,0.210441132294054,0,NaN
0.000238737111336238,0.181614551716615,0.355640087607425,0,NaN
8.73510616396412e-05,0.272545247224983,0.206968456611835,0,NaN
0.000120599778485256,0.067755252122451,0.0175834801635419,0,NaN
0.000318905247107787,0.136725562140512,0.418875281908407,0,NaN
7.90342075693769e-05,0.0845575564066745,0.239583592505741,0,NaN
0.00258891411474711,0.468899185429836,0.369677046198571,1,33.05
1.48042875912366e-05,0.391210253657791,0.377399535208514,0,NaN
2.19277254800272e-05,0.105150555401766,0.255242956417491,0,NaN
0.00120662746535348,0.308345926007744,0.243695336968,0,NaN
0.00147724967658284,0.444934573723429,0.367023342277999,0,NaN
2.70034414613136e-05,0.212902588654215,0.0668466817524063,0,NaN
0.000250104414392881,0.100945355322574,0.151048402790353,0,NaN
0.00369754189999364,0.393007126751369,0.275011957507483,1,10.52
1.87742366696975e-05,0.275453103985082,0.432445990293481,0,NaN
0.00010655946206259,0.322692401466361,0.392312470192879,0,NaN
0.00597614038842889,0.417426397622407,0.199291147015976,1,48.8
0.00458093750031125,0.162380705466123,0.138784911452112,0,NaN
0.000329509788703854,0.307867001738605,0.430444048141586,0,NaN
0.00133455636823463,0.450651614532881,0.453718091765792,0,NaN
0.00219299018775269,0.265487129714667,0.38738061075601,0,NaN
0.000107915679759705,0.286280637901557,0.117924094211548,0,NaN
0.000856846263965597,0.109031652359984,0.394541395084162,0,NaN
1.11102214641472e-05,0.26933953212995,0.305639978985943,0,NaN
0.000309781886124799,0.401042892107594,0.309968661997316,0,NaN
2.66463719034548e-05,0.0660055392182147,0.263220685339975,0,NaN
0.00764805033541707,0.150697143189158,0.174690347507966,0,NaN
0.00180908825290385,0.186857969500901,0.220305543221831,1,11.03
0.000179966706376001,0.0985299944120074,0.175058960306262,0,NaN
0.00201563735022121,0.153464102669672,0.455862337413269,1,31.61
0.00681137319471889,0.319457377507128,0.493285125130407,1,9.06
0.000166179496441668,0.487992492613699,0.0595613012176943,0,NaN
0.00581049796199411,0.0315409963751348,0.0465518084770834,0,NaN
6.03921629298678e-05,0.335072024714169,0.476602939231428,0,NaN
0.000212408556034455,0.0445549869476515,0.173066120798995,0,NaN
0.00062173998610411,0.107966976048186,0.411300507083476,0,NaN
0.000492859057011389,0.157248569185523,0.0724383297247651,1,40.04
0.0006388082114347,0.449839925761248,0.160696775017633,1,62.72
0.000129231135466946,0.0202900040905485,0.145740735732482,0,NaN
2.991125798964e-05,0.341253736843895,0.395635032266643,0,NaN
0.00028793536775687,0.327897673244031,0.358075573180587,0,NaN
0.000612425995864749,0.1819081402029,0.224085941354332,0,NaN
1.06216799978315e-05,0.376461291616554,0.335348802379843,0,NaN
2.81934414849115e-05,0.251430651984832,0.0224233397716878,0,NaN
5.43503403626294e-05,0.245850600846808,0.0702409206329264,0,NaN
0.00292491129517002,0.253423807405386,0.179702737408805,1,29.5
0.0073208675866298,0.235746343433888,0.481808757573188,0,NaN
0.000301189080501792,0.417204822976268,0.138463194265765,1,89.76
0.00153622955282788,0.444770624524488,0.310483614126937,1,65.47
0.00492452479793144,0.413354364865757,0.223819948882215,1,34.75
3.09504929623752e-05,0.122352563422656,0.0919466464772028,0,NaN
0.000896250957703681,0.095362221801191,0.370265671141701,0,NaN
0.000687986144434908,0.0634297582882445,0.371026429441925,1,94.24
1.19873411569161e-05,0.0460636722563589,0.167450836517351,0,NaN
0.000121953461801046,0.115875679234888,0.438131086220031,0,NaN
2.5067424033832e-05,0.0763170089575027,0.113707072097402,0,NaN
1.04611067914364e-05,0.028443145480948,0.400210033534945,0,NaN
2.10306377321004e-05,0.235490657396855,0.352970502383485,0,NaN
0.00993242472621513,0.335933742726309,0.311290654485213,1,28.09
0.00144228758419263,0.338975501201432,0.452252420421101,1,71.86
1.87288128352812e-05,0.455381522171025,0.0825745841351376,0,NaN
1.77696985657406e-05,0.417937119251325,0.0275289914837343,0,NaN
0.00250106725532046,0.121411329266481,0.45992070956773,1,31.84
0.00901770262626668,0.369562282040758,0.46390494041799,1,15.27
0.000102293838605559,0.0586798316161174,0.108035711581112,0,NaN
0.0007295284770649,0.327703169138055,0.0994331057432379,1,23.52
0.000408144012854692,0.0534690236901328,0.419005974486413,0,NaN
0.000452155087199412,0.390784566501985,0.0370995450648891,1,66.33
0.00334815895760993,0.497313635060261,0.431887496714814,1,47.42
3.29783419712033e-05,0.238268428846895,0.251844889614952,0,NaN
2.37644350421079e-05,0.24532865592282,0.461658809861709,0,NaN
0.00359528496849666,0.495806807090485,0.131830651947306,1,55.58
0.0066843747628649,0.422621571195905,0.104280452247246,0,NaN
3.87166684457106e-05,0.0585545794249627,0.0543343861927682,0,NaN
6.31166221035033e-05,0.265223096094664,0.179063896192529,0,NaN
3.55474404808571e-05,0.292736223666237,0.087855641715883,0,NaN
0.000391621457104218,0.0835076653039319,0.443034102844294,0,NaN
0.00182160565326253,0.422832312529057,0.164366506096821,1,21.28
0.000844580553406297,0.467036280839103,0.484749554023736,0,NaN
2.28978585446889e-05,0.112267422505658,0.393907753375058,0,NaN
0.000403706942040115,0.239922709395164,0.463739757596491,0,NaN
0.00114328446013364,0.0105698784914833,0.320746687252844,1,12.29
2.03535219597967e-05,0.246155284979133,0.455470771902647,0,NaN
2.47431692429213e-05,0.453517391734379,0.45830970477604,0,NaN
2.2845197379781e-05,0.109381460543858,0.296171902070218,0,NaN
7.40099655385337e-05,0.0968629739597216,0.0444839336241259,0,NaN
3.24066391551169e-05,0.123211264792521,0.470221523766009,0,NaN
1.63497917871204e-05,0.189560702024073,0.315232434327932,0,NaN
0.00239075517534816,0.121985273393233,0.218640571339561,1,10.66
0.00184936867282123,0.30512741842739,0.222548124396467,1,14.44
9.83802204097891e-05,0.0230536425013518,0.39196083883889,0,NaN
1.04426059664742e-05,0.405669481372301,0.459721406111844,0,NaN
0.00108475450689886,0.17016534792439,0.164471035789041,1,14.75
0.00411338441023697,0.486951379225484,0.186042032756976,1,28.96
0.000785174763052183,0.161931862822343,0.0782263704361631,1,66.44
4.65703785975262e-05,0.209021729278382,0.111219147291962,0,NaN
0.0045844869360204,0.437542453543219,0.0995993313288519,0,NaN
0.00145183435305848,0.145252053768364,0.155009544967283,1,10.12
0.000129784064891761,0.431876514950856,0.266255708951945,0,NaN
2.69194467907258e-05,0.332569150429364,0.0245883592625889,0,NaN
2.30583069768064e-05,0.254069897534733,0.296862094558001,0,NaN
0.00124942418089592,0.319333298268725,0.329532757172649,1,51.15
1.123744111286e-05,0.327930088123979,0.47075550815598,0,NaN
3.736323410016e-05,0.461247144548507,0.372472215475147,0,NaN
8.63657524441922e-05,0.161733362704221,0.396314344281425,0,NaN
4.37205143303113e-05,0.010500528323303,0.0667535935138332,0,NaN
3.32132325288675e-05,0.39649417576018,0.0497938668516113,0,NaN
3.44587176434955e-05,0.0800207349385634,0.381357361751296,0,NaN
0.000266541719080443,0.149709426827446,0.489570615021834,0,NaN
0.00517850496744847,0.37985318020261,0.130301449485556,0,NaN
0.000158770860920711,0.0388305078030859,0.0157789150746038,0,NaN
6.79987435090541e-05,0.364826503447976,0.471053911373452,0,NaN
0.000307001599355175,0.390312628949705,0.0431182944451532,1,45.18
0.00571289785424116,0.16516598680738,0.0551668079684371,0,NaN
0.00624100598582852,0.42409731727833,0.346853040044118,1,7.27
5.13289123437838e-05,0.307430954737949,0.235944150947417,0,NaN
2.86338007946562e-05,0.43832099450483,0.0621467548151708,0,NaN
0.00110532866130779,0.0195412831033302,0.167557035791426,0,NaN
0.000886664253640075,0.459818577138388,0.261538383966873,1,72.67
2.18648926552348e-05,0.470728089621593,0.374762624303775,0,NaN
3.93084800268798e-05,0.252221661103611,0.423490486406982,0,NaN
0.000488929965925206,0.247234348730483,0.429187446800912,0,NaN
9.2330966953675e-05,0.180701424215525,0.205853752734627,0,NaN
0.00236271240555219,0.442836646205073,0.303455184282351,1,20.94
0.00429093442946889,0.10985363857696,0.0206173285925594,0,NaN
1.73464352439371e-05,0.471295290462712,0.269242879592453,0,NaN
5.05397429428108e-05,0.315429298774606,0.0372572322864627,0,NaN
1.25033566923755e-05,0.330683356516641,0.493749116942331,0,NaN
0.00513054853420673,0.172678284884451,0.270887276468268,0,NaN
0.00453927122028111,0.313358302245912,0.451084956694542,1,13.94
0.000229617617781892,0.464007443358256,0.358007197127304,0,NaN
0.000169961026978673,0.147588482637695,0.368002229104568,0,NaN
5.15577546267426e-05,0.380291222289398,0.248600764185575,0,NaN
4.67508291427558e-05,0.427418086153788,0.0567582874344667,0,NaN
0.00234750817666542,0.434018553517957,0.0559849062146214,0,NaN
1.05809153754478e-05,0.169212379107461,0.21729065754436,0,NaN
2.46093839096825e-05,0.0309852070343044,0.0576802872920468,0,NaN
0.00844347505711011,0.436581646541145,0.263119077653767,1,21.05
0.000415725677372145,0.446463677227524,0.362432798497373,0,NaN
0.000147635266107723,0.0129937458949119,0.496792051174392,0,NaN
0.00584750561321704,0.433236869250366,0.429584282055609,1,14.79
3.97350535686918e-05,0.0166700970634688,0.117418255226362,0,NaN
0.000144339261743104,0.460273085612307,0.377415727169215,0,NaN
0.00411646410572735,0.0777395538865159,0.204514955749335,0,NaN
0.00011951081868239,0.306183857177679,0.339271208700914,0,NaN
0.00693558996594679,0.182847235312729,0.258702085491001,1,26.45
7.10779176843826e-05,0.297954139247736,0.266464126154055,0,NaN
0.00459210737484376,0.153941823629426,0.343167283765397,1,12.05
0.00271448015165396,0.0193953205606154,0.368725983581052,1,7.84
4.44987765253657e-05,0.478642671625787,0.402518326446905,0,NaN
0.00681157676909,0.0510436723587817,0.190236963421219,0,NaN
0.000925354464387012,0.137554192985996,0.0130744655423876,0,NaN
8.04513806195104e-05,0.411582105941649,0.344987356879311,0,NaN
9.32582254656775e-05,0.460407560420262,0.451123961062256,0,NaN
8.1765024853718e-05,0.450150569575752,0.341338378689813,0,NaN
0.00235966129041028,0.484554843616618,0.221366734795347,1,15.63
1.6127981991492e-05,0.0886562156787929,0.320743420553253,0,NaN
1.55938375651924e-05,0.0109245419946703,0.31701841179137,0,NaN
0.00123706517632667,0.412463080070983,0.384745159849927,1,94.59
1.0329063326886e-05,0.264689564101008,0.124208690457344,0,NaN
1.90608903905285e-05,0.225585959017834,0.307013461992225,0,NaN
2.9897329554803e-05,0.127504018571872,0.334251578906614,0,NaN
0.00126802105328485,0.131573884443296,0.224099296644335,0,NaN
0.0050138163358299,0.185113799505135,0.142067431620653,0,NaN
0.000743121233786281,0.484880488403939,0.040278036527615,1,51.87
0.0026174606093875,0.422951147468902,0.370711073376266,1,30.35
0.00023798801300976,0.282554747949167,0.321728055872693,0,NaN
0.00631336617523871,0.136637250567374,0.120123471818158,0,NaN
0.00032219218446842,0.170272232530673,0.230680838101122,0,NaN
0.000702265306980456,0.0424043632684457,0.304189936416902,1,77.43
0.000809375048327065,0.212413515350446,0.0140721771392828,0,NaN
4.86318997055542e-05,0.236342435201984,0.143069283824335,0,NaN
0.00436995048794684,0.0224753447563411,0.197930047501353,0,NaN
0.000297076861530153,0.424911151819047,0.215149505315403,0,NaN
3.12854073955778e-05,0.215607099991999,0.344361715153076,0,NaN
2.00558838246874e-05,0.401806009442916,0.423680623775009,0,NaN
0.0011016940210717,0.209680094061649,0.100150075161029,1,43.64
0.000183132208925662,0.150936239893241,0.304338705103012,0,NaN
0.00181236794691825,0.0190637034437717,0.17255747027161,0,NaN
0.00246514380578571,0.0344134756732798,0.401874435127594,1,28.56
0.000429167171992481,0.0499100726763199,0.413708873650386,0,NaN
1.41104444964993e-05,0.188321014427687,0.0496319378960949,0,NaN
0.00221307734386177,0.464646316223304,0.208960977332249,1,27.65
0.00223390027460173,0.367332346015958,0.461528588151885,0,NaN
3.86862741455404e-05,0.2725839703862,0.255830297915849,0,NaN
0.00119280477694478,0.383365613043771,0.06531086107359,1,52.67
0.000713656106406016,0.133072450040465,0.0256621152664808,0,NaN
6.29043798095277e-05,0.425453622863071,0.192368126398829,0,NaN
1.39176061352022e-05,0.388544017791652,0.2416547534191,0,NaN
2.55153234546066e-05,0.185395700214553,0.0949703773967967,0,NaN
0.00116703151467682,0.125859845091293,0.105195702863845,1,33.42
2.10671014940088e-05,0.199004983273812,0.0123017957383939,0,NaN
0.000107330044059174,0.398736453009228,0.248172978875834,0,NaN
0.007882227380366,0.188489547540379,0.419520329412838,1,11.34
0.00133282935191043,0.0256037278678896,0.0126416708369685,0,NaN
8.95854017775132e-05,0.371523693042892,0.121187546971998,0,NaN
0.00293563802599034,0.0537006360477794,0.186549942161191,0,NaN
0.00377832459620971,0.398376434637493,0.410873836805249,1,22.65
0.000276075758296963,0.389965383463722,0.13097992245684,0,NaN
0.00547630831482322,0.180424601527973,0.307787971890287,1,14.3
0.00186014402601286,0.439331687602071,0.274229938129063,1,31.01
0.00211952925651701,0.169495655130142,0.0340283657477415,0,NaN
6.17411925289088e-05,0.424778549721384,0.486072275667512,0,NaN
0.0017753498349659,0.197876718439024,0.0192648976854513,0,NaN
9.1521062850517e-05,0.453008317336077,0.229611801340951,0,NaN
0.00129540694665976,0.394316564614858,0.113836415243168,1,31.97
0.00282913544609926,0.0169279813372761,0.41750493170796,1,32.94
0.00449557139283245,0.401480612413421,0.201857769106439,1,27.27
0.00136044986164729,0.160149590070697,0.286397278558245,0,NaN
0.000488319474174244,0.277312681412474,0.462993637855071,0,NaN
1.66387360396998e-05,0.167108365444367,0.0292907581532485,0,NaN
0.00654425618881801,0.171747634171356,0.0441663031475833,0,NaN
1.58436896500985e-05,0.165520886468418,0.39531032765575,0,NaN
3.05217291966043e-05,0.193201192928946,0.222214773108908,0,NaN
0.00955810609901347,0.135066214288744,0.422216713812738,1,7.28
0.00045907701352442,0.446388818177351,0.416188731466201,0,NaN
0.00446694181580482,0.169218643743691,0.446404081148826,0,NaN
0.00232650215301772,0.308224946328302,0.202174512327949,1,19.25
1.13827433733083e-05,0.0420070803772708,0.162975408981205,0,NaN
0.00121953969897289,0.110792245280328,0.089723966923375,0,NaN
0.00185211871564956,0.32340096171852,0.421441703599302,1,46.45
0.00355917270522603,0.202113546216087,0.462729171860342,1,26.31
0.000377543082390861,0.0813937438579321,0.0361460571566525,0,NaN
6.47672285032133e-05,0.0845342671042823,0.187330158474538,0,NaN
0.000312886702565572,0.17597036405578,0.108102048381105,1,47.83
0.000133329713738792,0.313043010166579,0.486806839451487,0,NaN
0.000695392757812626,0.0858673426861608,0.38125582854886,0,NaN
5.3427560943022e-05,0.0996308200013754,0.0932885350850631,0,NaN
0.00145798094999002,0.380541257786369,0.198921182573705,1,21.92
0.00299368600652488,0.152028006822665,0.157757375822727,1,9.63
0.00105083270198012,0.262744448683652,0.0981083231108762,1,53.38
0.00799323336806135,0.0397121116382012,0.0789075775540936,0,NaN
0.00827027683385997,0.255091965854118,0.172489795492093,0,NaN
0.00906190447766174,0.360631459578679,0.449003924768062,1,5.72
0.000407029854027912,0.083699375981941,0.0362487005188793,0,NaN
0.000500666825404794,0.180935341066906,0.373162230868782,0,NaN
2.36151331104459e-05,0.188921757968164,0.440007077996995,0,NaN
0.0096026394648818,0.302058563244352,0.211560920271488,0,NaN
2.32333459135871e-05,0.416352958357573,0.14631265419496,0,NaN
0.000236574959276605,0.0971564415371096,0.472775611581144,0,NaN
0.00416404367744394,0.463541541158977,0.335514368615522,1,18.66
0.000113884555042233,0.079110058199989,0.257917767757794,0,NaN
0.00212748822311651,0.232081171391745,0.490008353650934,1,55.01
0.00227186183775755,0.112674406996483,0.433028837197772,1,36.84
0.00638545083814927,0.439890948776336,0.183241320998468,1,63.88
0.00324289975817027,0.268864691137514,0.166020522155286,1,40.84
0.000293517091882598,0.184547490055433,0.299910607028158,0,NaN
0.00237889297917013,0.245719712492453,0.475399176339463,1,43.52
9.61289232968156e-05,0.496041971672628,0.071280801321969,0,NaN
7.73105549231691e-05,0.283127749071106,0.380701561498383,0,NaN
2.7893577677056e-05,0.474921439973342,0.261986199037584,0,NaN
0.00520021328741724,0.18623483008583,0.0743380917672315,0,NaN
4.03053988076713e-05,0.0493030702472519,0.486850770830221,0,NaN
0.000757788147843107,0.278666790157444,0.0756148493656902,1,39.57
0.000412649317876988,0.254138722632895,0.197584396594269,0,NaN
0.000716793661695803,0.330943534855817,0.0190237083231658,0,NaN
0.000953868631645421,0.0590462538901939,0.427435198058682,1,68.05
2.28010675699176e-05,0.375784580372332,0.164524512130695,0,NaN
2.60260713960826e-05,0.0935213050674638,0.380241351169448,0,NaN
1.53783974950221e-05,0.452953928068525,0.0407568669368289,0,NaN
0.000568211559666697,0.334585814786164,0.301876029666239,0,NaN
9.21711694772528e-05,0.236797307650203,0.42399351261931,0,NaN
1.43645289353061e-05,0.466030972491781,0.327238822597013,0,NaN
0.00117497725049224,0.177889463679227,0.200190535383148,1,19.32
3.79609506474266e-05,0.0364943738843468,0.387090409768592,0,NaN
0.00491418021277539,0.261869018212419,0.049102084257903,0,NaN
0.00018925232801974,0.0644998355924894,0.0614979064002371,0,NaN
0.0023359581162104,0.339789523664745,0.179794253721365,1,20.53
0.00194160057025998,0.0774458662872574,0.363179954016109,1,28.35
6.17223198024895e-05,0.458143605670854,0.354630349968904,0,NaN
3.07943945897811e-05,0.28391610596522,0.308360751221489,0,NaN
0.00106906504675652,0.225950618906575,0.346152605348573,0,NaN
0.000114316184088029,0.0286920529897974,0.436446619475403,0,NaN
2.62501807181158e-05,0.37577131399145,0.262226522976261,0,NaN
5.62008180647501e-05,0.381841502902952,0.138240323746838,0,NaN
0.00704487335750786,0.155029863367534,0.291113947539617,1,18.45
0.000428230352828876,0.236182936985879,0.153146210300566,1,47.15
0.00106285738341232,0.0476288376985848,0.461655780084535,0,NaN
2.93541047620993e-05,0.490053704393217,0.225274608443207,0,NaN
0.00410479696467303,0.457990276446686,0.467698767548783,1,24.24
0.000339801830299564,0.153145415508975,0.137316277361553,1,56.99
1.39431380527494e-05,0.0452697970019691,0.376863234135237,0,NaN
0.00876086580698675,0.457923077521068,0.315830185590273,0,NaN
0.00104395887842268,0.0232565561644678,0.0337313849917989,0,NaN
2.91303865126733e-05,0.239167607019905,0.057767209014031,0,NaN
0.000450849193707868,0.379715408258989,0.443482833181171,0,NaN
5.42202796191346e-05,0.439157169633043,0.17960756632365,0,NaN
0.00302318886268741,0.183720761420847,0.133290850875366,1,10.15
0.001403921990783,0.381362291138861,0.469642365233727,1,79.29
0.00108067886127348,0.177887325159246,0.153581179730832,1,31.3
1.07134318447703e-05,0.229850747426756,0.373933790445838,0,NaN
0.0011700011828697,0.392036108426061,0.0956915889826338,1,46.84
0.000111882582901451,0.0991694058180758,0.272279389061341,0,NaN
0.0033412326044825,0.27997854846708,0.127292823849389,1,38.38
0.000320830051561178,0.159034265544278,0.3188632962569,0,NaN
0.00287190985919206,0.201577071443624,0.0723653326199337,0,NaN
3.42581737243518e-05,0.399188110763323,0.165639784888015,0,NaN
0.00177224119472784,0.322000334317353,0.228198152025457,1,15.78
0.00274680787668611,0.332038860079429,0.417792011456688,1,30.81
0.000520143952717101,0.332285313853727,0.419703539517949,0,NaN
1.28515112829997e-05,0.116756440432672,0.469611256995426,0,NaN
0.00998590975433902,0.497181508249758,0.18539060518678,0,NaN
4.57748680273577e-05,0.369251055023208,0.29730718533112,0,NaN
1.22560817875887e-05,0.323861421107678,0.168323288097872,0,NaN
0.000270466203991693,0.166741473783221,0.0636736429295208,1,39.39
1.63419559843471e-05,0.4783897104875,0.425205454599349,0,NaN
0.00568521578140137,0.251923596181827,0.201071714235781,1,21.96
0.0031352592006349,0.473578867775422,0.408054394161445,1,28.09
0.000139378237947687,0.0275571660606353,0.235839375469863,0,NaN
0.00442192933759891,0.122914242524806,0.153994844822471,0,NaN
0.0067216559780367,0.452956144521265,0.429544179835274,1,10.59
0.000191091847094409,0.49932198227087,0.0991211691306672,0,NaN
3.17669271082477e-05,0.0611799242498346,0.052975794470696,0,NaN
0.000447638375720094,0.171123453918143,0.331754264869076,0,NaN
0.000205517902484597,0.22282260092853,0.378213259180045,0,NaN
0.00748257302533752,0.0489761395840852,0.150617180718232,0,NaN
4.83802651254258e-05,0.229894084867374,0.0697667517309737,0,NaN
0.000579804195327833,0.43718469356352,0.0989072833564625,1,31.34
0.00010159877405079,0.391726877642367,0.496371734088489,0,NaN
0.000322174208920273,0.434558544975693,0.376014085056292,0,NaN
0.000151231112558306,0.261752146411431,0.0314613820942452,1,76.63
0.00970242227826423,0.32958317061034,0.12975777787852,0,NaN
0.00328820875783721,0.420190117231298,0.123765700856148,0,NaN
1.07911999030243e-05,0.486515562434251,0.198479369001284,0,NaN
3.07010851310872e-05,0.0111434800279779,0.298081397728547,0,NaN
1.44555331425051e-05,0.393532765563314,0.399448369775624,0,NaN
0.00235769033207348,0.244302416127362,0.247044338764358,1,9.92
3.34875567111343e-05,0.361270480485524,0.0935187364576352,0,NaN
0.00014468745401123,0.0536526813473045,0.430472215468051,0,NaN
0.000208315160629047,0.111678320558711,0.494597144818641,0,NaN
1.449984087084e-05,0.0633097090592632,0.250161246785705,0,NaN
3.23649329377589e-05,0.394359590182827,0.200559899100832,0,NaN
0.00180103165398379,0.263926308372244,0.191792819988153,1,18.39
0.000601496932574573,0.194063466292086,0.354967964086472,0,NaN
0.000313572496854645,0.236126706605251,0.193526808444185,0,NaN
8.2508123287716e-05,0.352291337743633,0.410702925985357,0,NaN
0.000309772304370389,0.245766324892497,0.350688761928265,0,NaN
6.02336338156566e-05,0.329168756222329,0.239050755114816,0,NaN
1.79342676253544e-05,0.38393425117691,0.385393261332699,0,NaN
0.000125181307689224,0.274679147174852,0.455925664477611,0,NaN
0.00563870653181054,0.481042381177314,0.448331908380882,1,19.8
0.00011345606267307,0.23401968355471,0.327364195477589,0,NaN
0.000229469581583892,0.243584186903662,0.411486773730134,0,NaN
0.00487052575725312,0.430934044455007,0.320385616405729,1,10.38
0.00276866765000528,0.325916412957354,0.044545115225195,0,NaN
3.9506505679145e-05,0.479681303005959,0.296961510058368,0,NaN
0.0060805800080324,0.0851723655849915,0.0970517402407586,0,NaN
0.000781370788766505,0.252793808748521,0.0871193534847261,1,34.69
0.000251126104312708,0.46228157420924,0.321643587013164,0,NaN
0.00533849752206125,0.403588150675851,0.442550792014536,1,20.7
5.80522266319741e-05,0.359306145548176,0.376247855799777,0,NaN
0.00238519500630248,0.201455353060143,0.156951857360969,1,32.82
2.89602609229927e-05,0.108303259683698,0.305604462264515,0,NaN
0.0029178147956972,0.375356788568753,0.31432652614986,1,17.41
0.000145594938868306,0.480525457572007,0.372077096398483,0,NaN
9.84063781117115e-05,0.094222049626673,0.299295058767335,0,NaN
5.38935708036175e-05,0.212767750070768,0.156322011685774,0,NaN
0.00699494825508483,0.461603878852775,0.389201114090079,0,NaN
0.000515831612617262,0.214422857099795,0.171200559445031,1,46.69
6.62082918886287e-05,0.189726382048589,0.456765437809401,0,NaN
0.000986179520174777,0.0453677693131405,0.0612658632578736,0,NaN
2.17984782861075e-05,0.0854690645213005,0.360415009825436,0,NaN
0.00035868361715557,0.333302069425756,0.223888543257911,0,NaN
0.00559337870485425,0.353774481902378,0.118635878014277,0,NaN
0.000359615507295943,0.195371602038939,0.37439114560658,0,NaN
0.000703985786564357,0.323467123614093,0.345909335342614,0,NaN
3.39840518240659e-05,0.293665679560654,0.185756272926183,0,NaN
0.00832867780865469,0.347528615423889,0.263372397857061,1,34.37
0.000488998144482416,0.0521973460964392,0.0481707549030925,0,NaN
0.000727894616880609,0.275546891004839,0.173961166629081,1,35.9
0.00730066614125881,0.302241402707603,0.330590911412283,1,13.79
4.57772722798596e-05,0.377031975174186,0.45883862604557,0,NaN
1.47352547132572e-05,0.469008399185519,0.208820975546441,0,NaN
7.56040357779492e-05,0.275041659524229,0.421332907605037,0,NaN
2.40602172091051e-05,0.0847267689457491,0.103900747588323,0,NaN
8.15667451595667e-05,0.189945853769798,0.376694093319413,0,NaN
0.000102320800275613,0.0896624244041054,0.337538204043914,0,NaN
0.000167577136275627,0.485282491383596,0.282732954449541,0,NaN
0.00210339243786607,0.225482137502487,0.151321796559636,1,22.11
4.56475408138436e-05,0.247748377964042,0.241582610538554,0,NaN
0.000778504889100822,0.343304568975457,0.256713111092309,0,NaN
1.17573285148383e-05,0.0461952781330256,0.360227464181582,0,NaN
2.49775066983492e-05,0.436607300484423,0.128492314659447,0,NaN
0.000386708273523765,0.385198116085918,0.161093119143825,1,87.21
1.5276716328913e-05,0.429665189508489,0.356614179794297,0,NaN
0.0015134646619773,0.113461922490369,0.384001646600541,0,NaN
9.28377100701934e-05,0.353068783141847,0.48743376753421,0,NaN
1.65561409406637e-05,0.329073388236591,0.455851661067594,0,NaN
0.00118515510554907,0.241525948380123,0.463723333705097,1,87.05
0.00773751417390244,0.105097927521191,0.139689976596341,0,NaN
1.40869993325051e-05,0.170398845044314,0.360618817760702,0,NaN
0.00129749661618844,0.065349186175382,0.474527730650477,1,77.31
0.000458109935987495,0.199569769157255,0.0909834891076392,1,31.39
0.00361861101628475,0.384019183111551,0.123545573382992,1,79.42
0.000721215079502299,0.130206680938757,0.356094772736823,0,NaN
0.0005606745666308,0.336812957756363,0.285118814970481,0,NaN
0.000437460188609806,0.307435956270334,0.212196503377082,0,NaN
0.000875169216019766,0.309253410246256,0.280998508516931,1,63.31
0.00797825887922678,0.0660574128252273,0.168531011680837,0,NaN
0.000369941550361067,0.143367118288478,0.273171110158719,0,NaN
0.00201307787980248,0.328629664741074,0.146542344756512,1,33.57
0.000448476359929005,0.470396751426863,0.0468686674736826,1,41.01
3.11345414055557e-05,0.147692216454573,0.34218261002835,0,NaN
0.000138623330264727,0.39007217152,0.2217049294755,0,NaN
0.000133134155825142,0.459585306998555,0.161298906542711,0,NaN
0.000625584822124619,0.472875274354112,0.184317548721844,0,NaN
3.84794391184361e-05,0.108136601800682,0.150123888303681,0,NaN
0.000134570932828201,0.17998034481264,0.110668891621203,0,NaN
0.000197535840336793,0.112060241532853,0.340748524814465,0,NaN
0.00879769043520767,0.0469528031073626,0.252272644969451,0,NaN
0.000155008352049604,0.183812815516481,0.222773492726913,0,NaN
0.000503138045760477,0.422068153620384,0.391409202395207,0,NaN
4.99970854807306e-05,0.429913115720794,0.458089306503245,0,NaN
0.000866290277735454,0.288647067212699,0.221058143809246,1,51.91
4.46811569478564e-05,0.402260542846177,0.0343231467031322,0,NaN
0.000638273941535358,0.351238961842734,0.218981419555392,0,NaN
0.00309424697709193,0.136045450643192,0.21064944030058,1,18.31
0.000182535185636178,0.331205556914663,0.0933828701277748,0,NaN
0.000733550059109699,0.235636616361192,0.0420248817933388,1,23.87
3.60841205150807e-05,0.0298915364811762,0.181722775688146,0,NaN
0.000360199469632731,0.138250274202871,0.188184683104618,0,NaN
0.00266796692979624,0.188752903730776,0.212278540571998,1,20.53
0.0057886804420905,0.388681550528063,0.466220758732039,1,15.74
2.05649618368081e-05,0.111972062402415,0.21313848501003,0,NaN
0.000605373748923246,0.223108787764093,0.296232876196134,1,76.67
0.00180527151636539,0.326548035223647,0.187571747895512,1,20.96
0.00148911543231747,0.138286178268111,0.496021503179459,1,61.89
1.35884978701626e-05,0.188805941250572,0.275799634361698,0,NaN
0.00056676248673314,0.205846982208055,0.251499442890968,0,NaN
0.00227190711148305,0.401044084012773,0.15620135839108,1,23.94
0.00138655907685818,0.0691557306162536,0.430485994432891,0,NaN
3.7156927416829e-05,0.198176007960085,0.246115895560123,0,NaN
5.03809463562683e-05,0.212414337295236,0.422827723633615,0,NaN
2.54336725854258e-05,0.480041505883958,0.10304843147605,0,NaN
0.00707088466503062,0.10994221920271,0.448893901255586,1,3.43
0.000143397781302625,0.449273912359699,0.231215424076998,0,NaN
1.48527326850636e-05,0.0195299430560156,0.191575063473735,0,NaN
0.00113305732632248,0.279142218809521,0.249450087934001,0,NaN
0.000993171638491693,0.325393933446743,0.21735596322255,0,NaN
0.000662561044515135,0.0798356045573673,0.118492984509103,1,29.02
1.44194416914528e-05,0.259810960259599,0.192683585473642,0,NaN
0.00983864087691922,0.470448738452643,0.0900126825209764,0,NaN
0.000285008471991809,0.346237591119253,0.480034104550467,0,NaN
0.00116199113991947,0.364184942690977,0.139665639637965,1,19.55
0.0029912645009433,0.290415404598762,0.293708966655666,1,12.13
0.00398543741043247,0.338903390555156,0.127358907559903,0,NaN
0.00470674375878018,0.413888256296839,0.0341625998766313,0,NaN
0.00298670264886952,0.464082357988806,0.428967309965857,1,33.29
0.00333030655385997,0.0979492190604649,0.274866554634554,0,NaN
0.00263088974018886,0.419788529976478,0.276405931091122,1,17.04
0.000413799903449621,0.36024291133232,0.0869879839374369,1,39.49
4.12892921921774e-05,0.486228659822114,0.11891987122593,0,NaN
0.0050848883214426,0.248595000140223,0.302943300757531,1,16.8
2.54435125667626e-05,0.236061697273941,0.056890640645567,0,NaN
1.29348469017265e-05,0.130384320659901,0.245481679607384,0,NaN
9.94674613513317e-05,0.0981610551078193,0.488593666902741,0,NaN
1.63286850319022e-05,0.17161538507204,0.133281884689296,0,NaN
0.00034006606471899,0.299506842739426,0.378785257980083,0,NaN
0.00372543978048853,0.392552799049141,0.227284111383442,1,31.39
0.00710146778783687,0.0220370530952443,0.358502824588801,0,NaN
0.00801220007556045,0.0284437197596904,0.0731248239527215,0,NaN
0.00699027705961796,0.370288781466262,0.270359295005709,1,21.23
0.000127918195139199,0.0614744751082488,0.318870893295078,0,NaN
0.0062311138028928,0.038790979033215,0.44768420635963,0,NaN
0.000161445426413928,0.163401739522673,0.21748686235143,0,NaN
0.000191292745608559,0.194580683301337,0.496864368221503,0,NaN
1.99360572384584e-05,0.0163154752682172,0.0175512408515327,0,NaN
7.76391587850118e-05,0.455881144976818,0.203671454543475,0,NaN
0.0094051603456778,0.0389095608334775,0.447121798670324,1,11.11
7.11220024170044e-05,0.345003974829793,0.466540805763213,0,NaN
0.000159630919942161,0.106936075417034,0.290464061894129,0,NaN
0.00471742905252844,0.351930152171245,0.354646082251381,1,9.23
0.00143021375996702,0.215631038636906,0.476304201644056,1,59.3
0.000763158989314486,0.100741437796466,0.152943780802679,1,21.73
0.000115271060569096,0.445194372396161,0.474207539437906,0,NaN
0.000448999914242682,0.374522872987634,0.383927697288002,0,NaN
0.000208770830362193,0.264212025952619,0.243777893969318,0,NaN
0.000242891499296899,0.405607694248834,0.465658514015254,0,NaN
0.000368172729615633,0.182145180235036,0.0745705668356047,1,30.99
2.01571716821761e-05,0.487902216602166,0.47410175682627,0,NaN
0.00199802724599946,0.406521121404768,0.432182356977031,1,79.11
2.33334287253781e-05,0.287876418319107,0.304085530961151,0,NaN
0.000455924874261897,0.260582392718656,0.167004480151307,1,60.74
6.13312816343485e-05,0.297797527384958,0.210564771529351,0,NaN
1.30856239979575e-05,0.23221469676357,0.424367954925932,0,NaN
4.12526022956677e-05,0.108914124141818,0.0670891772420183,0,NaN
0.000176418973182809,0.085345598848888,0.331316893291832,0,NaN
3.13815474285413e-05,0.401027165409737,0.390164744844269,0,NaN
0.000562259535339226,0.4434447496528,0.209444118843628,1,79.98
0.000235181241876667,0.267572467240559,0.350845117028858,0,NaN
0.00319130900762863,0.330679585819229,0.252589958659991,1,19.03
0.000914029943416376,0.310379380342962,0.0782953396620387,1,57.14
0.00118506837265405,0.135259092106351,0.439859813939617,1,71.93
1.75131233547006e-05,0.289257819180886,0.45302050819965,0,NaN
0.00161020302910718,0.323908711179215,0.486868783098022,1,64.25
0.00588723354888379,0.435611375790843,0.210175381825975,1,43.62
3.22439157512398e-05,0.419888020976814,0.047549752775306,0,NaN
0.000719259865946742,0.15930443084717,0.196683973872671,1,40.98
0.00541320968832197,0.151930066557348,0.220216237244691,1,17.18
4.87621758116229e-05,0.302477379337296,0.0173456847835874,0,NaN
0.000493172740039369,0.350475935485058,0.284467877124114,0,NaN
0.00186954539254707,0.317430734375417,0.294807847776993,1,23.82
0.00186324308290646,0.0387222049109036,0.379509309206436,1,26.79
0.00213377834673873,0.333742453653082,0.0726169253093547,0,NaN
4.40481789548192e-05,0.301999204907893,0.491734870114854,0,NaN
6.1323308864447e-05,0.197929177419181,0.201179231771779,0,NaN
1.31063840022058e-05,0.305903402429348,0.239642217671075,0,NaN
0.0024324460280464,0.382162158218574,0.0199982227824057,0,NaN
0.000386974141963587,0.10246856233882,0.0737639556165546,1,35.13
0.00562658208395321,0.0361103153058699,0.241115027895808,0,NaN
5.45506917137575e-05,0.0531033111179707,0.17173489250674,0,NaN
0.00526547854142009,0.203446032124183,0.0620936039277684,0,NaN
0.0007003346686606,0.191796159916482,0.180097258602503,1,36.86
0.000447469039991422,0.178487151194751,0.246851078168227,1,88.05
1.14790340828118e-05,0.281590896092733,0.31187754499178,0,NaN
7.18288793338911e-05,0.218977254239225,0.0536592851419721,0,NaN
3.44914018052971e-05,0.0762278934394899,0.32593852024376,0,NaN
0.000264448494524732,0.0394136937720218,0.381310133274841,0,NaN
0.00171712780213535,0.0675384583749342,0.361747021121998,1,23.78
0.00222767822607027,0.22473978940258,0.439216934462928,0,NaN
0.000193112580890582,0.327302435380225,0.490781032435201,0,NaN
0.000298118959746611,0.317242062720847,0.158275299595705,0,NaN
0.000165455315597113,0.163034130970038,0.363961825864431,0,NaN
0.00280223704038985,0.35097334402739,0.173782536146762,1,30.84
4.03725471573027e-05,0.206545711392342,0.492410514081831,0,NaN
4.14626221344069e-05,0.0299663076594078,0.295413380848235,0,NaN
6.57145134759204e-05,0.201891511431026,0.365112170030427,0,NaN
1.52472719091638e-05,0.149378590878386,0.0671978878134694,0,NaN
1.40583592735094e-05,0.143295718592506,0.459221164626138,0,NaN
0.00159930727408267,0.316560052124845,0.328611397852402,1,49.32
0.00198285423161469,0.223896550044009,0.0553288560649958,0,NaN
0.00772179470823318,0.148465429404973,0.291106335057364,1,15.7
1.09896669344278e-05,0.36991100104961,0.297912070208725,0,NaN
0.00621371911146489,0.0258878470799641,0.249057589643825,0,NaN
0.000951109285877961,0.285201360810809,0.0631148652116242,1,65.46
4.51976497417851e-05,0.296321067543779,0.487637876288814,0,NaN
0.00171565195570432,0.0316904153412591,0.198313065992948,0,NaN
8.34808255993583e-05,0.181712450946904,0.297603890099286,0,NaN
0.00365525901391664,0.491317724258619,0.123692954584806,1,87.46
0.000970825394059603,0.289932448991405,0.187814218770696,1,33.64
0.00233950031127793,0.442530090701044,0.0631389558771127,0,NaN
0.000953616156534252,0.415912948299047,0.0103718356409733,0,NaN
1.84470844398393e-05,0.158877984998443,0.057865665999039,0,NaN
0.000566026698574646,0.265971005746825,0.302771278242524,0,NaN
0.000475124598987379,0.0160080934897572,0.446462738059295,0,NaN
0.00443279870131157,0.237507097530912,0.229520042827202,1,28.39
1.0109344846548e-05,0.3136086309703,0.34738403095424,0,NaN
0.000774017593616204,0.461132526359919,0.327380071932947,0,NaN
0.000115170932738175,0.0489512895536852,0.10021597117105,0,NaN
0.000129797229298977,0.210110958930764,0.415899959022201,0,NaN
0.000188074525616505,0.190546045761938,0.441139968852153,0,NaN
3.01376956017111e-05,0.101103853473523,0.491650408216795,0,NaN
0.00698278895104675,0.160038399773009,0.0218615593669027,0,NaN
3.47530555283029e-05,0.0916533753704472,0.22576886408266,0,NaN
0.000182886430942118,0.230211585074488,0.175975552187002,0,NaN
0.00511349209456191,0.456331302038217,0.116158082005605,0,NaN
0.0014281165288286,0.210457822973941,0.490328634162608,0,NaN
0.00455820980861657,0.349393448987884,0.0551374044756838,0,NaN
0.00042027651733746,0.2333196745038,0.192558587809124,0,NaN
5.01633250053584e-05,0.408522129256611,0.143138028983391,0,NaN
0.00962125176861079,0.0386695010767773,0.0920966067876276,0,NaN
1.32772647847868e-05,0.372620032723213,0.0807602367044478,0,NaN
6.54007810435348e-05,0.143521148981587,0.0870251502214587,0,NaN
2.20963194473645e-05,0.26507525884474,0.111452771893438,0,NaN
0.000227284688130232,0.0748806256859812,0.37694146298692,0,NaN
0.00179278700582924,0.37539928619036,0.387922053987713,0,NaN
0.00214101177597564,0.498258805032174,0.0254194447847062,0,NaN
0.000223527244600864,0.0237121482753959,0.474787713639566,0,NaN
0.000594932968618421,0.38304446798249,0.196931302020088,1,66.6
0.0076166069046161,0.350409704282697,0.373329874833445,1,14.09
0.000540955858994306,0.498974311456621,0.142357079319411,1,65.62
3.59775991395461e-05,0.380461908993944,0.0940635822018445,0,NaN
0.00608100464186554,0.278501011977454,0.22382546644443,1,37.11
1.1087000658103e-05,0.168466597988096,0.234813503853109,0,NaN
1.53139165954843e-05,0.119259893207332,0.238208338590735,0,NaN
2.70417638917464e-05,0.448450462067263,0.40276528123316,0,NaN
8.81331489150541e-05,0.0485340127255244,0.428724576746246,0,NaN
0.00424431333942292,0.35693889343833,0.221801303203005,0,NaN
0.00480138460019086,0.171944775874443,0.261117301445676,1,17.11
0.00049344216908018,0.165396151553864,0.180656467980836,1,60.71
0.000223891989747514,0.174501369574789,0.0919292742613256,1,59.87
3.30887782339427e-05,0.479484345068665,0.24323732646189,0,NaN
0.00746244598796344,0.175670598885885,0.0982755309647049,0,NaN
1.35432513727681e-05,0.438611261047827,0.0581876684782206,0,NaN
0.00468549377378457,0.44888802882876,0.0578632995141004,0,NaN
0.000242132529923147,0.117218376851964,0.0513080226589395,1,44.48
0.00278190386605358,0.0834382460300609,0.0982005639881325,0,NaN
2.04877519527386e-05,0.343197306148961,0.0544998491469839,0,NaN
0.00417338903261698,0.417961191147121,0.176156505402675,1,45.98
0.00124491355091299,0.393298655114669,0.112093469195659,1,33.96
0.00325998080747094,0.221635793128704,0.161203193934567,1,29.03
0.000697895267117672,0.0627193430740764,0.491235412847989,0,NaN
0.000148438568451361,0.20271535819531,0.095639571282507,0,NaN
1.99518288542334e-05,0.185066301304708,0.156053633234304,0,NaN
1.08217872576548e-05,0.076122208159024,0.109656158518574,0,NaN
0.00297594268376403,0.0265610519703297,0.0500023459751428,0,NaN
0.0021567735086059,0.0866328432087155,0.406701257835765,1,23.05
4.74752579639446e-05,0.41970598764583,0.474492348443165,0,NaN
0.000281476101293994,0.270846791539569,0.248133065973795,0,NaN
0.00201688411202176,0.288470801061082,0.483818496796641,0,NaN
1.6134597785558e-05,0.179377216089009,0.429087908700949,0,NaN
4.09654499279032e-05,0.25242273483597,0.330461554676236,0,NaN
0.0021611942419512,0.0212896322242214,0.122701629704101,0,NaN
0.00178573810009177,0.381044472114872,0.327433516037073,0,NaN
2.42187661490986e-05,0.0674398321711414,0.164116605960886,0,NaN
0.000893752303554267,0.0296320334519433,0.438007970356357,0,NaN
0.000156142814652537,0.120234719990319,0.313774468728121,0,NaN
0.00146330576595606,0.137345379467303,0.343011012930665,0,NaN
0.000106285535271086,0.344611118170623,0.220682677259168,0,NaN
1.04184527907182e-05,0.0608021832659227,0.267372741848768,0,NaN
0.0011445108813997,0.0271962902335437,0.480076758365714,0,NaN
7.07903909943472e-05,0.215570914351052,0.338783348088597,0,NaN
0.00183550550823851,0.332736386574243,0.180577196028908,1,20.96
0.000285278303998486,0.154678582526047,0.275118204193376,0,NaN
0.00152045483004528,0.18511174278546,0.0713397897939849,1,35.93
0.00471253046629402,0.115314413962265,0.40942545393634,1,6.31
0.00624127324840613,0.324498440633031,0.187450439394165,1,66.53
0.0018603831639773,0.226506987315568,0.260755096525289,1,13.81
0.000607413643294996,0.208847090404002,0.0397929082316502,1,94.99
1.47773388543132e-05,0.355384392061915,0.464780087427392,0,NaN
0.00259883835283635,0.481807168501541,0.0526968930603083,0,NaN
0.0026077123445127,0.0711795271581822,0.204332310703568,0,NaN
0.00686251481629099,0.202437672109044,0.483861050459024,0,NaN
0.000499833973708302,0.36327545485297,0.139574476483741,1,46.19
0.00316984989742073,0.254393555406125,0.211268242807185,1,30.59
1.36691508276401e-05,0.13455896130613,0.219729830804497,0,NaN
0.000260257659987247,0.0256483697057777,0.144690935498942,1,86.15
0.00147029755268724,0.165594261248211,0.22420027937813,0,NaN
3.58139614928998e-05,0.260542001897707,0.490336330796112,0,NaN
0.00228467497333756,0.111466673600177,0.0462149933809475,0,NaN
0.00387528599334996,0.278523139437181,0.354149398258371,0,NaN
3.01846651224431e-05,0.120436422759634,0.0683351124740483,0,NaN
7.54338445368084e-05,0.338510520967404,0.416349128138591,0,NaN
0.000308548146986876,0.244579584274169,0.317282608334582,0,NaN
7.27789662381027e-05,0.40920621243754,0.223375696322822,0,NaN
0.00304352286450258,0.0967989404184079,0.199455252590441,1,16.89
0.000362377719562243,0.0789168734512105,0.464960314227631,0,NaN
2.7282707744776e-05,0.411854572977376,0.144691214748937,0,NaN
1.10989445619965e-05,0.215096603181245,0.437390172721541,0,NaN
0.00334448288405896,0.081880163954824,0.212105713909008,1,17.97
3.06339468302827e-05,0.339776265297229,0.0560033510855479,0,NaN
6.0381666008774e-05,0.0603004955837803,0.235201623914198,0,NaN
0.00014432149695687,0.344722609830727,0.32812087727404,0,NaN
0.00020797112771868,0.325048901538177,0.239100498632511,0,NaN
3.15629292843256e-05,0.134744246857562,0.0728040637939579,0,NaN
0.000207514475397919,0.1159369833602,0.323385105532842,0,NaN
0.00486044054230791,0.0440468204128885,0.271159567017212,0,NaN
0.000432810326820955,0.242861737757846,0.361958901210516,0,NaN
0.00645149357933659,0.247627732118497,0.260714971618284,1,21.53
0.00129647022253358,0.176733661235562,0.0242150891207833,0,NaN
0.000317916750423492,0.0157064578403035,0.354426349415554,0,NaN
0.000869041457792804,0.215109061330885,0.148848566486479,1,18.19
0.000130314527449347,0.490200576915952,0.0507143888929286,0,NaN
0.000110615021720133,0.0550687102872565,0.491310776326377,0,NaN
0.00811220022533194,0.263915023298102,0.203833429650911,0,NaN
0.00775814257935738,0.0686530659885701,0.317628356833337,1,29.34
0.000281384254928338,0.448470998753296,0.164890713435041,0,NaN
5.60028467010688e-05,0.300386485296523,0.362689135989349,0,NaN
2.28884915074314e-05,0.475972707665738,0.0604804028953277,0,NaN
0.000543910188766874,0.0595975687429434,0.121210876583965,1,54.05
0.000111695614841343,0.270676312753991,0.421099564601663,0,NaN
0.000647357031643683,0.180199200357222,0.495149802153191,0,NaN
1.17498036323375e-05,0.341678826669882,0.341003710828921,0,NaN
9.98934090204493e-05,0.0835626077276178,0.147123930827092,0,NaN
0.000595007952329369,0.396474692068734,0.175377535356585,0,NaN
3.34377791143102e-05,0.391082310692501,0.208392596706885,0,NaN
0.00601309600367396,0.457921596093796,0.432032861712362,0,NaN
0.000296209271233624,0.16175171837086,0.178142771631297,0,NaN
2.31858694872306e-05,0.285995259582936,0.134106076326432,0,NaN
0.00654417201920634,0.440402730293952,0.491217200105688,1,16.18
1.30275693711925e-05,0.258278446043669,0.474909271768555,0,NaN
0.000218168874080545,0.102893463151911,0.0533041703146155,1,49.34
0.00456096867751507,0.181175255607116,0.192303773737767,1,22.5
0.000140798323019746,0.076029294206669,0.23510135082662,0,NaN
1.02780063085964e-05,0.423370388572247,0.473115297001268,0,NaN
0.00147068811692391,0.013267199975842,0.0723852867825043,0,NaN
2.89233310200809e-05,0.170841817625116,0.169191142932131,0,NaN
9.67478048123858e-05,0.4721522429644,0.273042243088963,0,NaN
2.50312440690689e-05,0.47746881482424,0.213177955125984,0,NaN
0.000297513139093118,0.0356344262403254,0.38355531473635,0,NaN
0.000564581922505065,0.403486053116072,0.0918856575456847,1,29.11
1.9247810639257e-05,0.182395856263685,0.0522236462971292,0,NaN
0.000135340599554905,0.320380776885067,0.0960763277392798,0,NaN
0.00417037597128563,0.133481898318508,0.117580358691782,0,NaN
4.08055927508024e-05,0.351193255407612,0.27357706318622,0,NaN
2.0485280503506e-05,0.470748423242159,0.493194278489946,0,NaN
0.000159888426305751,0.273534556265479,0.380837281332199,0,NaN
7.49062559036595e-05,0.213159623104171,0.269122791532071,0,NaN
8.53832428572017e-05,0.125731852719532,0.361422940581637,0,NaN
4.73429877671925e-05,0.479580628353911,0.243372486353243,0,NaN
0.000189716143458688,0.381008968092917,0.297228074281713,0,NaN
0.00127237170368124,0.114009054451497,0.227822288566548,1,22.02
0.00450675566932921,0.24163102718924,0.416178629890497,1,10.45
0.000105877706998962,0.048105787322916,0.494285922352034,0,NaN
